-2.21039e-18,2.26236e-35,-1.56003e-17,1.49925,2,2.00296,0.0349618,2.00266,-0.0261178,-1.49606,0,0,0.0349618,2.00266,-0.692921,2.01241,0.00296021,1,0.0667
0.00455995,1.92122e-05,0.0063365,1.49925,2,2.00288,0.0268304,2.00277,-0.0120785,-1.49626,0,0,0.0268304,2.00277,-0.702832,2.01293,0.0028789,1,0.1334
0.0191085,0.000213859,0.0192763,1.49925,2,2.00268,0.050415,2.00265,-0.00428635,-1.49618,0,0,0.050415,2.00265,-0.679166,2.01622,0.00267601,1,0.2001
0.0436475,0.000938133,0.0388194,1.49925,2,2.0019,0.0707587,2.00266,0.0233693,-1.49627,0,0,0.0707587,2.00266,0.838177,1.98982,0.00190258,1,0.1334
0.0781601,0.00253812,0.052693,1.49925,2,2.00016,0.112407,2.00241,0.0524927,-1.49633,0,0,0.112407,2.00241,0.878458,1.98523,0.000160933,1,0.0667
0.122638,0.00506675,0.06003,1.49925,2,1.99741,0.177039,2.00174,0.0817345,-1.49622,0,0,0.177039,2.00174,-0.550907,2.02519,-0.00258958,1,2.22045e-17
0.177087,0.00838061,0.0608304,1.49925,2,1.99377,0.229794,2.00145,0.137289,-1.49657,0,0,0.229794,2.00145,-0.497069,2.02496,-0.00622988,1,-0.0667
0.241529,0.0121214,0.0547607,1.49925,2,1.98969,0.271483,2.00158,0.218803,-1.49727,0,0,0.271483,2.00158,1.03286,1.98433,-0.0103132,1,-0.1334
0.315991,0.0157277,0.0418876,1.49925,2,1.98575,0.336791,2.00137,0.300138,-1.49769,0,0,0.336791,2.00137,1.09733,1.98915,-0.0142454,1,-0.2001
0.400496,0.0184391,0.0222778,1.49925,2,1.98273,0.42554,2.00101,0.381341,-1.49796,0,0,0.42554,2.00101,-0.297693,2.0148,-0.0172678,1,-0.2668
0.495039,0.0192986,-0.004002,1.49925,2,1.98177,0.502976,2.00105,0.488963,-1.49817,0,0,0.502976,2.00105,1.261,1.99106,-0.0182296,1,-0.4002
0.594996,0.0170003,-0.0429548,1.49925,2,1.98424,0.610971,2.00118,0.582799,-1.49796,0,0,0.610971,2.00118,-0.112234,2.00988,-0.0157578,1,-0.5336
0.694756,0.0102391,-0.0941804,1.49925,2,1.9914,0.70853,2.00159,0.684327,-1.49758,0,0,0.70853,2.00159,-0.0163928,2.00697,-0.00860298,1,-0.5336
0.794015,-0.00181612,-0.14754,1.49925,2,2.00434,0.774901,2.00243,0.808271,-1.49666,0,0,0.774901,2.00243,1.54089,2.00074,0.00433826,1,-0.4002
0.892587,-0.0186167,-0.188894,1.49925,2,2.02263,0.886338,2.004,0.897148,-1.49523,0,0,0.886338,2.004,0.151119,1.99913,0.0226257,1,-0.2668
0.99053,-0.038778,-0.216375,1.49925,2,2.04467,0.96903,2.00578,1.00583,-1.49328,0,0,0.96903,2.00578,0.225153,1.99721,0.0446718,1,-0.1334
1.08804,-0.0609612,-0.230382,1.49925,2,2.0698,1.05914,2.00864,1.10799,-1.49027,0,0,1.05914,2.00864,0.30481,2.00091,0.0698016,1,-2.22045e-17
1.18538,-0.0838595,-0.231049,1.49925,2,2.09499,1.15753,2.01094,1.20405,-1.488,0,0,1.15753,2.01094,0.39426,2.00298,0.0949869,1,0.1334
1.28286,-0.106185,-0.218509,1.49925,2,2.11953,1.26509,2.01327,1.29442,-1.48586,0,0,1.26509,2.01327,0.49507,2.00307,0.119527,1,0.2668
1.38074,-0.126621,-0.192496,1.49925,2,2.14198,1.38184,2.01535,1.38005,-1.4839,0,0,1.38184,2.01535,0.604964,2.00822,0.141976,1,0.4002
1.47924,-0.14386,-0.153277,1.49925,2,2.1612,1.47103,2.01732,1.48432,-1.4819,0,0,1.47103,2.01732,0.684934,2.01294,0.161198,1,0.5336
1.57842,-0.156561,-0.100717,1.49925,2,2.17543,1.56972,2.01885,1.58371,-1.48037,0,0,1.56972,2.01885,0.77583,2.02138,0.17543,1,0.667
1.67816,-0.163542,-0.0368184,1.49925,2,2.18359,1.68234,2.02004,1.67564,-1.4792,0,0,1.68234,2.02004,0.887852,2.0208,0.18359,1,0.667
1.77814,-0.163889,0.0298816,1.49925,2,2.18422,1.78912,2.0203,1.77152,-1.4789,0,0,1.78912,2.0203,0.993028,2.02739,0.184218,1,0.667
1.87792,-0.157571,0.0965816,1.49925,2,2.17784,1.93365,2.01956,1.8441,-1.47855,0,0,1.93365,2.01956,1.14353,2.03302,0.177842,1,0.667
1.97706,-0.144617,0.163282,1.49925,2,2.16341,2.07689,2.01648,1.91542,-1.47904,0,0,2.07689,2.01648,1.29624,2.03384,0.163406,1,0.667
2.07511,-0.125084,0.229982,1.49925,2,2.14225,2.14327,2.01609,2.03194,-1.48139,0,0,2.14327,2.01609,1.36328,2.04292,0.142254,1,0.667
2.17165,-0.0990585,0.296682,1.49925,2,2.1144,2.24549,2.01405,2.12328,-1.48306,0,0,2.24549,2.01405,1.47691,2.03933,0.114402,1,0.667
2.26623,-0.0666572,0.363382,1.49925,2,2.07969,2.34534,2.01153,2.21224,-1.48519,0,0,2.34534,2.01153,3.14106,1.97645,0.0796936,1,0.5336
2.35869,-0.0285889,0.417275,1.49925,2,2.03851,2.46865,2.00695,2.2799,-1.4872,0,0,2.46865,2.00695,1.72947,2.04137,0.0385094,1,0.4002
2.44925,0.0138154,0.457962,1.49925,2,1.9926,2.54522,2.0041,2.37668,-1.49109,0,0,2.54522,2.0041,3.30746,1.96325,-0.00739884,1,0.2668
2.53831,0.0592879,0.485443,1.49925,2,1.94313,2.64631,1.99942,2.45181,-1.49443,0,0,2.64631,1.99942,3.38838,1.952,-0.0568682,1,0.1334
2.62641,0.106594,0.49945,1.49925,2,1.89168,2.73806,1.99498,2.53152,-1.49817,0,0,2.73806,1.99498,3.46147,1.94887,-0.108316,1,2.22045e-17
2.71416,0.154556,0.50025,1.49925,2,1.8394,2.82126,1.99083,2.61751,-1.50248,0,0,2.82126,1.99083,3.52441,1.94591,-0.160602,1,-0.1334
2.80219,0.201991,0.487577,1.49925,2,1.78779,2.89775,1.98722,2.71071,-1.50702,0,0,2.89775,1.98722,3.57975,1.94318,-0.212211,1,-0.2668
2.89112,0.247714,0.461564,1.49925,2,1.73809,2.99888,1.98246,2.78193,-1.51006,0,0,2.99888,1.98246,2.36817,2.01935,-0.261914,1,-0.4002
2.98149,0.290515,0.422344,1.49925,2,1.69111,3.06415,1.9796,2.89311,-1.51547,0,0,3.06415,1.9796,2.44945,2.00942,-0.308892,1,-0.5336
3.07372,0.329136,0.369918,1.49925,2,1.64751,3.15435,1.97467,2.98309,-1.52039,0,0,3.15435,1.97467,2.5543,2.00766,-0.352493,1,-0.667
3.16807,0.362204,0.303752,1.49925,2,1.61071,3.24104,1.97126,3.08252,-1.5244,3.08252,-1.5244,3.24104,1.97126,2.65606,1.99568,-0.38929,2,-0.667
3.26442,0.388911,0.237052,1.49925,2,1.58087,3.33112,1.96837,3.18348,-1.52776,3.08252,-1.5244,3.33112,1.96837,2.75604,1.9933,-0.419133,1,-0.667
3.36234,0.409137,0.170352,1.49925,2,1.55813,3.42323,1.96607,3.28648,-1.5305,3.28648,-1.5305,3.42323,1.96607,2.85841,1.98242,-0.441872,2,-0.667
3.46138,0.422792,0.103652,1.49925,2,1.54266,3.48996,1.96519,3.42514,-1.53346,3.28648,-1.5305,3.48996,1.96519,2.92725,1.97943,-0.457338,1,-0.667
3.56112,0.429815,0.0369518,1.49925,2,1.53455,3.58476,1.96419,3.53084,-1.53465,3.53084,-1.53465,3.58476,1.96419,3.02513,1.97615,-0.465446,2,-0.667
3.6611,0.430175,-0.0297482,1.49925,2,1.53382,3.67996,1.96388,3.63693,-1.53511,3.53084,-1.53465,3.67996,1.96388,3.12166,1.97096,-0.466184,1,-0.667
3.76088,0.423871,-0.0964482,1.49925,2,1.5403,3.77502,1.9641,3.74289,-1.535,3.74289,-1.535,3.77502,1.9641,3.21583,1.96527,-0.459702,2,-0.667
3.86002,0.41093,-0.163148,1.49925,2,1.55413,3.86945,1.96503,3.84821,-1.53416,3.74289,-1.535,3.86945,1.96503,3.3052,1.96455,-0.445874,1,-0.667
3.95808,0.39141,-0.229848,1.49925,2,1.57482,3.93525,1.96606,3.98597,-1.53282,3.74289,-1.535,3.93525,1.96606,3.36006,1.96318,-0.425181,1,-0.667
4.05461,0.365398,-0.296548,1.49925,2,1.60263,4.0264,1.96778,4.08801,-1.53092,3.74289,-1.535,4.0264,1.96778,3.44177,1.96117,-0.397366,1,-0.5336
4.1494,0.333577,-0.350575,1.49925,2,1.64011,4.00893,1.96766,4.30864,-1.51874,4.30864,-1.51874,4.00893,1.96766,4.62484,1.98222,-0.359894,2,-0.4002
4.24258,0.297291,-0.391396,1.49925,2,1.67961,4.19643,1.97626,4.29258,-1.52167,4.30864,-1.51874,4.19643,1.97626,3.58596,1.95788,-0.317977,2,-0.2668
4.33447,0.257855,-0.418743,1.49925,2,1.72259,4.27413,1.97939,4.39672,-1.51771,4.30864,-1.51874,4.27413,1.97939,3.6478,1.95677,-0.277528,2,-0.1334
4.42553,0.216526,-0.43275,1.49925,2,1.76763,4.38836,1.98376,4.46195,-1.51471,4.30864,-1.51874,4.38836,1.98376,3.74916,1.95985,-0.239944,2,-2.22045e-17
4.51629,0.17453,-0.433417,1.49925,2,1.8135,4.44772,1.98673,4.58003,-1.51002,4.30864,-1.51874,4.44772,1.98673,3.78822,1.96154,-0.186503,1,0.1334
4.60729,0.133069,-0.420877,1.49925,2,1.85875,4.54613,1.99082,4.66126,-1.50654,4.30864,-1.51874,4.54613,1.99082,3.87089,1.96627,-0.141245,1,0.2668
4.69906,0.0933636,-0.394997,1.49925,2,1.90204,4.65365,1.99486,4.7372,-1.50339,4.30864,-1.51874,4.65365,1.99486,3.96347,1.97344,-0.0979568,1,0.4002
4.79208,0.0566677,-0.355778,1.49925,2,1.94241,4.73733,1.99831,4.83596,-1.49955,4.30864,-1.51874,4.73733,1.99831,4.02971,1.98071,-0.0575867,1,0.5336
4.88668,0.0242791,-0.303218,1.49925,2,1.97834,4.83052,2.00182,4.92985,-1.49602,4.30864,-1.51874,4.83052,2.00182,5.58686,2.01551,-0.0216634,1,0.667
4.98302,-0.00243904,-0.237185,1.49925,2,2.00829,4.96865,2.0058,4.99369,-1.49336,4.30864,-1.51874,4.96865,2.0058,4.23897,1.99717,0.00829411,1,0.667
5.08093,-0.022678,-0.170485,1.49925,2,2.02998,5.10815,2.00712,5.06123,-1.49182,4.30864,-1.51874,5.10815,2.00712,4.37421,2.00315,0.0299764,1,0.667
5.17998,-0.036346,-0.103785,1.49925,2,2.0447,5.17807,2.00835,5.18133,-1.4909,4.30864,-1.51874,5.17807,2.00835,4.43214,2.01238,0.0447004,1,0.667
5.27971,-0.0433824,-0.0370852,1.49925,2,2.05296,5.28419,2.00957,5.27656,-1.48967,4.30864,-1.51874,5.28419,2.00957,4.53644,2.01269,0.0529616,1,0.667
5.37969,-0.0437558,0.0296148,1.49925,2,2.05363,5.39056,2.00984,5.37204,-1.48936,4.30864,-1.51874,5.39056,2.00984,6.17739,2.00188,0.0536275,1,0.667
5.47947,-0.0374647,0.0963148,1.49925,2,2.04728,5.53241,2.00913,5.44193,-1.48895,4.30864,-1.51874,5.53241,2.00913,4.78918,2.02343,0.0472834,1,0.667
5.57862,-0.0245369,0.163015,1.49925,2,2.03339,5.63752,2.008,5.53615,-1.48978,4.30864,-1.51874,5.63752,2.008,4.89975,2.02336,0.0333924,1,0.5336
5.6768,-0.005607,0.217175,1.49925,2,2.01292,5.73149,2.00657,5.63641,-1.49139,4.30864,-1.51874,5.73149,2.00657,6.5012,1.9791,0.0129206,1,0.4002
5.77397,0.0179636,0.257996,1.49925,2,1.98721,5.85088,2.00369,5.71545,-1.49294,4.30864,-1.51874,5.85088,2.00369,5.1264,2.0371,-0.0127857,1,0.2668
5.87028,0.0448633,0.285743,1.49925,2,1.95787,5.96006,2.00067,5.7996,-1.4949,4.30864,-1.51874,5.96006,2.00067,5.25063,2.02561,-0.0421312,1,0.1334
5.96601,0.0737757,0.300017,1.49925,2,1.92613,6.02686,1.99895,5.91631,-1.49856,4.30864,-1.51874,6.02686,1.99895,6.76234,1.96719,-0.0738682,1,2.22045e-17
6.06152,0.103404,0.300817,1.49925,2,1.89293,6.18581,1.99225,5.95605,-1.49945,4.30864,-1.51874,6.18581,1.99225,5.50308,2.02116,-0.107072,1,-0.1334
6.15721,0.132458,0.288144,1.49925,2,1.86071,6.23807,1.99141,6.086,-1.50454,4.30864,-1.51874,6.23807,1.99141,5.56281,2.01656,-0.139291,1,-0.2668
6.25343,0.159668,0.262264,1.49925,2,1.83083,6.3484,1.98803,6.16688,-1.5065,4.30864,-1.51874,6.3484,1.98803,5.6836,2.02043,-0.169168,1,-0.4002
6.35048,0.183743,0.223178,1.49925,2,1.8041,6.42015,1.9865,6.28503,-1.51014,4.30864,-1.51874,6.42015,1.9865,5.76383,2.01236,-0.195897,1,-0.5336
6.44853,0.203364,0.170885,1.49925,2,1.78213,6.51722,1.98417,6.38234,-1.51248,4.30864,-1.51874,6.51722,1.98417,5.87112,2.00275,-0.217873,1,-0.667
6.54755,0.217137,0.104852,1.49925,2,1.76651,6.57815,1.98338,6.51754,-1.51534,4.30864,-1.51874,6.57815,1.98338,7.2545,1.96755,-0.233487,1,-0.667
6.64728,0.224279,0.0381524,1.49925,2,1.75825,6.67226,1.98235,6.62254,-1.51655,4.30864,-1.51874,6.67226,1.98235,7.34462,1.9665,-0.241753,1,-0.667
6.74726,0.22476,-0.0285476,1.49925,2,1.75731,6.76676,1.98196,6.72793,-1.51708,4.30864,-1.51874,6.76676,1.98196,6.12671,1.99043,-0.242693,1,-0.667
6.84705,0.218575,-0.0952476,1.49925,2,1.76362,6.86113,1.98214,6.83319,-1.517,4.30864,-1.51874,6.86113,1.98214,6.22047,1.9838,-0.236377,1,-0.667
6.94621,0.205753,-0.161948,1.49925,2,1.77728,6.95486,1.98301,6.93782,-1.5162,4.30864,-1.51874,6.95486,1.98301,6.30919,1.98282,-0.22272,1,-0.667
7.04429,0.186351,-0.228648,1.49925,2,1.79692,7.11016,1.98206,6.98189,-1.51484,6.98189,-1.51484,7.11016,1.98206,6.4649,1.98023,-0.203082,2,-0.667
7.14086,0.160454,-0.295348,1.49925,2,1.82318,7.10657,1.98331,7.17238,-1.51532,6.98189,-1.51484,7.10657,1.98331,7.80454,1.99164,-0.176819,1,-0.667
7.23549,0.128179,-0.362048,1.49925,2,1.85773,7.19476,1.98546,7.27147,-1.51295,6.98189,-1.51484,7.19476,1.98546,6.51625,1.9771,-0.142273,1,-0.5336
7.32798,0.0902109,-0.416208,1.49925,2,1.89882,7.28978,1.98864,7.36019,-1.5099,6.98189,-1.51484,7.28978,1.98864,6.59986,1.972,-0.101182,1,-0.4002
7.41858,0.0478919,-0.457028,1.49925,2,1.94457,7.35702,1.99149,7.4678,-1.50601,6.98189,-1.51484,7.35702,1.99149,6.64706,1.97546,-0.0554259,1,-0.2668
7.50767,0.00248052,-0.484776,1.49925,2,1.99391,7.43029,1.99489,7.5661,-1.50173,6.98189,-1.51484,7.43029,1.99489,6.70356,1.97051,-0.00609303,1,-0.1334
7.59581,-0.0447665,-0.498783,1.49925,2,2.04522,7.50939,1.99863,7.65724,-1.4975,6.98189,-1.51484,7.50939,1.99863,8.29118,2.02409,0.045223,1,-2.22045e-17
7.68359,-0.0926593,-0.49945,1.49925,2,2.09737,7.59637,2.0029,7.74189,-1.49333,6.98189,-1.51484,7.59637,2.0029,8.39832,2.02908,0.0973699,1,0.1334
7.77165,-0.140046,-0.487043,1.49925,2,2.14895,7.69312,2.00747,7.821,-1.48944,6.98189,-1.51484,7.69312,2.00747,6.91079,1.98061,0.148952,1,0.2668
7.8606,-0.185732,-0.461164,1.49925,2,2.19855,7.80009,2.01199,7.8964,-1.48594,6.98189,-1.51484,7.80009,2.01199,6.99923,1.99239,0.198554,1,0.4002
7.95099,-0.228498,-0.421944,1.49925,2,2.24542,7.87951,2.01579,7.9909,-1.48169,6.98189,-1.51484,7.87951,2.01579,7.06266,1.98976,0.245423,1,0.5336
8.04322,-0.267116,-0.369918,1.49925,2,2.28821,7.97114,2.01996,8.08136,-1.47756,6.98189,-1.51484,7.97114,2.01996,8.84533,2.03691,0.288209,1,0.667
8.13756,-0.300208,-0.304019,1.49925,2,2.32588,8.03283,2.02331,8.1904,-1.47239,6.98189,-1.51484,8.03283,2.02331,8.91814,2.04369,0.325877,1,0.667
8.23391,-0.32694,-0.237319,1.49925,2,2.35595,8.21736,2.02895,8.24194,-1.47021,6.98189,-1.51484,8.21736,2.02895,7.3617,2.01803,0.35595,1,0.667
8.33181,-0.347192,-0.170619,1.49925,2,2.37854,8.32251,2.03133,8.3362,-1.4679,6.98189,-1.51484,8.32251,2.03133,7.4563,2.0293,0.378537,1,0.667
8.43085,-0.360874,-0.103919,1.49925,2,2.39396,8.42894,2.03309,8.43174,-1.46616,6.98189,-1.51484,8.42894,2.03309,7.55663,2.03508,0.39396,1,0.667
8.53059,-0.367923,-0.0372186,1.49925,2,2.40222,8.53615,2.03429,8.52805,-1.46495,6.98189,-1.51484,8.53615,2.03429,7.66221,2.0352,0.402221,1,0.667
8.63057,-0.36831,0.0294814,1.49925,2,2.40284,8.64361,2.0345,8.62462,-1.4647,6.98189,-1.51484,8.64361,2.0345,7.76794,2.04237,0.402844,1,0.667
8.73035,-0.362032,0.0961814,1.49925,2,2.39649,8.79264,2.03365,8.70169,-1.46442,6.98189,-1.51484,8.79264,2.03365,7.92359,2.04763,0.396487,1,0.667
8.8295,-0.349118,0.162881,1.49925,2,2.38254,8.89884,2.03242,8.797,-1.46535,6.98189,-1.51484,8.89884,2.03242,8.03534,2.04766,0.382545,1,0.667
8.92756,-0.329624,0.229581,1.49925,2,2.36169,9.00364,2.03084,8.89091,-1.46659,6.98189,-1.51484,9.00364,2.03084,8.14445,2.05869,0.361694,1,0.667
9.0241,-0.303637,0.296281,1.49925,2,2.33383,9.10655,2.02873,8.98293,-1.46833,6.98189,-1.51484,9.10655,2.02873,8.25851,2.05605,0.333827,1,0.667
9.1187,-0.271274,0.362981,1.49925,2,2.29648,9.28701,2.01903,9.03055,-1.47081,6.98189,-1.51484,9.28701,2.01903,8.45813,2.06359,0.29648,1,0.5336
9.21116,-0.233196,0.417409,1.49925,2,2.25465,9.33247,2.01819,9.14419,-1.47599,6.98189,-1.51484,9.33247,2.01819,8.51406,2.05897,0.254653,1,0.4002
9.30171,-0.19078,0.458096,1.49925,2,2.20874,9.4078,2.01541,9.23972,-1.4798,6.98189,-1.51484,9.4078,2.01541,10.2529,1.97068,0.208738,1,0.2668
9.39076,-0.145284,0.485709,1.49925,2,2.15917,9.5102,2.01058,9.31663,-1.48331,6.98189,-1.51484,9.5102,2.01058,8.72265,2.06356,0.159174,1,0.1334
9.47885,-0.0979551,0.499716,1.49925,2,2.10764,9.60269,2.00604,9.39708,-1.48717,6.98189,-1.51484,9.60269,2.00604,8.83398,2.06088,0.107635,1,2.22045e-17
9.56656,-0.0499368,0.500917,1.49925,2,2.05526,9.68486,2.00192,9.48345,-1.49153,6.98189,-1.51484,9.68486,2.00192,8.93484,2.05567,0.0552649,1,-0.1334
9.65456,-0.00243195,0.488377,1.49925,2,2.00357,9.76005,1.99836,9.57581,-1.49604,6.98189,-1.51484,9.76005,1.99836,9.02828,2.04835,0.00357199,1,-0.2668
9.74344,0.043395,0.462765,1.49925,2,1.95369,9.86222,1.99347,9.64947,-1.49931,6.98189,-1.51484,9.86222,1.99347,9.15187,2.03867,-0.0463094,1,-0.4002
9.83374,0.0863387,0.423945,1.49925,2,1.90663,9.92388,1.99084,9.75844,-1.5045,6.98189,-1.51484,9.92388,1.99084,9.2293,2.02815,-0.0933712,1,-0.5336
9.9259,0.125118,0.371652,1.49925,2,1.86364,10.0139,1.98668,9.84868,-1.50866,6.98189,-1.51484,10.0139,1.98668,9.33486,2.02343,-0.136357,1,-0.667
10.0202,0.158374,0.305753,1.49925,2,1.82658,10.0993,1.98324,9.94776,-1.51273,6.98189,-1.51484,10.0993,1.98324,9.43562,2.01034,-0.173422,1,-0.667
10.1165,0.185274,0.239053,1.49925,2,1.79647,10.1887,1.98029,10.048,-1.51613,6.98189,-1.51484,10.1887,1.98029,9.53488,2.00806,-0.203529,1,-0.667
10.2144,0.205696,0.172353,1.49925,2,1.77429,10.2182,1.97998,10.2106,-1.51926,6.98189,-1.51484,10.2182,1.97998,9.56372,2.00552,-0.225708,1,-0.667
10.3134,0.219549,0.105653,1.49925,2,1.76344,10.2194,1.98049,10.4058,-1.5138,6.98189,-1.51484,10.2194,1.98049,9.55638,1.99832,-0.236558,1,-0.667
10.4131,0.226771,0.0389528,1.49925,2,1.7647,10.2215,1.98104,10.6014,-1.49753,6.98189,-1.51484,10.2215,1.98104,9.54225,1.99409,-0.235299,1,-0.667
10.5131,0.227331,-0.0277472,1.49925,2,1.78242,10.191,1.98041,10.8233,-1.46124,6.98189,-1.51484,10.191,1.98041,9.47611,1.99408,-0.217584,1,-0.667
10.6129,0.221227,-0.0944472,1.49925,2,1.81829,10.1549,1.98089,11.0363,-1.40554,6.98189,-1.51484,10.1549,1.98089,9.39407,1.98873,-0.181713,1,-0.5336
10.7121,0.208961,-0.149808,1.49925,2,1.85408,10.1571,1.97804,11.2045,-1.36079,6.98189,-1.51484,10.1571,1.97804,9.36296,1.97251,-0.145923,1,-0.4002
10.8106,0.191891,-0.191696,1.49925,2,1.89619,10.1616,1.97354,11.3593,-1.31434,6.98189,-1.51484,10.1616,1.97354,9.31911,1.96837,-0.103811,1,-0.2668
10.9085,0.171468,-0.219043,1.49925,2,1.95305,10.1627,1.97651,11.499,-1.25756,6.98189,-1.51484,10.1627,1.97651,9.26685,1.9662,-0.0469521,1,-0.1334
11.006,0.149024,-0.23305,1.49925,2,2.00831,10.1684,1.97437,11.6277,-1.20608,6.98189,-1.51484,10.1684,1.97437,9.20762,1.96966,0.00831461,1,-2.22045e-17
11.1032,0.125866,-0.233717,1.49925,2,2.07782,10.1726,1.98362,11.7399,-1.14501,6.98189,-1.51484,10.1726,1.98362,9.14801,1.97427,0.0778241,1,0.1334
11.2007,0.103269,-0.221311,1.49925,2,2.15187,10.1469,1.97948,11.8604,-1.07152,6.98189,-1.51484,10.1469,1.97948,9.01623,1.98087,0.151866,1,0.2668
11.2985,0.0825707,-0.195164,1.49925,2,2.21354,10.1645,1.98356,11.9572,-1.0216,6.98189,-1.51484,10.1645,1.98356,8.96119,1.98762,0.21354,1,0.4002
11.3969,0.0650694,-0.155945,1.49925,2,2.27685,10.1882,1.99458,12.0459,-0.970851,6.98189,-1.51484,10.1882,1.99458,8.93933,1.98069,0.27685,1,0.5336
11.4961,0.0521034,-0.103385,1.49925,2,2.34871,10.1801,1.99752,12.1407,-0.900877,6.98189,-1.51484,10.1801,1.99752,8.79619,2.0082,0.348714,1,0.667
11.5958,0.0450295,-0.0374854,1.49925,2,2.41747,10.1799,2.00446,12.2294,-0.83179,6.98189,-1.51484,10.1799,2.00446,8.67441,2.02653,0.417467,1,0.667
11.6958,0.0446161,0.0292146,1.49925,2,2.4624,10.2251,2.01958,12.3151,-0.78699,6.98189,-1.51484,10.2251,2.01958,8.66357,2.03841,0.462399,1,0.667
11.7956,0.0508673,0.0959146,1.49925,2,2.52135,10.2262,2.02422,12.4043,-0.714497,6.98189,-1.51484,10.2262,2.02422,8.49271,2.07524,0.521348,1,0.667
11.8947,0.0637554,0.162615,1.49925,2,2.58494,10.2222,2.03471,12.4863,-0.633386,6.98189,-1.51484,10.2222,2.03471,8.34649,2.08624,0.584939,1,0.667
11.9928,0.0832231,0.229315,1.49925,2,2.62153,10.2681,2.05755,12.5702,-0.577808,6.98189,-1.51484,10.2681,2.05755,8.26398,2.13836,0.621527,1,0.667
12.0893,0.109184,0.296015,1.49925,2,2.67607,10.2656,2.06761,12.6503,-0.493238,6.98189,-1.51484,10.2656,2.06761,8.11676,2.13679,0.676075,1,0.667
12.184,0.141522,0.362715,1.49925,2,2.7255,10.2641,2.07607,12.729,-0.407679,6.98189,-1.51484,10.2641,2.07607,7.83569,2.18934,0.725503,1,0.667
12.2762,0.180094,0.429415,1.49925,2,2.7674,10.2989,2.11622,12.7991,-0.331926,6.98189,-1.51484,10.2989,2.11622,7.73832,2.23823,0.767396,1,0.667
12.3657,0.224728,0.496115,1.49925,2,2.80483,10.3002,2.12235,12.877,-0.245082,6.98189,-1.51484,10.3002,2.12235,7.40494,2.28713,0.804833,1,0.667
12.452,0.275226,0.562815,1.49925,2,2.82675,10.3106,2.12053,12.9614,-0.163786,6.98189,-1.51484,10.3106,2.12053,7.02099,2.33319,0.826747,1,0.667
12.5347,0.331363,0.629515,1.49925,2,2.87724,10.3284,2.17819,13.0117,-0.0678871,6.98189,-1.51484,10.3284,2.17819,6.85096,2.39239,0.877243,1,0.667
12.6135,0.392889,0.696215,1.49925,2,2.88195,10.3459,2.17155,13.0992,0.0119051,6.98189,-1.51484,10.3459,2.17155,6.15514,2.50505,0.881946,1,0.667
12.688,0.459531,0.762915,1.49925,2,2.91065,10.3419,2.1822,13.1625,0.111168,6.98189,-1.51484,10.3419,2.1822,5.21507,2.64313,0.91065,1,0.667
12.758,0.530993,0.829615,1.49925,2,2.91505,10.3546,2.1807,13.2396,0.200375,6.98189,-1.51484,10.3546,2.1807,3.90831,2.81419,0.915046,1,0.667
12.823,0.606956,0.896315,1.49925,2,2.93928,10.3761,2.23546,13.2891,0.296706,6.98189,-1.51484,10.3761,2.23546,3.78724,2.80046,0.939281,1,0.667
12.8828,0.687083,0.963015,1.49925,2,2.93633,10.3878,2.23542,13.3611,0.39025,6.98189,-1.51484,10.3878,2.23542,23.0789,-5.64057,0.936325,1,0.667
12.9371,0.771018,1.02971,1.49925,2,2.95183,10.3808,2.24701,13.4112,0.497292,6.98189,-1.51484,10.3808,2.24701,23.3292,-5.22932,0.95183,1,0.667
12.9857,0.858386,1.09641,1.49925,2,2.94317,10.3914,2.24829,13.4759,0.595781,6.98189,-1.51484,10.3914,2.24829,23.5633,-4.80857,0.943173,1,0.667
13.0284,0.948801,1.16311,1.49925,2,2.94906,10.4092,2.30407,13.517,0.695958,6.98189,-1.51484,10.4092,2.30407,23.6861,-4.5659,0.949063,1,0.667
13.0649,1.04186,1.22981,1.49925,2,2.94329,10.4092,2.31069,13.5666,0.802187,6.98189,-1.51484,10.4092,2.31069,23.8926,-4.13126,0.943288,1,0.667
13.0952,1.13715,1.29651,1.49925,2,2.92984,10.4128,2.31551,13.6165,0.908135,6.98189,-1.51484,10.4128,2.31551,24.0819,-3.68917,0.929845,1,0.667
13.1191,1.23424,1.36321,1.49925,2,2.91975,10.4293,2.37009,13.6529,1.0088,6.98189,-1.51484,10.4293,2.37009,24.1738,-3.43403,0.919752,1,0.667
13.1364,1.33271,1.42991,1.49925,2,2.8942,10.4357,2.37329,13.701,1.11516,6.98189,-1.51484,10.4357,2.37329,24.3339,-2.9818,0.894196,1,0.667
13.1471,1.43211,1.49661,1.49925,2,2.87439,10.4335,2.37979,13.7371,1.22609,6.98189,-1.51484,10.4335,2.37979,24.4762,-2.52427,0.874386,1,0.667
13.1512,1.53201,1.56331,1.49925,2,2.84941,10.4479,2.43278,13.7677,1.32658,6.98189,-1.51484,10.4479,2.43278,24.5358,-2.26151,0.849411,1,0.667
13.1486,1.63196,1.63001,1.49925,2,2.81955,10.4467,2.43781,13.8,1.43769,6.98189,-1.51484,10.4467,2.43781,24.6481,-1.79775,0.819546,1,0.5336
13.14,1.73157,1.68417,1.49925,2,2.78863,10.4528,2.47699,13.8247,1.54162,6.98189,-1.51484,10.4528,2.47699,24.7033,-1.4761,0.788626,1,0.5336
13.126,1.83058,1.73753,1.49925,2,2.74672,10.4438,2.42259,13.8609,1.66839,6.98189,-1.51484,10.4438,2.42259,24.844,-0.755802,0.746722,1,0.4002
13.1074,1.92882,1.77849,1.49925,2,2.70934,10.4487,2.45044,13.8825,1.77674,6.98189,-1.51484,10.4487,2.45044,24.8829,-0.381497,0.709336,1,0.2668
13.0853,2.02636,1.8061,1.49925,2,2.67071,10.4595,2.51389,13.9,1.87511,6.98189,-1.51484,10.4595,2.51389,24.8837,-0.164191,0.670706,1,0.1334
13.0613,2.12343,1.82024,1.49925,2,2.63014,10.477,2.61211,13.9153,1.96195,6.98189,-1.51484,10.477,2.61211,24.8524,-0.106198,0.630135,1,2.22045e-17
13.0365,2.22031,1.82118,1.49925,2,2.58867,10.4925,2.69892,13.9314,2.05196,6.98189,-1.51484,10.4925,2.69892,24.8297,0.00169596,0.588675,1,-0.1334
13.0123,2.31733,1.8089,1.49925,2,2.54773,10.5145,2.81906,13.9452,2.12995,6.98189,-1.51484,10.5145,2.81906,24.7773,-0.0458485,0.547731,1,-0.2668
12.9899,2.41479,1.78329,1.49925,2,2.50881,10.5257,2.88597,13.9627,2.22877,6.98189,-1.51484,10.5257,2.88597,24.7764,0.161052,0.508814,1,-0.4002
12.9707,2.51292,1.7442,1.49925,2,2.4729,10.5358,2.94508,13.9813,2.33356,6.98189,-1.51484,10.5358,2.94508,24.786,0.415825,0.472904,1,-0.5336
12.956,2.61182,1.69191,1.49925,2,2.44155,10.552,3.03834,13.9974,2.42705,6.98189,-1.51484,10.552,3.03834,24.7715,0.515517,0.441554,1,-0.4002
12.946,2.71131,1.65069,1.49925,2,2.41534,10.5632,3.10674,14.0153,2.53386,6.98189,-1.51484,10.5632,3.10674,24.7841,0.746754,0.415344,1,-0.4002
12.94,2.81113,1.61067,1.49925,2,2.39348,10.5809,3.21504,14.0299,2.62452,6.98189,-1.51484,10.5809,3.21504,24.7679,0.786061,0.393476,1,-0.2668
12.9375,2.91109,1.58292,1.49925,2,2.37553,10.5932,3.2952,14.0464,2.72939,6.98189,-1.51484,10.5932,3.2952,10.4444,2.44027,0.375532,1,-0.1334
12.937,3.01109,1.56865,1.49925,2,2.35987,10.607,3.38526,14.062,2.83043,6.98189,-1.51484,10.607,3.38526,10.4627,2.53566,0.359874,1,-2.22045e-17
12.9373,3.11109,1.56772,1.49925,2,2.34973,10.6012,3.3639,14.0802,2.98741,6.98189,-1.51484,10.6012,3.3639,10.4638,2.50246,0.349725,1,0.1334
12.937,3.21109,1.58039,1.49925,2,2.33961,10.6045,3.39264,14.0932,3.1211,6.98189,-1.51484,10.6045,3.39264,10.4516,2.51952,0.339607,1,0.2668
12.9348,3.31106,1.606,1.49925,2,2.3337,10.6025,3.39181,14.0997,3.27073,6.98189,-1.51484,10.6025,3.39181,10.4477,2.50212,0.333699,1,0.4002
12.9294,3.41091,1.64496,1.49925,2,2.32832,10.6011,3.40079,14.1003,3.41599,6.98189,-1.51484,10.6011,3.40079,10.4396,2.49241,0.32832,1,0.5336
12.9195,3.5104,1.69711,1.49925,2,2.32169,10.5995,3.41976,14.0961,3.55637,6.98189,-1.51484,10.5995,3.41976,10.4261,2.49099,0.32169,1,0.667
12.9037,3.60913,1.76275,1.49925,2,2.32199,10.5905,3.40684,14.0764,3.71169,6.98189,-1.51484,10.5905,3.40684,10.4265,2.4541,0.321994,1,0.667
12.8813,3.70658,1.82945,1.49925,2,2.30051,10.5971,3.43341,14.0716,3.84892,6.98189,-1.51484,10.5971,3.43341,24.7964,5.13148,0.300506,1,0.667
12.8526,3.80233,1.89615,1.49925,2,2.28598,10.5925,3.45887,14.052,3.98462,6.98189,-1.51484,10.5925,3.45887,24.7163,5.60526,0.285981,1,0.667
12.8175,3.89595,1.96285,1.49925,2,2.26859,10.5866,3.48398,14.0276,4.11943,6.98189,-1.51484,10.5866,3.48398,24.6179,6.0751,0.268592,1,0.667
12.7762,3.98702,2.02955,1.49925,2,2.26441,10.5724,3.46669,13.978,4.27076,6.98189,-1.51484,10.5724,3.46669,24.4551,6.74443,0.264411,1,0.667
12.729,4.07514,2.09625,1.49925,2,2.22612,10.5797,3.495,13.9581,4.40692,6.98189,-1.51484,10.5797,3.495,3.55065,5.02265,0.226124,1,0.5336
12.6764,4.16021,2.15067,1.49925,2,2.20435,10.5709,3.50747,13.9132,4.54365,6.98189,-1.51484,10.5709,3.50747,5.47762,4.63527,0.204354,1,0.5336
12.6194,4.24236,2.20403,1.49925,2,2.17821,10.5634,3.52309,13.8664,4.67859,6.98189,-1.51484,10.5634,3.52309,6.79402,4.41712,0.178215,1,0.5336
12.5581,4.32136,2.25739,1.49925,2,2.15039,10.5552,3.53886,13.8145,4.81219,6.98189,-1.51484,10.5552,3.53886,7.3985,4.29083,0.150392,1,0.5336
12.4927,4.39697,2.31075,1.49925,2,2.13977,10.5289,3.54729,13.7404,4.93681,6.98189,-1.51484,10.5289,3.54729,7.8313,4.2019,0.139771,1,0.5336
12.4233,4.46899,2.36411,1.49925,2,2.08935,10.5527,3.53824,13.6856,5.09706,6.98189,-1.51484,10.5527,3.53824,8.39972,4.08484,0.0893528,1,0.4002
12.3506,4.53761,2.40534,1.49925,2,2.05896,10.5466,3.54521,13.6126,5.23181,6.98189,-1.51484,10.5466,3.54521,8.67995,4.03379,0.0589621,1,0.2668
12.2756,4.6037,2.43295,1.49925,2,2.04242,10.5139,3.57024,13.5321,5.34085,6.98189,-1.51484,10.5139,3.57024,8.76453,4.0226,0.0424247,1,0.1334
12.1991,4.66816,2.44776,1.49925,2,1.99061,10.5343,3.57684,13.4608,5.49525,6.98189,-1.51484,10.5343,3.57684,9.00878,3.97571,-0.00938714,1,2.22045e-17
12.1222,4.73202,2.44896,1.49925,2,1.96996,10.5348,3.56537,13.3544,5.6377,6.98189,-1.51484,10.5348,3.56537,9.18361,3.92731,-0.0300374,1,-0.1334
12.0456,4.79634,2.43628,1.49925,2,1.95518,10.5173,3.57685,13.2525,5.75942,6.98189,-1.51484,10.5173,3.57685,9.20474,3.89579,-0.0448191,1,-0.1334
11.9699,4.86167,2.42294,1.49925,2,1.94623,10.5196,3.56384,13.1272,5.89731,6.98189,-1.51484,10.5196,3.56384,9.33911,3.86106,-0.0537739,1,-0.2668
11.8954,4.92842,2.39746,1.49925,2,1.93023,10.5393,3.55489,12.9978,6.04492,6.98189,-1.51484,10.5393,3.55489,9.46754,3.8289,-0.0697676,1,-0.4002
11.8232,4.99753,2.35865,1.49925,2,1.9317,10.5341,3.55883,12.8692,6.16501,6.98189,-1.51484,10.5341,3.55883,9.53352,3.82383,-0.0682999,1,-0.5336
11.7541,5.06985,2.30635,1.49925,2,1.95103,10.5301,3.55053,12.7254,6.27549,6.98189,-1.51484,10.5301,3.55053,9.56923,3.80107,-0.0489738,1,-0.5336
11.689,5.14575,2.25299,1.49925,2,1.96343,10.5374,3.55555,12.5899,6.38962,6.98189,-1.51484,10.5374,3.55555,9.59963,3.78438,-0.0365676,1,-0.4002
11.6276,5.22467,2.21191,1.49925,2,1.99453,10.5628,3.53816,12.4309,6.49701,6.98189,-1.51484,10.5628,3.53816,9.64497,3.74509,-0.00546563,1,-0.2668
11.569,5.30566,2.18416,1.49925,2,2.03991,10.5534,3.53651,12.2955,6.57131,6.98189,-1.51484,10.5534,3.53651,9.65693,3.74942,0.039911,1,-0.1334
11.512,5.38787,2.16988,1.49925,2,2.08398,10.5441,3.5423,12.1694,6.64123,6.98189,-1.51484,10.5441,3.5423,9.63904,3.74095,0.0839789,1,-2.22045e-17
11.4557,5.4705,2.16908,1.49925,2,2.1322,10.564,3.5337,12.0274,6.71227,6.98189,-1.51484,10.564,3.5337,9.68298,3.74183,0.132199,1,0.1334
11.3989,5.5528,2.18149,1.49925,2,2.18701,10.544,3.53979,11.9118,6.76063,6.98189,-1.51484,10.544,3.53979,9.65326,3.74576,0.187013,1,0.2668
11.3406,5.63403,2.2067,1.49925,2,2.24147,10.5532,3.53541,11.7824,6.81166,6.98189,-1.51484,10.5532,3.53541,9.66307,3.7423,0.241466,1,0.4002
11.2797,5.71334,2.24566,1.49925,2,2.29762,10.519,3.54529,11.6775,6.84721,6.98189,-1.51484,10.519,3.54529,9.62015,3.7588,0.297619,1,0.5336
11.2152,5.78978,2.29795,1.49925,2,2.35181,10.5144,3.54482,11.5572,6.88509,6.98189,-1.51484,10.5144,3.54482,9.61519,3.76649,0.351811,1,0.667
11.1464,5.86229,2.36358,1.49925,2,2.40338,10.501,3.54718,11.4407,6.91791,6.98189,-1.51484,10.501,3.54718,9.59062,3.76567,0.40338,1,0.667
11.0729,5.93005,2.43028,1.49925,2,2.45189,10.4899,3.54848,11.3219,6.94737,6.98189,-1.51484,10.4899,3.54848,9.57942,3.77766,0.451888,1,0.667
10.995,5.99276,2.49698,1.49925,2,2.49509,10.352,3.58193,11.2538,6.963,6.98189,-1.51484,10.352,3.58193,9.42039,3.82021,0.495094,1,0.667
10.9131,6.05014,2.56368,1.49925,2,2.53129,10.2532,3.60639,11.1655,6.98463,6.98189,-1.51484,10.2532,3.60639,9.31547,3.86017,0.531286,1,0.667
10.8276,6.10193,2.63038,1.49925,2,2.56056,10.1524,3.63201,11.0751,7.00739,6.98189,-1.51484,10.1524,3.63201,9.20171,3.88777,0.560558,1,0.667
10.7388,6.14791,2.69708,1.49925,2,2.58279,10.05,3.65868,10.9833,7.03117,6.98189,-1.51484,10.05,3.65868,9.09952,3.92999,0.582791,1,0.667
10.6472,6.18787,2.76378,1.49925,2,2.59762,9.94656,3.68651,10.8904,7.05608,6.98189,-1.51484,9.94656,3.68651,8.99061,3.96113,0.597624,1,0.667
10.5531,6.22163,2.83048,1.49925,2,2.60539,9.79891,3.72778,10.8118,7.07723,6.98189,-1.51484,9.79891,3.72778,8.83776,4.01231,0.605391,1,0.667
10.4569,6.24905,2.89718,1.49925,2,2.60531,9.69503,3.75763,10.7183,7.10391,6.98189,-1.51484,9.69503,3.75763,8.73826,4.04957,0.605314,1,0.667
10.3592,6.26999,2.96388,1.49925,2,2.5983,9.59158,3.78765,10.6253,7.13073,6.98189,-1.51484,9.59158,3.78765,8.63618,4.07909,0.598302,1,0.667
10.2602,6.28438,3.03058,1.49925,2,2.58396,9.4892,3.81812,10.5333,7.15797,6.98189,-1.51484,9.4892,3.81812,8.54156,4.11292,0.583964,1,0.667
10.1605,6.29213,3.09728,1.49925,2,2.55949,9.34674,3.86546,10.4593,7.18313,6.98189,-1.51484,9.34674,3.86546,10.2299,3.57427,0.559489,1,0.667
10.0606,6.29323,-3.1192,1.49925,2,2.53093,9.29034,3.88235,10.3552,7.21563,6.98189,-1.51484,9.29034,3.88235,10.1681,3.59617,0.530925,1,0.5336
9.9607,6.28813,-3.06371,1.49925,2,2.49584,9.1672,3.92179,10.2797,7.23948,6.98189,-1.51484,9.1672,3.92179,10.0286,3.62654,0.495842,1,0.4002
9.86121,6.27815,-3.02142,1.49925,2,2.45569,9.05706,3.95786,10.2029,7.26417,6.98189,-1.51484,9.05706,3.95786,9.90169,3.6578,0.455692,1,0.2668
9.76211,6.26476,-2.99394,1.49925,2,2.41211,8.99513,3.97784,10.1078,7.29548,6.98189,-1.51484,8.99513,3.97784,9.82767,3.6918,0.412107,1,0.1334
9.66331,6.24929,-2.97953,1.49925,2,2.366,8.90416,4.00839,10.0269,7.32262,6.98189,-1.51484,8.90416,4.00839,9.71996,3.72442,0.366001,1,2.22045e-17
9.56464,6.23308,-2.97873,1.49925,2,2.3193,8.82223,4.03581,9.94234,7.35095,6.98189,-1.51484,8.82223,4.03581,7.98135,4.3239,0.319299,1,-0.1334
9.46587,6.21743,-2.99114,1.49925,2,2.27322,8.71155,4.07302,9.8727,7.374,6.98189,-1.51484,8.71155,4.07302,9.49201,3.80205,0.27322,1,-0.2668
9.36682,6.20369,-3.01702,1.49925,2,2.22894,8.6462,4.09445,9.77751,7.40578,6.98189,-1.51484,8.6462,4.09445,9.41415,3.81978,0.228944,1,-0.4002
9.26739,6.19314,-3.05584,1.49925,2,2.18764,8.55202,4.12576,9.69628,7.43264,6.98189,-1.51484,8.55202,4.12576,9.30447,3.86639,0.187645,1,-0.5336
9.16758,6.18716,-3.1084,1.49925,2,2.1508,8.46386,4.15474,9.60878,7.46139,6.98189,-1.51484,8.46386,4.15474,9.20345,3.90817,0.150801,1,-0.667
9.0676,6.18711,3.10875,1.49925,2,2.12,8.41665,4.16952,9.4911,7.49973,6.98189,-1.51484,8.41665,4.16952,9.15129,3.92429,0.119996,1,-0.667
8.96783,6.19372,3.04205,1.49925,2,2.09738,8.33004,4.19566,9.39412,7.5292,6.98189,-1.51484,8.33004,4.19566,9.05718,3.96601,0.0973809,1,-0.5336
8.86865,6.20637,2.98803,1.49925,2,2.08042,8.26738,4.21473,9.27871,7.56465,6.98189,-1.51484,8.26738,4.21473,7.50889,4.45331,0.0804214,1,-0.4002
8.77017,6.22373,2.94707,1.49925,2,2.0688,8.1603,4.24686,9.19186,7.59061,6.98189,-1.51484,8.1603,4.24686,8.87962,4.02886,0.0688047,1,-0.2668
8.67235,6.24447,2.91933,1.49925,2,2.0611,8.07886,4.27066,9.08646,7.6217,6.98189,-1.51484,8.07886,4.27066,7.32774,4.50695,0.0611048,1,-0.1334
8.57498,6.26724,2.90519,1.49925,2,2.05572,7.98956,4.29663,8.98606,7.651,6.98189,-1.51484,7.98956,4.29663,7.23828,4.52807,0.0557215,1,-2.22045e-17
8.47778,6.29073,2.90438,1.49925,2,2.05116,7.89209,4.32497,8.89126,7.67853,6.98189,-1.51484,7.89209,4.32497,7.14216,4.55584,0.0511625,1,0.1334
8.38044,6.31365,2.91706,1.49925,2,2.04597,7.78686,4.35567,8.80206,7.70442,6.98189,-1.51484,7.78686,4.35567,7.04025,4.58993,0.0459731,1,0.2668
8.28268,6.3347,2.9428,1.49925,2,2.03873,7.67336,4.38915,8.71919,7.72846,6.98189,-1.51484,7.67336,4.38915,8.38114,4.17478,0.038733,1,0.4002
8.1843,6.35257,2.98189,1.49925,2,2.02806,7.58626,4.41469,8.61812,7.75834,6.98189,-1.51484,7.58626,4.41469,8.29173,4.19427,0.0280616,1,0.4002
8.08528,6.36649,3.02191,1.49925,2,2.01113,7.43525,4.4633,8.56626,7.77474,6.98189,-1.51484,7.43525,4.4633,8.12758,4.24548,0.0111315,1,0.4002
7.98578,6.37644,3.06193,1.49925,2,1.99157,7.38477,4.47772,8.44077,7.81383,6.98189,-1.51484,7.38477,4.47772,8.07596,4.25621,-0.00843334,1,0.2668
7.886,6.38298,3.08954,1.49925,2,1.96845,7.27829,4.51068,8.35859,7.839,6.98189,-1.51484,7.27829,4.51068,7.95985,4.28663,-0.0315522,1,0.1334
7.7861,6.38742,3.10382,1.49925,2,1.94309,7.18035,4.54117,8.27123,7.86603,6.98189,-1.51484,7.18035,4.54117,7.85243,4.31752,-0.056909,1,2.22045e-17
7.68617,6.39112,3.10462,1.49925,2,1.91689,7.09004,4.56928,8.17826,7.89502,6.98189,-1.51484,7.09004,4.56928,7.75327,4.34844,-0.0831105,1,-0.1334
7.58626,6.39541,3.09208,1.49925,2,1.89132,7.00693,4.595,8.07879,7.92605,6.98189,-1.51484,7.00693,4.595,7.66242,4.37889,-0.108683,1,-0.2668
7.48645,6.4016,3.06633,1.49925,2,1.86798,6.89954,4.62822,7.99899,7.95026,6.98189,-1.51484,6.89954,4.62822,7.54488,4.41862,-0.132022,1,-0.4002
7.38691,6.41105,3.02698,1.49925,2,1.84756,6.82928,4.64965,7.88542,7.98571,6.98189,-1.51484,6.82928,4.64965,7.4703,4.4483,-0.152439,1,-0.5336
7.28791,6.42508,2.97415,1.49925,2,1.83226,6.76465,4.66912,7.76397,8.02264,6.98189,-1.51484,6.76465,4.66912,6.09468,4.87528,-0.167742,1,-0.667
7.18991,6.4449,2.90865,1.49925,2,1.82327,6.6463,4.70455,7.68961,8.04465,6.98189,-1.51484,6.6463,4.70455,7.2797,4.50761,-0.176726,1,-0.667
7.09346,6.47121,2.84195,1.49925,2,1.82167,6.5862,4.7216,7.56059,8.08244,6.98189,-1.51484,6.5862,4.7216,5.91849,4.92147,-0.178331,1,-0.667
6.99897,6.5039,2.77525,1.49925,2,1.8264,6.49585,4.74816,7.45978,8.11203,6.98189,-1.51484,6.49585,4.74816,7.13503,4.56309,-0.173603,1,-0.667
6.90687,6.5428,2.70855,1.49925,2,1.83924,6.40572,4.77315,7.35917,8.14,6.98189,-1.51484,6.40572,4.77315,7.04999,4.58846,-0.160761,1,-0.667
6.81756,6.58776,2.64185,1.49925,2,1.85924,6.31654,4.7973,7.25951,8.16711,6.98189,-1.51484,6.31654,4.7973,6.9681,4.61641,-0.140765,1,-0.667
6.73145,6.63857,2.57515,1.49925,2,1.88626,6.22881,4.82051,7.16128,8.19324,6.98189,-1.51484,6.22881,4.82051,6.89035,4.63982,-0.113739,1,-0.667
6.64892,6.69501,2.50845,1.49925,2,1.92017,6.17541,4.83413,7.03832,8.22532,6.98189,-1.51484,6.17541,4.83413,5.46351,5.01932,-0.0798295,1,-0.5336
6.56998,6.75637,2.45416,1.49925,2,1.96052,6.08284,4.85733,6.95231,8.24684,6.98189,-1.51484,6.08284,4.85733,6.7741,4.67939,-0.0394766,1,-0.4002
6.49402,6.8214,2.41347,1.49925,2,2.00592,6.01832,4.8727,6.84817,8.27213,6.98189,-1.51484,6.01832,4.8727,5.2732,5.05952,0.00591922,1,-0.2668
6.42033,6.88899,2.38599,1.49925,2,2.0545,5.91312,4.89809,6.77701,8.28903,6.98189,-1.51484,5.91312,4.89809,6.63713,4.71964,0.0544984,1,-0.1334
6.34807,6.95811,2.37172,1.49925,2,2.10522,5.83482,4.91641,6.68792,8.31008,6.98189,-1.51484,5.83482,4.91641,6.57739,4.73488,0.105224,1,-2.22045e-17
6.27633,7.02778,2.37078,1.49925,2,2.15679,5.74856,4.93657,6.60483,8.32943,6.98189,-1.51484,5.74856,4.93657,6.50906,4.75076,0.156788,1,0.1334
6.20418,7.09703,2.38332,1.49925,2,2.20791,5.65339,4.95892,6.52632,8.34754,6.98189,-1.51484,5.65339,4.95892,6.43058,4.76897,0.207914,1,0.2668
6.13073,7.16488,2.4092,1.49925,2,2.25527,5.58654,4.97624,6.43089,8.3721,6.98189,-1.51484,5.58654,4.97624,6.38395,4.77054,0.255273,1,0.4002
6.0551,7.2303,2.44842,1.49925,2,2.30164,5.50937,4.99429,6.33906,8.39375,6.98189,-1.51484,5.50937,4.99429,4.65644,5.21157,0.301643,1,0.5336
5.97655,7.29216,2.50112,1.49925,2,2.34353,5.38199,5.0253,6.26976,8.41007,6.98189,-1.51484,5.38199,5.0253,6.20718,4.80759,0.343534,1,0.667
5.89449,7.34929,2.56675,1.49925,2,2.3796,5.28117,5.05009,6.18308,8.43111,6.98189,-1.51484,5.28117,5.05009,6.11814,4.8254,0.379598,1,0.667
5.80882,7.40082,2.63345,1.49925,2,2.40874,5.18074,5.07541,6.09317,8.45361,6.98189,-1.51484,5.18074,5.07541,6.02749,4.8424,0.408739,1,0.667
5.71989,7.44653,2.70015,1.49925,2,2.43086,5.07874,5.10174,6.00169,8.47708,6.98189,-1.51484,5.07874,5.10174,4.1804,5.35022,0.430864,1,0.667
5.62812,7.4862,2.76685,1.49925,2,2.44553,4.97576,5.12929,5.90921,8.50174,6.98189,-1.51484,4.97576,5.12929,4.07195,5.38095,0.445535,1,0.667
5.53391,7.51968,2.83355,1.49925,2,2.45306,4.83106,5.16947,5.83367,8.52201,6.98189,-1.51484,4.83106,5.16947,5.68622,4.91784,0.453057,1,0.667
5.43768,7.5468,2.90025,1.49925,2,2.45288,4.72757,5.19896,5.7406,8.54836,6.98189,-1.51484,4.72757,5.19896,5.5821,4.94075,0.45288,1,0.667
5.33985,7.56744,2.96695,1.49925,2,2.4457,4.62453,5.22869,5.64799,8.57492,6.98189,-1.51484,4.62453,5.22869,5.4757,4.96966,0.4457,1,0.667
5.24087,7.58152,3.03365,1.49925,2,2.43126,4.52254,5.2588,5.55641,8.60183,6.98189,-1.51484,4.52254,5.2588,5.36779,5.00037,0.431262,1,0.667
5.14116,7.58898,3.10035,1.49925,2,2.41252,4.502,5.26266,5.42908,8.63687,6.98189,-1.51484,4.502,5.26266,3.62912,5.53533,0.412523,1,0.667
5.04119,7.58976,-3.11614,1.49925,2,2.38435,4.32255,5.31629,5.37722,8.65282,6.98189,-1.51484,4.32255,5.31629,5.15004,5.05446,0.384347,1,0.667
4.94138,7.58389,-3.04944,1.49925,2,2.34894,4.1875,5.35921,5.31056,8.67335,6.98189,-1.51484,4.1875,5.35921,4.99712,5.08904,0.348935,1,0.5336
4.8421,7.57194,-2.99514,1.49925,2,2.30716,4.10586,5.38541,5.22251,8.70171,6.98189,-1.51484,4.10586,5.38541,4.90159,5.12184,0.307163,1,0.4002
4.74351,7.55528,-2.95405,1.49925,2,2.2605,3.99806,5.42123,5.15202,8.72473,6.98189,-1.51484,3.99806,5.42123,4.77474,5.15392,0.2605,1,0.2668
4.64554,7.53526,-2.92671,1.49925,2,2.21054,3.90081,5.45395,5.07971,8.74864,6.98189,-1.51484,3.90081,5.45395,4.65832,5.18674,0.210536,1,0.1334
4.54801,7.51317,-2.91217,1.49925,2,2.15822,3.85053,5.47077,4.9814,8.78225,6.98189,-1.51484,3.85053,5.47077,3.07371,5.74712,0.158216,1,2.22045e-17
4.45065,7.49034,-2.91123,1.49925,2,2.10523,3.73748,5.5096,4.92289,8.80194,6.98189,-1.51484,3.73748,5.5096,4.4584,5.25188,0.105227,1,-0.1334
4.35316,7.46806,-2.92351,1.49925,2,2.05282,3.66776,5.53304,4.8361,8.83148,6.98189,-1.51484,3.66776,5.53304,4.37207,5.28078,0.052825,1,-0.2668
4.25528,7.44763,-2.94912,1.49925,2,2.00222,3.60434,5.55418,4.74198,8.86334,6.98189,-1.51484,3.60434,5.55418,4.29358,5.31261,0.00221515,1,-0.4002
4.15679,7.43034,-2.98781,1.49925,2,1.95396,3.48245,5.59643,4.69009,8.88069,6.98189,-1.51484,3.48245,5.59643,4.14999,5.36585,-0.0460391,1,-0.5336
4.05762,7.41756,-3.03996,1.49925,2,1.90997,3.43021,5.61358,4.57969,8.91865,6.98189,-1.51484,3.43021,5.61358,4.08681,5.38489,-0.0900346,1,-0.667
3.95788,7.41062,-3.10546,1.49925,2,1.87217,3.35052,5.6397,4.48573,8.9497,6.98189,-1.51484,3.35052,5.6397,3.99497,5.42469,-0.127825,1,-0.667
3.8579,7.41034,3.11102,1.49925,2,1.84127,3.29651,5.65674,4.3634,8.98938,6.98189,-1.51484,3.29651,5.65674,2.62436,5.87348,-0.158725,1,-0.667
3.75812,7.41673,3.04432,1.49925,2,1.81747,3.17922,5.69392,4.2938,9.01092,6.98189,-1.51484,3.17922,5.69392,3.80602,5.49344,-0.182531,1,-0.667
3.65899,7.42975,2.97762,1.49925,2,1.80088,3.12061,5.71123,4.16673,9.05045,6.98189,-1.51484,3.12061,5.71123,3.74618,5.5134,-0.199121,1,-0.667
3.56095,7.44935,2.91092,1.49925,2,1.79162,3.03066,5.73801,4.06638,9.08046,6.98189,-1.51484,3.03066,5.73801,3.65362,5.54324,-0.208377,1,-0.667
3.46443,7.47544,2.84422,1.49925,2,1.78979,2.96995,5.75532,3.93672,9.11837,6.98189,-1.51484,2.96995,5.75532,2.31448,5.95152,-0.210211,1,-0.667
3.36987,7.50791,2.77752,1.49925,2,1.79522,2.8492,5.78985,3.86409,9.1387,6.98189,-1.51484,2.8492,5.78985,3.47418,5.6065,-0.20478,1,-0.667
3.27768,7.54661,2.71082,1.49925,2,1.80781,2.78905,5.80608,3.73486,9.17509,6.98189,-1.51484,2.78905,5.80608,2.12524,5.99945,-0.192188,1,-0.667
3.18828,7.59136,2.64412,1.49925,2,1.82757,2.69978,5.83029,3.6351,9.20222,6.98189,-1.51484,2.69978,5.83029,3.34071,5.65319,-0.172433,1,-0.667
3.10205,7.64198,2.57742,1.49925,2,1.85355,2.61218,5.85433,3.537,9.22916,6.98189,-1.51484,2.61218,5.85433,3.26278,5.67662,-0.146449,1,-0.667
3.0194,7.69823,2.51072,1.49925,2,1.88722,2.52629,5.87657,3.4406,9.25426,6.98189,-1.51484,2.52629,5.87657,3.1893,5.69737,-0.11278,1,-0.5336
2.94033,7.75943,2.45616,1.49925,2,1.92738,2.46516,5.89153,3.32784,9.28278,6.98189,-1.51484,2.46516,5.89153,3.14523,5.7165,-0.0726166,1,-0.4002
2.86426,7.82434,2.41507,1.49925,2,1.97258,2.36615,5.91568,3.24978,9.30153,6.98189,-1.51484,2.36615,5.91568,3.06009,5.7424,-0.0274158,1,-0.2668
2.79047,7.89182,2.38746,1.49925,2,2.021,2.2944,5.93265,3.15332,9.32485,6.98189,-1.51484,2.2944,5.93265,3.00699,5.757,0.0210013,1,-0.1334
2.71811,7.96084,2.37319,1.49925,2,2.07163,2.216,5.95098,3.06412,9.34589,6.98189,-1.51484,2.216,5.95098,2.94721,5.7713,0.0716293,1,-2.22045e-17
2.64628,8.03041,2.37212,1.49925,2,2.12311,2.12949,5.97115,2.98124,9.36516,6.98189,-1.51484,2.12949,5.97115,2.87857,5.78726,0.123109,1,0.1334
2.57405,8.09957,2.38452,1.49925,2,2.17404,2.03423,5.99361,2.9031,9.38328,6.98189,-1.51484,2.03423,5.99361,2.79991,5.80551,0.17404,1,0.2668
2.50051,8.16733,2.4104,1.49925,2,2.22301,1.9667,6.00936,2.80697,9.40622,6.98189,-1.51484,1.9667,6.00936,2.75297,5.80726,0.223014,1,0.4002
2.4248,8.23265,2.44962,1.49925,2,2.26924,1.851,6.03716,2.73583,9.4227,6.98189,-1.51484,1.851,6.03716,2.64941,5.83557,0.269236,1,0.5336
2.34619,8.29445,2.50205,1.49925,2,2.31104,1.76197,6.05847,2.64657,9.44406,6.98189,-1.51484,1.76197,6.05847,2.57584,5.84534,0.31104,1,0.667
2.26409,8.35149,2.56768,1.49925,2,2.34697,1.66129,6.08325,2.56004,9.46512,6.98189,-1.51484,1.66129,6.08325,2.48692,5.8632,0.346974,1,0.667
2.17836,8.40295,2.63438,1.49925,2,2.37685,1.56074,6.10775,2.47002,9.48679,6.98189,-1.51484,1.56074,6.10775,2.39636,5.88025,0.376848,1,0.667
2.0894,8.44857,2.70108,1.49925,2,2.3989,1.45883,6.13402,2.37863,9.51022,6.98189,-1.51484,1.45883,6.13402,0.577798,6.38622,0.398903,1,0.667
1.99759,8.48816,2.76778,1.49925,2,2.41344,1.31545,6.17313,2.30448,9.5297,6.98189,-1.51484,1.31545,6.17313,2.15727,5.93733,0.413444,1,0.667
1.90334,8.52155,2.83448,1.49925,2,2.42084,1.21189,6.20156,2.21137,9.55504,6.98189,-1.51484,1.21189,6.20156,2.05596,5.95565,0.420836,1,0.667
1.80709,8.54858,2.90118,1.49925,2,2.42059,1.10849,6.231,2.1184,9.58134,6.98189,-1.51484,1.10849,6.231,1.95191,5.97862,0.420586,1,0.667
1.70924,8.56913,2.96788,1.49925,2,2.41329,1.00556,6.26072,2.02589,9.6079,6.98189,-1.51484,1.00556,6.26072,1.84569,6.00579,0.413289,1,0.667
1.61024,8.58312,3.03458,1.49925,2,2.39878,0.90365,6.29077,1.9344,9.63477,6.98189,-1.51484,0.90365,6.29077,1.73785,6.03649,0.39878,1,0.667
1.51053,8.59048,3.10128,1.49925,2,2.37714,0.803245,6.321,1.8444,9.66177,6.98189,-1.51484,0.803245,6.321,-0.0610071,6.60126,0.377142,1,0.667
1.41055,8.59118,-3.1152,1.49925,2,2.34796,0.550476,6.40641,1.83228,9.66244,6.98189,-1.51484,0.550476,6.40641,1.34688,6.14004,0.347962,1,0.667
1.31075,8.58521,-3.0485,1.49925,2,2.30993,0.495512,6.42392,1.73049,9.69799,6.98189,-1.51484,0.495512,6.42392,1.28242,6.15021,0.309933,1,0.5336
1.21149,8.57314,-2.99394,1.49925,2,2.26619,0.490906,6.42457,1.60357,9.74221,6.98189,-1.51484,0.490906,6.42457,1.27306,6.15693,0.266188,1,0.4002
1.11292,8.55637,-2.95299,1.49925,2,2.21931,0.383281,6.46042,1.53372,9.76516,6.98189,-1.51484,0.383281,6.46042,1.14622,6.18915,0.219313,1,0.2668
1.01497,8.53621,-2.92524,1.49925,2,2.16917,0.287176,6.49279,1.46124,9.7892,6.98189,-1.51484,0.287176,6.49279,1.03097,6.22164,0.169165,1,0.1334
0.917466,8.51402,-2.9111,1.49925,2,2.11683,0.200629,6.52226,1.38561,9.81477,6.98189,-1.51484,0.200629,6.52226,0.925594,6.25443,0.116825,1,2.22045e-17
0.820131,8.49109,-2.91017,1.49925,2,2.0637,0.123096,6.54866,1.305,9.84227,6.98189,-1.51484,0.123096,6.54866,0.830117,6.28719,0.063705,1,-0.1334
0.72267,8.4687,-2.92244,1.49925,2,2.01123,0.0531749,6.57217,1.218,9.87186,6.98189,-1.51484,0.0531749,6.57217,-0.673608,6.8306,0.0112298,1,-0.2668
0.624797,8.4482,-2.94845,1.49925,2,1.96059,-0.0113739,6.59369,1.12406,9.90361,6.98189,-1.51484,-0.0113739,6.59369,-0.721893,6.83952,-0.0394093,1,-0.4002
0.526314,8.43089,-2.98754,1.49925,2,1.91279,-0.101904,6.6242,1.04735,9.92934,6.98189,-1.51484,-0.101904,6.6242,0.555694,6.39428,-0.0872079,1,-0.5336
0.42715,8.41807,-3.0397,1.49925,2,1.86909,-0.186361,6.65254,0.962233,9.95791,6.98189,-1.51484,-0.186361,6.65254,0.456236,6.42956,-0.130907,1,-0.667
0.327411,8.41111,-3.1052,1.49925,2,1.83127,-0.266217,6.67873,0.868109,9.98902,6.98189,-1.51484,-0.266217,6.67873,0.364194,6.46925,-0.168734,1,-0.667
0.22743,8.4108,3.11129,1.49925,2,1.80035,-0.350872,6.70586,0.773143,10.0197,6.98189,-1.51484,-0.350872,6.70586,0.269607,6.49858,-0.199647,1,-0.667
0.127651,8.41716,3.04459,1.49925,2,1.77535,-0.437382,6.73413,0.676311,10.0514,0.676311,10.0514,-0.437382,6.73413,0.174954,6.53791,-0.224653,2,-0.667
0.028518,8.43016,2.97789,1.49925,2,1.75873,-0.49682,6.75172,0.548417,10.0912,0.676311,10.0514,-0.49682,6.75172,0.11419,6.55813,-0.24127,1,-0.667
-0.0695286,8.44973,2.91119,1.49925,2,1.74945,-0.586896,6.77853,0.44794,10.1213,0.676311,10.0514,-0.586896,6.77853,0.0214828,6.58797,-0.250545,1,-0.667
-0.166052,8.4758,2.84449,1.49925,2,1.74759,-0.648428,6.7961,0.317445,10.1594,0.676311,10.0514,-0.648428,6.7961,-1.28888,6.987,-0.252407,1,-0.667
-0.260624,8.50824,2.77779,1.49925,2,1.75299,-0.7686,6.83047,0.245402,10.1796,0.676311,10.0514,-0.7686,6.83047,-0.158193,6.65015,-0.247011,1,-0.667
-0.352824,8.54691,2.71109,1.49925,2,1.76555,-0.829582,6.84695,0.115332,10.2162,0.676311,10.0514,-0.829582,6.84695,-1.47696,7.03691,-0.234447,1,-0.667
-0.442241,8.59165,2.64439,1.49925,2,1.78528,-0.918972,6.8712,0.0154485,10.2434,0.676311,10.0514,-0.918972,6.8712,-0.29272,6.69693,-0.214721,1,-0.667
-0.528477,8.64224,2.57769,1.49925,2,1.81203,-1.00691,6.89451,-0.0829952,10.2696,0.676311,10.0514,-1.00691,6.89451,-0.37089,6.72157,-0.187972,1,-0.667
-0.61115,8.69846,2.51099,1.49925,2,1.8457,-1.09293,6.91675,-0.179526,10.2947,0.676311,10.0514,-1.09293,6.91675,-0.444519,6.74231,-0.1543,1,-0.5336
-0.690244,8.75963,2.45656,1.49925,2,1.8858,-1.15443,6.93186,-0.293098,10.3234,0.676311,10.0514,-1.15443,6.93186,-1.85201,7.11574,-0.114204,1,-0.4002
-0.766331,8.82451,2.41547,1.49925,2,1.92924,-1.28526,6.96638,-0.344025,10.3367,0.676311,10.0514,-1.28526,6.96638,-0.610356,6.79573,-0.0707644,1,-0.2668
-0.840159,8.89196,2.38799,1.49925,2,1.97726,-1.32447,6.97493,-0.467366,10.3676,0.676311,10.0514,-1.32447,6.97493,-0.627028,6.80163,-0.0227377,1,-0.1334
-0.912545,8.96095,2.37345,1.49925,2,2.02785,-1.40351,6.99344,-0.556298,10.3886,0.676311,10.0514,-1.40351,6.99344,-0.687547,6.81616,0.0278475,1,-2.22045e-17
-0.984386,9.03052,2.37225,1.49925,2,2.0793,-1.49023,7.01369,-0.638942,10.4078,0.676311,10.0514,-1.49023,7.01369,-0.756437,6.83217,0.0792966,1,0.1334
-1.05661,9.09968,2.38439,1.49925,2,2.13023,-1.58582,7.03623,-0.716501,10.4258,0.676311,10.0514,-1.58582,7.03623,-0.835465,6.85055,0.130232,1,0.2668
-1.13012,9.16747,2.41,1.49925,2,2.17921,-1.65426,7.05223,-0.812628,10.4488,0.676311,10.0514,-1.65426,7.05223,-0.883442,6.85272,0.179213,1,0.4002
-1.20577,9.23286,2.44882,1.49925,2,2.22554,-1.77025,7.08009,-0.882712,10.4649,0.676311,10.0514,-1.77025,7.08009,-0.987238,6.8803,0.22554,1,0.5336
-1.28432,9.29472,2.50112,1.49925,2,2.26743,-1.85958,7.10147,-0.971809,10.4862,0.676311,10.0514,-1.85958,7.10147,-1.06113,6.89028,0.267431,1,0.667
-1.36639,9.35182,2.56702,1.49925,2,2.30344,-1.9595,7.12605,-1.05849,10.5073,0.676311,10.0514,-1.9595,7.12605,-1.14918,6.90794,0.303445,1,0.667
-1.45209,9.40333,2.63372,1.49925,2,2.33257,-2.0597,7.1513,-1.14817,10.5297,0.676311,10.0514,-2.0597,7.1513,-1.2396,6.92509,0.332569,1,0.667
-1.54102,9.44902,2.70042,1.49925,2,2.35468,-2.16147,7.17755,-1.23943,10.5531,0.676311,10.0514,-2.16147,7.17755,-3.03039,7.41983,0.354681,1,0.667
-1.6328,9.48867,2.76712,1.49925,2,2.36931,-2.26422,7.20504,-1.33167,10.5777,0.676311,10.0514,-2.26422,7.20504,-3.1386,7.45043,0.369314,1,0.667
-1.72702,9.52212,2.83382,1.49925,2,2.378,-2.32783,7.22127,-1.44374,10.607,0.676311,10.0514,-2.32783,7.22127,-3.19221,7.47816,0.378002,1,0.667
-1.82326,9.54921,2.90052,1.49925,2,2.37783,-2.51104,7.27303,-1.4989,10.6227,0.676311,10.0514,-2.51104,7.27303,-1.68274,7.02568,0.377827,1,0.667
-1.92109,9.56983,2.96722,1.49925,2,2.37061,-2.61384,7.3027,-1.59128,10.6492,0.676311,10.0514,-2.61384,7.3027,-1.7888,7.05287,0.370608,1,0.667
-2.02008,9.58389,3.03392,1.49925,2,2.35615,-2.71562,7.33274,-1.68264,10.676,0.676311,10.0514,-2.71562,7.33274,-1.89646,7.08354,0.356152,1,0.667
-2.11979,9.59131,3.10062,1.49925,2,2.33457,-2.8159,7.36293,-1.77251,10.703,0.676311,10.0514,-2.8159,7.36293,-2.00452,7.10276,0.334575,1,0.667
-2.21977,9.59207,-3.11587,1.49925,2,2.30603,-2.91422,7.39309,-1.86044,10.7299,0.676311,10.0514,-2.91422,7.39309,-2.11374,7.13786,0.306034,1,0.667
-2.31957,9.58617,-3.04917,1.49925,2,2.27061,-3.04774,7.43549,-1.92556,10.7499,0.676311,10.0514,-3.04774,7.43549,-2.26499,7.17235,0.270606,1,0.5336
-2.41884,9.57419,-2.99474,1.49925,2,2.22879,-3.12923,7.46164,-2.01391,10.7784,0.676311,10.0514,-3.12923,7.46164,-2.36037,7.20507,0.228789,1,0.4002
-2.51743,9.55749,-2.95379,1.49925,2,2.18206,-3.23647,7.49731,-2.08339,10.8011,0.676311,10.0514,-3.23647,7.49731,-2.48663,7.23597,0.182059,1,0.2668
-2.61539,9.53739,-2.92577,1.49925,2,2.13198,-3.33178,7.52938,-2.15595,10.8252,0.676311,10.0514,-3.33178,7.52938,-2.60092,7.2682,0.131976,1,0.1334
-2.71289,9.5152,-2.9111,1.49925,2,2.07965,-3.41714,7.55843,-2.23216,10.8509,0.676311,10.0514,-3.41714,7.55843,-2.70493,7.30053,0.0796475,1,2.22045e-17
-2.81023,9.49226,-2.91003,1.49925,2,2.02829,-3.39419,7.54984,-2.38673,10.9009,0.676311,10.0514,-3.39419,7.54984,-2.68496,7.29789,0.0282934,1,-0.1334
-2.90769,9.46989,-2.92271,1.49925,2,1.98188,-3.40254,7.55079,-2.52883,10.9392,0.676311,10.0514,-3.40254,7.55079,-2.69802,7.3086,-0.0181234,1,-0.2668
-3.00556,9.44936,-2.94805,1.49925,2,1.93876,-3.40571,7.55234,-2.68348,10.9763,0.676311,10.0514,-3.40571,7.55234,-2.70049,7.30283,-0.0612415,1,-0.4002
-3.10403,9.432,-2.98714,1.49925,2,1.9064,-3.40721,7.54987,-2.85072,11.0046,0.676311,10.0514,-3.40721,7.54987,-2.69471,7.29624,-0.0936024,1,-0.5336
-3.20319,9.41916,-3.03943,1.49925,2,1.87968,-3.40446,7.55029,-3.02978,11.0294,0.676311,10.0514,-3.40446,7.55029,-2.68341,7.31143,-0.120323,1,-0.667
-3.30293,9.41222,-3.10546,1.49925,2,1.86507,-3.39827,7.54959,-3.2194,11.0443,0.676311,10.0514,-3.39827,7.54959,-2.65191,7.29206,-0.134928,1,-0.667
-3.40292,9.41194,3.11102,1.49925,2,1.87056,-3.39481,7.5414,-3.40997,11.0406,0.676311,10.0514,-3.39481,7.5414,-2.62656,7.30734,-0.129438,1,-0.667
-3.50269,9.41833,3.04432,1.49925,2,1.88335,-3.35733,7.5406,-3.62741,11.0294,0.676311,10.0514,-3.35733,7.5406,-2.5266,7.2692,-0.116649,1,-0.667
-3.60182,9.43135,2.97762,1.49925,2,1.90197,-3.35011,7.54612,-3.81321,11.0146,0.676311,10.0514,-3.35011,7.54612,-2.47223,7.27109,-0.0980318,1,-0.667
-3.69986,9.45095,2.91092,1.49925,2,1.93829,-3.33722,7.54689,-3.99191,10.9843,0.676311,10.0514,-3.33722,7.54689,-2.38843,7.24956,-0.0617086,1,-0.5336
-3.79654,9.47648,2.85676,1.49925,2,1.98976,-3.32596,7.54317,-4.15354,10.9431,0.676311,10.0514,-3.32596,7.54317,-2.31212,7.24902,-0.0102396,1,-0.4002
-3.89188,9.50661,2.81541,1.49925,2,2.04422,-3.31777,7.54466,-4.30052,10.9031,0.676311,10.0514,-3.31777,7.54466,-2.2136,7.22281,0.0442238,1,-0.2668
-3.98613,9.54002,2.78753,1.49925,2,2.1037,-3.3112,7.54753,-4.43387,10.8618,0.676311,10.0514,-3.3112,7.54753,-2.11786,7.20915,0.103702,1,-0.1334
-4.07966,9.57543,2.77299,1.49925,2,2.17206,-3.3055,7.54601,-4.55269,10.8155,0.676311,10.0514,-3.3055,7.54601,-1.9812,7.15121,0.172061,1,-2.22045e-17
-4.1729,9.61156,2.77179,1.49925,2,2.23861,-3.30499,7.54805,-4.66165,10.7736,0.676311,10.0514,-3.30499,7.54805,-1.89625,7.15399,0.23861,1,0.1334
-4.26633,9.6472,2.78379,1.49925,2,2.3056,-3.31024,7.54918,-4.76132,10.7334,0.676311,10.0514,-3.31024,7.54918,-1.74235,7.07872,0.305603,1,0.2668
-4.36042,9.68107,2.8094,1.49925,2,2.37307,-3.32137,7.54757,-4.85352,10.6936,0.676311,10.0514,-3.32137,7.54757,-1.62194,7.03348,0.373068,1,0.4002
-4.45555,9.71186,2.84849,1.49925,2,2.44417,-3.33809,7.5381,-4.93793,10.6502,0.676311,10.0514,-3.33809,7.5381,-1.56071,7.03181,0.444174,1,0.5336
-4.55199,9.73829,2.90078,1.49925,2,2.52488,-3.35875,7.51315,-5.01246,10.597,0.676311,10.0514,-3.35875,7.51315,-1.40921,6.92856,0.524884,1,0.667
-4.6498,9.75898,2.96642,1.49925,2,2.58051,-3.36099,7.52336,-5.10866,10.5549,0.676311,10.0514,-3.36099,7.52336,-1.17506,6.8395,0.580507,1,0.667
-4.74878,9.77312,3.03312,1.49925,2,2.66503,-3.38479,7.48359,-5.17574,10.4898,0.676311,10.0514,-3.38479,7.48359,-1.12793,6.8184,0.66503,1,0.667
-4.84848,9.78062,3.09982,1.49925,2,2.7089,-3.38876,7.49866,-5.27437,10.4464,0.676311,10.0514,-3.38876,7.49866,-0.767279,6.66101,0.708899,1,0.667
-4.94846,9.78146,-3.11667,1.49925,2,2.77017,-3.38229,7.49652,-5.36066,10.3828,0.676311,10.0514,-3.38229,7.49652,-0.283393,6.44503,0.770169,1,0.667
-5.04827,9.77564,-3.04997,1.49925,2,2.81782,-3.422,7.47448,-5.44155,10.3321,0.676311,10.0514,-3.422,7.47448,-0.206036,6.4164,0.817819,1,0.667
-5.14747,9.76318,-2.98327,1.49925,2,2.88512,-3.44875,7.43117,-5.50907,10.2596,0.676311,10.0514,-3.44875,7.43117,-0.0382092,6.32615,0.885118,1,0.667
-5.24562,9.74413,-2.91657,1.49925,2,2.91922,-3.45268,7.44039,-5.60187,10.2019,0.676311,10.0514,-3.45268,7.44039,0.715949,6.00339,0.919222,1,0.667
-5.34228,9.71858,-2.84987,1.49925,2,2.97788,-3.4798,7.39502,-5.66837,10.1254,0.676311,10.0514,-3.4798,7.39502,1.17364,5.75908,0.977885,1,0.667
-5.43703,9.68665,-2.78317,1.49925,2,2.98862,-3.49465,7.4153,-5.7689,10.0747,0.676311,10.0514,-3.49465,7.4153,2.44078,5.23613,0.988625,1,0.667
-5.52944,9.64848,-2.71647,1.49925,2,3.0229,-3.49274,7.41469,-5.85038,10.0005,0.676311,10.0514,-3.49274,7.41469,-13.6145,18.5159,1.0229,1,0.667
-5.61909,9.60423,-2.64977,1.49925,2,3.05497,-3.52863,7.37649,-5.92311,9.9282,0.676311,10.0514,-3.52863,7.37649,-13.8305,18.3548,1.05497,1,0.667
-5.7056,9.5541,-2.58307,1.49925,2,3.08446,-3.52452,7.37309,-5.99891,9.8474,0.676311,10.0514,-3.52452,7.37309,-14.191,18.0393,1.08446,1,0.667
-5.78857,9.49832,-2.51637,1.49925,2,3.11072,-3.55762,7.33051,-6.06723,9.76908,0.676311,10.0514,-3.55762,7.33051,-14.3948,17.8609,1.11072,1,0.667
-5.86765,9.43713,-2.44967,1.49925,2,3.13312,-3.55235,7.32624,-6.1382,9.6838,0.676311,10.0514,-3.55235,7.32624,-14.7353,17.5219,1.13312,1,0.667
-5.94246,9.37081,-2.38297,1.49925,2,3.1348,-3.55996,7.33349,-6.21945,9.60767,0.676311,10.0514,-3.55996,7.33349,-15.0627,17.1696,1.1348,1,0.667
-6.0127,9.29965,-2.31627,1.49925,2,3.14958,-3.58985,7.28726,-6.28168,9.52307,0.676311,10.0514,-3.58985,7.28726,-15.2438,16.9669,1.14958,1,0.667
-6.07803,9.22396,-2.24957,1.49925,2,3.15943,-3.58467,7.28356,-6.34621,9.43267,0.676311,10.0514,-3.58467,7.28356,-15.5482,16.5939,1.15943,1,0.667
-6.13817,9.14409,-2.18287,1.49925,2,3.15242,-3.59006,7.28807,-6.41852,9.3483,0.676311,10.0514,-3.59006,7.28807,-15.8378,16.2093,1.15242,1,0.667
-6.19286,9.06039,-2.11617,1.49925,2,3.15317,-3.61778,7.24066,-6.47549,9.26012,0.676311,10.0514,-3.61778,7.24066,-15.9928,15.9857,1.15317,1,0.667
-6.24184,8.97323,-2.04947,1.49925,2,3.1574,-3.63744,7.18822,-6.52382,9.1665,0.676311,10.0514,-3.63744,7.18822,-16.1401,15.7573,1.1574,1,0.667
-6.28491,8.883,-1.98277,1.49925,2,3.13624,-3.61382,7.23945,-6.59408,9.07324,0.676311,10.0514,-3.61382,7.23945,-16.5051,15.1716,1.13624,1,0.667
-6.32186,8.7901,-1.91607,1.49925,2,3.11804,-3.64312,7.19434,-6.64937,8.9852,0.676311,10.0514,-3.64312,7.19434,-16.6312,14.9315,1.11804,1,0.667
-6.35255,8.69495,-1.84937,1.49925,2,3.103,-3.66422,7.14526,-6.69584,8.89284,0.676311,10.0514,-3.66422,7.14526,-16.7489,14.6879,1.103,1,0.667
-6.37682,8.59796,-1.78267,1.49925,2,3.07569,-3.66468,7.1474,-6.75032,8.79772,0.676311,10.0514,-3.66468,7.1474,-16.9584,14.2574,1.07569,1,0.667
-6.39458,8.49956,-1.71597,1.49925,2,3.04862,-3.68596,7.10047,-6.79495,8.70637,0.676311,10.0514,-3.68596,7.10047,-17.0563,14.0067,1.04862,1,0.667
-6.40573,8.40021,-1.64927,1.49925,2,3.01536,-3.7071,7.05493,-6.8388,8.61609,0.676311,10.0514,-3.7071,7.05493,-17.1453,13.7539,1.01536,1,0.667
-6.41024,8.30033,-1.58257,1.49925,2,2.97631,-3.7507,6.96419,-6.87752,8.53509,0.676311,10.0514,-3.7507,6.96419,-17.1331,13.6874,0.976311,1,0.5336
-6.40866,8.20035,-1.52828,1.49925,2,2.93121,-3.78688,6.88953,-6.91674,8.45438,0.676311,10.0514,-3.78688,6.88953,-17.1419,13.5667,0.931211,1,0.4002
-6.40231,8.10056,-1.48719,1.49925,2,2.88112,-3.84002,6.78317,-6.95204,8.3832,0.676311,10.0514,-3.84002,6.78317,-17.0744,13.5876,0.881121,1,0.2668
-6.39248,8.00105,-1.45891,1.49925,2,2.82776,-3.88627,6.69142,-6.98762,8.31204,0.676311,10.0514,-3.88627,6.69142,-17.028,13.5586,0.827757,1,0.1334
-6.3805,7.90177,-1.44397,1.49925,2,2.77222,-3.92675,6.6117,-7.02402,8.2401,0.676311,10.0514,-3.92675,6.6117,-17.002,13.4861,0.772217,1,2.22045e-17
-6.36774,7.80259,-1.44277,1.49925,2,2.71592,-3.96231,6.5416,-7.06153,8.16628,0.676311,10.0514,-3.96231,6.5416,-16.9959,13.3741,0.715915,1,-0.1334
-6.3555,7.70334,-1.45464,1.49925,2,2.66011,-3.99264,6.48143,-7.10087,8.0888,0.676311,10.0514,-3.99264,6.48143,-17.0146,13.2155,0.660106,1,-0.2668
-6.34512,7.60388,-1.48012,1.49925,2,2.60618,-4.01898,6.42863,-7.14223,8.00661,0.676311,10.0514,-4.01898,6.42863,-17.0557,13.0153,0.606177,1,-0.4002
-6.33792,7.50415,-1.51867,1.49925,2,2.55492,-4.06174,6.3437,-7.17922,7.93306,0.676311,10.0514,-4.06174,6.3437,-17.0287,12.9546,0.554923,1,-0.5336
-6.33528,7.4042,-1.57096,1.49925,2,2.50767,-4.10112,6.26536,-7.2187,7.85451,0.676311,10.0514,-4.10112,6.26536,-3.69316,7.07933,0.507668,1,-0.667
-6.33851,7.30427,-1.63646,1.49925,2,2.46768,-4.09773,6.27066,-7.27523,7.73635,0.676311,10.0514,-4.09773,6.27066,-3.69247,7.08381,0.467679,1,-0.667
-6.34839,7.20477,-1.70316,1.49925,2,2.43408,-4.11762,6.23091,-7.32459,7.63094,0.676311,10.0514,-4.11762,6.23091,-3.71377,7.03975,0.434083,1,-0.667
-6.36489,7.10616,-1.76986,1.49925,2,2.41421,-4.10218,6.26441,-7.38184,7.48448,0.676311,10.0514,-4.10218,6.26441,-3.69685,7.08726,0.414205,1,-0.5336
-6.38738,7.00874,-1.82442,1.49925,2,2.40648,-4.09268,6.28381,-7.42939,7.33792,0.676311,10.0514,-4.09268,6.28381,-3.68947,7.12502,0.406484,1,-0.4002
-6.4145,6.91249,-1.86551,1.49925,2,2.40964,-4.08573,6.29346,-7.46754,7.19241,0.676311,10.0514,-4.08573,6.29346,-3.6878,7.15651,0.409638,1,-0.2668
-6.44493,6.81724,-1.89339,1.49925,2,2.41304,-4.08893,6.29564,-7.50546,7.05203,0.676311,10.0514,-4.08893,6.29564,-18.1612,9.41114,0.413044,1,-0.1334
-6.47736,6.72264,-1.9078,1.49925,2,2.44056,-4.06895,6.32786,-7.52211,6.8939,0.676311,10.0514,-4.06895,6.32786,-18.3193,8.66374,0.440556,1,-2.22045e-17
-6.51049,6.62829,-1.90847,1.49925,2,2.44183,-4.09453,6.27381,-7.55671,6.7818,0.676311,10.0514,-4.09453,6.27381,-18.3834,8.37034,0.441828,1,0.1334
-6.5431,6.53376,-1.89633,1.49925,2,2.46654,-4.08854,6.29085,-7.57078,6.63546,0.676311,10.0514,-4.08854,6.29085,-18.4848,7.71552,0.466542,1,0.2668
-6.57392,6.43863,-1.87085,1.49925,2,2.49401,-4.08378,6.29977,-7.5776,6.4946,0.676311,10.0514,-4.08378,6.29977,-18.5553,7.10677,0.494005,1,0.4002
-6.60168,6.34256,-1.83216,1.49925,2,2.52296,-4.07908,6.29962,-7.57783,6.35918,0.676311,10.0514,-4.07908,6.29962,-18.5999,6.54681,0.522959,1,0.5336
-6.62505,6.24535,-1.78013,1.49925,2,2.53367,-4.09138,6.2456,-7.59063,6.24525,0.676311,10.0514,-4.09138,6.2456,-18.6251,6.24417,0.533674,1,0.667
-6.64262,6.14692,-1.7141,1.49925,2,2.55938,-4.08449,6.22682,-7.58203,6.11758,0.676311,10.0514,-4.08449,6.22682,2.71823,2.88512,0.559381,1,0.667
-6.65359,6.04754,-1.6474,1.49925,2,2.58416,-4.07779,6.25527,-7.56572,5.97398,0.676311,10.0514,-4.07779,6.25527,0.282961,4.00741,0.58416,1,0.667
-6.65791,5.94766,-1.5807,1.49925,2,2.58944,-4.0801,6.1928,-7.56364,5.86152,0.676311,10.0514,-4.0801,6.1928,0.272224,4.01694,0.589441,1,0.667
-6.65557,5.8477,-1.514,1.49925,2,2.59833,-4.07804,6.17578,-7.54928,5.73394,0.676311,10.0514,-4.07804,6.17578,-0.571033,4.35927,0.59833,1,0.667
-6.64657,5.74813,-1.4473,1.49925,2,2.6132,-4.06608,6.16032,-7.52153,5.60836,0.676311,10.0514,-4.06608,6.16032,-0.892146,4.53291,0.613203,1,0.667
-6.63095,5.64937,-1.3806,1.49925,2,2.62028,-4.05793,6.14473,-7.49408,5.4832,0.676311,10.0514,-4.05793,6.14473,-1.40223,4.71773,0.620276,1,0.667
-6.60879,5.55188,-1.3139,1.49925,2,2.60884,-4.06396,6.12626,-7.47735,5.35584,0.676311,10.0514,-4.06396,6.12626,-1.60265,4.82324,0.608843,1,0.667
-6.58018,5.45608,-1.2472,1.49925,2,2.60605,-4.0576,6.11036,-7.44477,5.23183,0.676311,10.0514,-4.0576,6.11036,-1.94079,4.9308,0.606045,1,0.667
-6.54524,5.3624,-1.1805,1.49925,2,2.60994,-4.041,6.09764,-7.39853,5.11188,0.676311,10.0514,-4.041,6.09764,-2.08906,5.00089,0.609945,1,0.667
-6.50414,5.27126,-1.1138,1.49925,2,2.59918,-4.03476,6.08237,-7.35926,4.99038,0.676311,10.0514,-4.03476,6.08237,-2.22839,5.06092,0.599184,1,0.667
-6.45706,5.18306,-1.0471,1.49925,2,2.57543,-4.03703,6.06413,-7.32513,4.86701,0.676311,10.0514,-4.03703,6.06413,-2.35467,5.11183,0.575429,1,0.667
-6.4042,5.09819,-0.980402,1.49925,2,2.56555,-4.02256,6.05207,-7.27096,4.75104,0.676311,10.0514,-4.02256,6.05207,-2.47715,5.15487,0.565554,1,0.667
-6.3458,5.01703,-0.913702,1.49925,2,2.54745,-4.01227,6.03888,-7.21767,4.63524,0.676311,10.0514,-4.01227,6.03888,-2.59094,5.19073,0.547454,1,0.667
-6.28212,4.93995,-0.847002,1.49925,2,2.51306,-4.01331,6.02067,-7.17247,4.51585,0.676311,10.0514,-4.01331,6.02067,-2.64429,5.22435,0.513055,1,0.5336
-6.21386,4.86689,-0.792575,1.49925,2,2.49587,-3.98195,5.984,-7.11113,4.4178,0.676311,10.0514,-3.98195,5.984,-2.68776,5.21193,0.495866,1,0.5336
-6.14179,4.79758,-0.739215,1.49925,2,2.47779,-3.96728,5.98543,-7.03822,4.3079,0.676311,10.0514,-3.96728,5.98543,-2.76794,5.25051,0.477795,1,0.5336
-6.06613,4.73222,-0.685855,1.49925,2,2.43723,-3.97054,5.97665,-6.97928,4.18996,0.676311,10.0514,-3.97054,5.97665,-2.84051,5.28377,0.437231,1,0.4002
-5.98744,4.67052,-0.644901,1.49925,2,2.39557,-3.97948,5.97699,-6.91254,4.06861,0.676311,10.0514,-3.97948,5.97699,-2.92659,5.3239,0.395572,1,0.2668
-5.90667,4.61156,-0.617154,1.49925,2,2.37137,-3.95564,5.95948,-6.83463,3.97046,0.676311,10.0514,-3.95564,5.95948,-2.94769,5.32958,0.371368,1,0.2668
-5.82436,4.55479,-0.590474,1.49925,2,2.33594,-3.96293,5.96606,-6.75136,3.85196,0.676311,10.0514,-3.96293,5.96606,-3.01993,5.36786,0.335939,1,0.1334
-5.74086,4.49976,-0.575933,1.49925,2,2.30249,-3.95152,5.9488,-6.6709,3.74659,0.676311,10.0514,-3.95152,5.9488,-3.04263,5.37654,0.302486,1,2.22045e-17
-5.65694,4.44537,-0.575133,1.49925,2,2.27374,-3.96848,5.96818,-6.567,3.62459,0.676311,10.0514,-3.96848,5.96818,-3.11038,5.42531,0.273736,1,0
-5.57303,4.39097,-0.575133,1.49925,2,2.25012,-3.95572,5.95537,-6.47087,3.52252,0.676311,10.0514,-3.95572,5.95537,-3.11665,5.43603,0.250123,1,0
-5.48912,4.33658,-0.575133,1.49925,2,2.23548,-3.96587,5.97276,-6.35025,3.41161,0.676311,10.0514,-3.96587,5.97276,-3.17639,5.46693,0.235483,1,0.1334
-5.4049,4.28267,-0.562727,1.49925,2,2.21659,-3.97294,5.97464,-6.23352,3.30358,0.676311,10.0514,-3.97294,5.97464,-3.21016,5.48714,0.216591,1,0.1334
-5.31996,4.22988,-0.549387,1.49925,2,2.20829,-3.94594,5.95865,-6.12321,3.21926,0.676311,10.0514,-3.94594,5.95865,-3.19385,5.48338,0.208295,1,0.1334
-5.23433,4.17824,-0.536047,1.49925,2,2.19812,-3.92027,5.94033,-6.01216,3.13521,0.676311,10.0514,-3.92027,5.94033,-3.18911,5.47051,0.198123,1,0.2668
-5.14775,4.12822,-0.510567,1.49925,2,2.19021,-3.94676,5.95979,-5.86555,3.03353,0.676311,10.0514,-3.94676,5.95979,-3.2417,5.50019,0.190212,1,0.4002
-5.05959,4.08102,-0.471614,1.49925,2,2.18328,-3.8698,5.91162,-5.77674,2.97762,0.676311,10.0514,-3.8698,5.91162,-3.168,5.45425,0.183281,1,0.4002
-4.96962,4.03738,-0.431594,1.49925,2,2.17197,-3.79532,5.86453,-5.68723,2.92082,0.676311,10.0514,-3.79532,5.86453,-3.09484,5.4131,0.171974,1,0.5336
-4.87776,3.9979,-0.379302,1.49925,2,2.15581,-3.6806,5.79075,-5.6238,2.88064,0.676311,10.0514,-3.6806,5.79075,-2.9879,5.33438,0.155812,1,0.667
-4.78374,3.96389,-0.313802,1.49925,2,2.13349,-3.59134,5.73305,-5.54706,2.83135,0.676311,10.0514,-3.59134,5.73305,-2.90565,5.27993,0.133493,1,0.667
-4.68767,3.93621,-0.247102,1.49925,2,2.10421,-3.5062,5.67743,-5.47095,2.78183,0.676311,10.0514,-3.5062,5.67743,-2.83582,5.22529,0.104211,1,0.667
-4.58996,3.915,-0.180402,1.49925,2,2.06811,-3.42344,5.62272,-5.3972,2.73325,0.676311,10.0514,-3.42344,5.62272,-2.76943,5.17389,0.0681052,1,0.5336
-4.49114,3.89977,-0.126242,1.49925,2,2.02566,-3.32252,5.55435,-5.34127,2.69612,0.676311,10.0514,-3.32252,5.55435,-2.68031,5.1105,0.0256584,1,0.4002
-4.3917,3.88928,-0.0850211,1.49925,2,1.9782,-3.26069,5.51227,-5.26134,2.64135,0.676311,10.0514,-3.26069,5.51227,-3.84995,5.92941,-0.0218021,1,0.2668
-4.29195,3.88223,-0.0571405,1.49925,2,1.92741,-3.17889,5.45577,-5.19967,2.59899,0.676311,10.0514,-3.17889,5.45577,-2.57654,5.02739,-0.0725882,1,0.1334
-4.19207,3.87729,-0.0427333,1.49925,2,1.8745,-3.10492,5.40433,-5.13438,2.55371,0.676311,10.0514,-3.10492,5.40433,-3.6589,5.80656,-0.1255,1,2.22045e-17
-4.09216,3.87313,-0.0415327,1.49925,2,1.82078,-3.03794,5.35768,-5.06398,2.50463,0.676311,10.0514,-3.03794,5.35768,-2.46813,4.95296,-0.179217,1,-0.1334
-3.99227,3.86843,-0.0536721,1.49925,2,1.76884,-2.9758,5.31604,-4.98666,2.45227,0.676311,10.0514,-2.9758,5.31604,-2.42512,4.92249,-0.23116,1,-0.2668
-3.89249,3.86182,-0.0794183,1.49925,2,1.71754,-2.89388,5.25922,-4.92841,2.41222,0.676311,10.0514,-2.89388,5.25922,-3.40294,5.62108,-0.282455,1,-0.4002
-3.79299,3.85198,-0.118638,1.49925,2,1.66903,-2.8405,5.22254,-4.83745,2.34905,0.676311,10.0514,-2.8405,5.22254,-3.33928,5.56945,-0.330966,1,-0.5336
-3.69403,3.83761,-0.170797,1.49925,2,1.6247,-2.76712,5.17196,-4.76349,2.29807,0.676311,10.0514,-2.76712,5.17196,-2.25705,4.81469,-0.3753,1,-0.667
-3.5961,3.81746,-0.236163,1.49925,2,1.58608,-2.69702,5.1241,-4.6806,2.24136,-4.6806,2.24136,-2.69702,5.1241,-3.17316,5.4492,-0.413918,2,-0.667
-3.49973,3.79084,-0.302863,1.49925,2,1.55435,-2.62263,5.07408,-4.59722,2.18518,-4.6806,2.24136,-2.62263,5.07408,-3.0895,5.39406,-0.445646,1,-0.667
-3.40535,3.75786,-0.369563,1.49925,2,1.52973,-2.54607,5.02345,-4.51166,2.12842,-4.51166,2.12842,-2.54607,5.02345,-3.00784,5.33173,-0.470269,2,-0.667
-3.31337,3.71865,-0.436263,1.49925,2,1.51235,-2.48977,4.98707,-4.39541,2.05222,-4.51166,2.12842,-2.48977,4.98707,-2.00871,4.66668,-0.487654,1,-0.667
-3.22421,3.67341,-0.502963,1.49925,2,1.50231,-2.3881,4.92155,-4.33562,2.01433,-4.33562,2.01433,-2.3881,4.92155,-2.84306,5.2231,-0.497688,2,-0.667
-3.13827,3.62232,-0.569663,1.49925,2,1.49959,-2.32947,4.8851,-4.21679,1.93844,-4.33562,2.01433,-2.32947,4.8851,-1.84866,4.57174,-0.500413,1,-0.667
-3.05592,3.56562,-0.636363,1.49925,2,1.50209,-2.24971,4.83302,-4.12785,1.8805,-4.12785,1.8805,-2.24971,4.83302,-2.71061,5.12825,-0.497908,2,-0.667
-2.97754,3.50355,-0.703063,1.49925,2,1.51393,-2.19141,4.79738,-4.00844,1.80687,-4.12785,1.8805,-2.19141,4.79738,-1.70292,4.48931,-0.486075,1,-0.667
-2.90346,3.4364,-0.769763,1.49925,2,1.53289,-2.08879,4.73488,-3.94851,1.77073,-3.94851,1.77073,-2.08879,4.73488,-2.56139,5.03145,-0.467112,2,-0.667
-2.83403,3.36446,-0.836463,1.49925,2,1.55887,-2.03288,4.70172,-3.83125,1.69995,-3.94851,1.77073,-2.03288,4.70172,-1.52401,4.39069,-0.441128,1,-0.667
-2.76954,3.28806,-0.903163,1.49925,2,1.59176,-1.95575,4.65606,-3.74476,1.64871,-3.94851,1.77073,-1.95575,4.65606,-1.43068,4.34363,-0.408241,1,-0.5336
-2.70982,3.20787,-0.957324,1.49925,2,1.63113,-1.87337,4.60821,-3.66779,1.60408,-3.66779,1.60408,-1.87337,4.60821,-2.38326,4.91153,-0.368865,2,-0.4002
-2.65397,3.12492,-0.998278,1.49925,2,1.67541,-1.81128,4.57298,-3.57133,1.54858,-3.66779,1.60408,-1.81128,4.57298,-2.33826,4.88006,-0.324591,1,-0.2668
-2.60099,3.04012,-1.02576,1.49925,2,1.72318,-1.74536,4.53585,-3.48289,1.49846,-3.66779,1.60408,-1.74536,4.53585,-2.28959,4.84827,-0.276825,1,-0.1334
-2.5498,2.95422,-1.04003,1.49925,2,1.77313,-1.67425,4.4961,-3.40212,1.45321,-3.66779,1.60408,-1.67425,4.4961,-2.23501,4.81739,-0.226867,1,-2.22045e-17
-2.49924,2.86793,-1.04083,1.49925,2,1.82376,-1.59743,4.45313,-3.32774,1.41162,-3.66779,1.60408,-1.59743,4.45313,-2.17404,4.78345,-0.176241,1,0.1334
-2.44817,2.78196,-1.02816,1.49925,2,1.87373,-1.51388,4.40614,-3.25871,1.37293,-3.66779,1.60408,-1.51388,4.40614,-2.10522,4.74513,-0.12627,1,0.2668
-2.3955,2.69696,-1.00268,1.49925,2,1.9208,-1.42208,4.35284,-3.19542,1.33622,-3.66779,1.60408,-1.42208,4.35284,-2.02573,4.7019,-0.0791992,1,0.4002
-2.34008,2.61373,-0.96346,1.49925,2,1.96608,-1.35104,4.31291,-3.11136,1.28867,-3.66779,1.60408,-1.35104,4.31291,-1.96915,4.67482,-0.0339247,1,0.5336
-2.28093,2.53311,-0.911167,1.49925,2,2.00713,-1.27112,4.26771,-3.03164,1.24359,-3.66779,1.60408,-1.27112,4.26771,-0.605097,3.88022,0.007128,1,0.667
-2.21714,2.45612,-0.845535,1.49925,2,2.04233,-1.18225,4.21684,-2.95539,1.2001,-3.66779,1.60408,-1.18225,4.21684,-0.516224,3.81173,0.0423319,1,0.667
-2.14836,2.38356,-0.778835,1.49925,2,2.07052,-1.09363,4.1653,-2.87616,1.1541,-3.66779,1.60408,-1.09363,4.1653,-0.416741,3.75484,0.0705228,1,0.667
-2.0749,2.31574,-0.712135,1.49925,2,2.09159,-0.97265,4.09332,-2.81673,1.11941,-3.66779,1.60408,-0.97265,4.09332,-1.61994,4.49306,0.0915892,1,0.667
-1.99708,2.25296,-0.645435,1.49925,2,2.10521,-0.882086,4.03866,-2.73541,1.07051,-3.66779,1.60408,-0.882086,4.03866,-1.53238,4.4428,0.105214,1,0.667
-1.91525,2.19552,-0.578735,1.49925,2,2.11159,-0.791307,3.98313,-2.65387,1.02076,-3.66779,1.60408,-0.791307,3.98313,-0.111005,3.54727,0.111593,1,0.667
-1.82978,2.14365,-0.512035,1.49925,2,2.11066,-0.669818,3.907,-2.5929,0.983559,-3.66779,1.60408,-0.669818,3.907,-1.31281,4.32417,0.110661,1,0.667
-1.74103,2.0976,-0.445335,1.49925,2,2.10239,-0.610923,3.87043,-2.49189,0.919711,-3.66779,1.60408,-0.610923,3.87043,0.0621941,3.43114,0.102393,1,0.667
-1.64942,2.05756,-0.378635,1.49925,2,2.08401,-0.433478,3.75008,-2.47515,0.908189,-3.66779,1.60408,-0.433478,3.75008,-1.05662,4.1673,0.0840106,1,0.667
-1.55534,2.02372,-0.311935,1.49925,2,2.05947,-0.40749,3.73366,-2.35779,0.828307,-3.66779,1.60408,-0.40749,3.73366,-1.02797,4.15906,0.0594716,1,0.5336
-1.45936,1.9957,-0.257374,1.49925,2,2.03029,-0.331486,3.68389,-2.27539,0.774255,-3.66779,1.60408,-0.331486,3.68389,0.311072,3.24707,0.0302925,1,0.4002
-1.36214,1.97227,-0.21642,1.49925,2,1.99596,-0.234492,3.61916,-2.21146,0.731886,-3.66779,1.60408,-0.234492,3.61916,-0.832132,4.03652,-0.00404382,1,0.2668
-1.26418,1.95219,-0.188806,1.49925,2,1.95802,-0.146214,3.55967,-2.14418,0.686886,-3.66779,1.60408,-0.146214,3.55967,-0.729544,3.97316,-0.0419829,1,0.1334
-1.16583,1.93416,-0.174666,1.49925,2,1.91789,-0.0655553,3.50505,-2.07303,0.638905,-3.66779,1.60408,-0.0655553,3.50505,-0.635522,3.9122,-0.0821091,1,2.22045e-17
-1.06733,1.91688,-0.173599,1.49925,2,1.87688,0.00777121,3.45533,-1.99665,0.587043,-3.66779,1.60408,0.00777121,3.45533,-0.550161,3.85419,-0.123122,1,-0.1334
-0.968932,1.89905,-0.185872,1.49925,2,1.83649,0.0752217,3.40983,-1.91431,0.531194,-3.66779,1.60408,0.0752217,3.40983,0.654403,3.0085,-0.163509,1,-0.2668
-0.87089,1.87937,-0.211351,1.49925,2,1.79804,0.13741,3.36809,-1.82489,0.470826,-3.66779,1.60408,0.13741,3.36809,0.705027,2.97835,-0.201964,1,-0.4002
-0.77354,1.85653,-0.250437,1.49925,2,1.76255,0.220951,3.31172,-1.75345,0.422688,-3.66779,1.60408,0.220951,3.31172,-0.309074,3.6722,-0.23745,1,-0.5336
-0.677335,1.82929,-0.302597,1.49925,2,1.73166,0.299439,3.25917,-1.67438,0.369737,-3.66779,1.60408,0.299439,3.25917,-0.220447,3.61682,-0.268342,1,-0.667
-0.582909,1.79642,-0.368229,1.49925,2,1.70695,0.374029,3.20991,-1.58769,0.312261,-3.66779,1.60408,0.374029,3.20991,-0.14145,3.55419,-0.293048,1,-0.667
-0.490882,1.75734,-0.434929,1.49925,2,1.69023,0.4277,3.17618,-1.47402,0.238798,-3.66779,1.60408,0.4277,3.17618,0.966975,2.81966,-0.309765,1,-0.667
-0.401664,1.71222,-0.501629,1.49925,2,1.68001,0.531489,3.10923,-1.41215,0.199421,-3.66779,1.60408,0.531489,3.10923,0.0222979,3.44593,-0.319992,1,-0.667
-0.315652,1.66124,-0.568329,1.49925,2,1.67713,0.587028,3.07473,-1.29636,0.125566,-3.66779,1.60408,0.587028,3.07473,1.1264,2.72585,-0.322865,1,-0.667
-0.233228,1.60465,-0.635029,1.49925,2,1.68159,0.667435,3.02471,-1.20677,0.069694,-3.66779,1.60408,0.667435,3.02471,0.150513,3.35224,-0.318405,1,-0.667
-0.15476,1.54269,-0.701729,1.49925,2,1.69328,0.722563,2.99097,-1.09047,-0.00196771,-1.09047,-0.00196771,0.722563,2.99097,1.2679,2.64597,-0.30672,2,-0.667
-0.0805962,1.47564,-0.768429,1.49925,2,1.71206,0.827366,2.92711,-1.0284,-0.0395196,-1.09047,-0.00196771,0.827366,2.92711,0.298605,3.25538,-0.29049,2,-0.667
-0.0110661,1.40379,-0.835129,1.49925,2,1.7379,0.906009,2.88003,-0.940512,-0.0923589,-1.09047,-0.00196771,0.906009,2.88003,0.367074,3.20606,-0.273116,2,-0.667
0.0535207,1.32747,-0.901829,1.49925,2,1.77065,0.956746,2.85042,-0.828257,-0.159314,-1.09047,-0.00196771,0.956746,2.85042,0.403507,3.18485,-0.25464,2,-0.667
0.112877,1.24702,-0.968529,1.49925,2,1.81012,1.03138,2.80678,-0.74424,-0.208497,-1.09047,-0.00196771,1.03138,2.80678,0.46373,3.14138,-0.189883,1,-0.5336
0.167217,1.16308,-1.02296,1.49925,2,1.85594,1.11228,2.76039,-0.669573,-0.251217,-1.09047,-0.00196771,1.11228,2.76039,0.530639,3.1029,-0.144059,1,-0.4002
0.217513,1.07666,-1.06378,1.49925,2,1.90569,1.16892,2.72786,-0.578067,-0.3041,-1.09047,-0.00196771,1.16892,2.72786,0.567833,3.0736,-0.0943143,1,-0.2668
0.26483,0.988568,-1.09126,1.49925,2,1.95951,1.23047,2.69362,-0.49395,-0.35123,-1.09047,-0.00196771,1.23047,2.69362,1.88312,2.32142,-0.0404916,1,-0.1334
0.31025,0.899479,-1.10606,1.49925,2,2.01552,1.29885,2.65589,-0.417511,-0.393514,-1.09047,-0.00196771,1.29885,2.65589,0.659815,3.01722,0.0155163,1,-2.22045e-17
0.354977,0.810039,-1.10713,1.49925,2,2.07227,1.37334,2.61482,-0.346274,-0.43275,-1.09047,-0.00196771,1.37334,2.61482,0.716542,2.98603,0.0722682,1,0.1334
0.400193,0.720846,-1.09499,1.49925,2,2.12849,1.45602,2.56901,-0.279765,-0.469384,-1.09047,-0.00196771,1.45602,2.56901,0.783847,2.95624,0.128488,1,0.2668
0.447056,0.63251,-1.06978,1.49925,2,2.18302,1.54825,2.51743,-0.2169,-0.503986,-1.09047,-0.00196771,1.54825,2.51743,0.860893,2.91106,0.183021,1,0.4002
0.49671,0.545716,-1.03123,1.49925,2,2.2346,1.61688,2.47927,-0.137243,-0.548564,-1.09047,-0.00196771,1.61688,2.47927,0.912528,2.88362,0.234599,1,0.5336
0.550254,0.461272,-0.979068,1.49925,2,2.28238,1.69477,2.43594,-0.0599582,-0.591542,-1.09047,-0.00196771,1.69477,2.43594,0.976204,2.85336,0.282379,1,0.667
0.608686,0.380143,-0.913302,1.49925,2,2.32437,1.78239,2.38641,0.015423,-0.633947,-1.09047,-0.00196771,1.78239,2.38641,1.05349,2.82085,0.324372,1,0.667
0.672393,0.303086,-0.846602,1.49925,2,2.35971,1.87028,2.33614,0.0939141,-0.678707,-1.09047,-0.00196771,1.87028,2.33614,2.64402,1.87101,0.359709,1,0.667
0.741094,0.230447,-0.779902,1.49925,2,2.38798,1.95973,2.28408,0.173992,-0.725223,-1.09047,-0.00196771,1.95973,2.28408,2.74467,1.81361,0.387985,1,0.667
0.814484,0.162548,-0.713202,1.49925,2,2.40831,2.08583,2.20795,0.23858,-0.763992,-1.09047,-0.00196771,2.08583,2.20795,1.34075,2.66775,0.408314,1,0.667
0.892236,0.0996924,-0.646502,1.49925,2,2.42198,2.1772,2.15271,0.320702,-0.813464,-1.09047,-0.00196771,2.1772,2.15271,1.42928,2.6172,0.421982,1,0.667
0.974005,0.0421583,-0.579802,1.49925,2,2.42845,2.2688,2.09664,0.40308,-0.863742,-1.09047,-0.00196771,2.2688,2.09664,1.52184,2.57166,0.428451,1,0.667
1.05943,-0.00979801,-0.513102,1.49925,2,2.4276,2.36015,2.03992,0.485226,-0.914638,-1.09047,-0.00196771,2.36015,2.03992,1.61575,2.52078,0.427597,1,0.667
1.14812,-0.0559453,-0.446402,1.49925,2,2.4194,2.45081,1.98281,0.566694,-0.965898,-1.09047,-0.00196771,2.45081,1.98281,1.71059,2.46514,0.419403,1,0.667
1.23969,-0.0960785,-0.379702,1.49925,2,2.40408,2.57552,1.90271,0.631161,-1.00663,-1.09047,-0.00196771,2.57552,1.90271,1.84623,2.38159,0.404076,1,0.667
1.33374,-0.130019,-0.313002,1.49925,2,2.38166,2.66326,1.846,0.709857,-1.05727,-1.09047,-0.00196771,2.66326,1.846,1.94478,2.33286,0.381655,1,0.667
1.42984,-0.157616,-0.246302,1.49925,2,2.35227,2.74902,1.78992,0.786589,-1.10725,-1.09047,-0.00196771,2.74902,1.78992,2.03985,2.26878,0.352266,1,0.667
1.52756,-0.178747,-0.179602,1.49925,2,2.31607,2.83241,1.73477,0.860964,-1.15628,-1.09047,-0.00196771,2.83241,1.73477,2.13802,2.21784,0.316066,1,0.5336
1.6264,-0.193876,-0.125175,1.49925,2,2.27347,2.93599,1.66451,0.920301,-1.19586,-1.09047,-0.00196771,2.93599,1.66451,2.25793,2.13502,0.273466,1,0.4002
1.72585,-0.204283,-0.0842207,1.49925,2,2.22589,2.99701,1.62294,0.998655,-1.24958,-1.09047,-0.00196771,2.99701,1.62294,2.33387,2.09282,0.225892,1,0.2668
1.8256,-0.211251,-0.0563401,1.49925,2,2.17545,3.04927,1.58742,1.08097,-1.30577,-1.09047,-0.00196771,3.04927,1.58742,3.72466,1.10724,0.17545,1,0.1334
1.92548,-0.216126,-0.0420663,1.49925,2,2.12514,3.15684,1.51591,1.12928,-1.33606,-1.09047,-0.00196771,3.15684,1.51591,2.52784,1.96918,0.125136,1,2.22045e-17
2.0254,-0.220204,-0.0407323,1.49925,2,2.07134,3.22333,1.46958,1.19957,-1.38509,-1.09047,-0.00196771,3.22333,1.46958,2.60997,1.91168,0.0713353,1,-0.1334
2.12529,-0.224853,-0.0531385,1.49925,2,2.01807,3.2841,1.42735,1.27477,-1.4375,-1.09047,-0.00196771,3.2841,1.42735,3.91051,0.977267,0.0180709,1,-0.2668
2.22507,-0.231381,-0.0786179,1.49925,2,1.96666,3.36725,1.36961,1.33499,-1.47902,-1.09047,-0.00196771,3.36725,1.36961,2.78377,1.78258,-0.0333414,1,-0.4002
2.32459,-0.241089,-0.117171,1.49925,2,1.91803,3.41686,1.33555,1.42413,-1.54087,-1.09047,-0.00196771,3.41686,1.33555,2.84298,1.73299,-0.0819697,1,-0.5336
2.42356,-0.255334,-0.169597,1.49925,2,1.87357,3.49061,1.28469,1.49769,-1.5916,-1.09047,-0.00196771,3.49061,1.28469,4.07676,0.871673,-0.126431,1,-0.667
2.52152,-0.275362,-0.234963,1.49925,2,1.83477,3.55975,1.2374,1.57964,-1.64772,-1.09047,-0.00196771,3.55975,1.2374,3.00835,1.61216,-0.165227,1,-0.667
2.61792,-0.301867,-0.301663,1.49925,2,1.80288,3.63348,1.18777,1.66236,-1.7035,-1.09047,-0.00196771,3.63348,1.18777,3.09218,1.56087,-0.197116,1,-0.667
2.71234,-0.334739,-0.368363,1.49925,2,1.77809,3.70936,1.13752,1.74725,-1.75987,-1.09047,-0.00196771,3.70936,1.13752,3.17246,1.49627,-0.221913,1,-0.667
2.80437,-0.373832,-0.435063,1.49925,2,1.76056,3.76137,1.10392,1.85926,-1.83321,-1.09047,-0.00196771,3.76137,1.10392,4.32154,0.731402,-0.239436,1,-0.667
2.89358,-0.41897,-0.501763,1.49925,2,1.74866,3.86506,1.03501,1.92103,-1.87455,-1.09047,-0.00196771,3.86506,1.03501,3.33575,1.38819,-0.251336,1,-0.667
2.97958,-0.469955,-0.568463,1.49925,2,1.74578,3.91941,1.00126,2.03562,-1.94765,-1.09047,-0.00196771,3.91941,1.00126,4.48076,0.637992,-0.254218,1,-0.667
3.062,-0.526558,-0.635163,1.49925,2,1.75023,3.99962,0.95134,2.12503,-2.00343,-1.09047,-0.00196771,3.99962,0.95134,3.46223,1.29498,-0.249766,1,-0.667
3.14046,-0.588528,-0.701863,1.49925,2,1.76191,4.05354,0.918328,2.24011,-2.07437,-1.09047,-0.00196771,4.05354,0.918328,4.62159,0.559776,-0.238086,1,-0.667
3.21461,-0.65559,-0.768563,1.49925,2,1.78067,4.15916,0.853921,2.303,-2.11246,-1.09047,-0.00196771,4.15916,0.853921,3.60983,1.1981,-0.219326,1,-0.667
3.28413,-0.727446,-0.835263,1.49925,2,1.80651,4.23762,0.806947,2.3907,-2.1652,-1.09047,-0.00196771,4.23762,0.806947,3.67782,1.14769,-0.193485,1,-0.667
3.34871,-0.803775,-0.901963,1.49925,2,1.83925,4.28714,0.778055,2.50174,-2.23144,-1.09047,-0.00196771,4.28714,0.778055,4.89359,0.417224,-0.160751,1,-0.5336
3.40848,-0.883929,-0.95679,1.49925,2,1.87854,4.37094,0.72932,2.57812,-2.27576,-1.09047,-0.00196771,4.37094,0.72932,3.78316,1.07644,-0.121463,1,-0.4002
3.46438,-0.966838,-0.997611,1.49925,2,1.92272,4.43036,0.695612,2.67233,-2.32996,-1.09047,-0.00196771,4.43036,0.695612,3.82505,1.0459,-0.0772797,1,-0.2668
3.51741,-1.05162,-1.02522,1.49925,2,1.97037,4.49488,0.659208,2.75896,-2.3791,-1.09047,-0.00196771,4.49488,0.659208,3.87252,1.01691,-0.0296279,1,-0.1334
3.56863,-1.1375,-1.03976,1.49925,2,2.01974,4.62617,0.583236,2.79395,-2.39799,-1.09047,-0.00196771,4.62617,0.583236,3.99654,0.951875,0.0197361,1,-2.22045e-17
3.61917,-1.22379,-1.0411,1.49925,2,2.06997,4.6432,0.575126,2.91208,-2.46592,-1.09047,-0.00196771,4.6432,0.575126,3.98903,0.951289,0.0699677,1,0.1334
3.67019,-1.3098,-1.02869,1.49925,2,2.11993,4.72823,0.527228,2.98178,-2.50504,-1.09047,-0.00196771,4.72823,0.527228,4.05954,0.911964,0.119932,1,0.2668
3.72281,-1.39483,-1.00335,1.49925,2,2.1682,4.82285,0.473592,3.0475,-2.54185,-1.09047,-0.00196771,4.82285,0.473592,4.14159,0.86742,0.1682,1,0.4002
3.77815,-1.47811,-0.964394,1.49925,2,2.21351,4.89345,0.433878,3.13031,-2.58872,-1.09047,-0.00196771,4.89345,0.433878,4.19777,0.841059,0.213508,1,0.5336
3.83722,-1.55879,-0.912101,1.49925,2,2.25463,4.97338,0.388654,3.21003,-2.63382,-1.09047,-0.00196771,4.97338,0.388654,4.26617,0.811028,0.254634,1,0.667
3.90094,-1.63583,-0.846468,1.49925,2,2.28989,5.06312,0.337221,3.28716,-2.67786,-1.09047,-0.00196771,5.06312,0.337221,5.81271,-0.115098,0.289891,1,0.667
3.96965,-1.70846,-0.779768,1.49925,2,2.31814,5.15238,0.285255,3.36704,-2.72428,-1.09047,-0.00196771,5.15238,0.285255,5.91308,-0.172403,0.318136,1,0.667
4.04305,-1.77635,-0.713068,1.49925,2,2.33932,5.27771,0.210614,3.43086,-2.76157,-1.09047,-0.00196771,5.27771,0.210614,4.55397,0.657411,0.339319,1,0.667
4.12081,-1.8392,-0.646368,1.49925,2,2.35298,5.3689,0.155499,3.5128,-2.81092,-1.09047,-0.00196771,5.3689,0.155499,4.64229,0.606942,0.352983,1,0.667
4.20259,-1.89672,-0.579668,1.49925,2,2.35943,5.46032,0.0995388,3.59499,-2.86109,-1.09047,-0.00196771,5.46032,0.0995388,4.73437,0.56023,0.359434,1,0.667
4.28802,-1.94866,-0.512968,1.49925,2,2.35688,5.61927,-0.0037662,3.64276,-2.89135,-1.09047,-0.00196771,5.61927,-0.0037662,4.90715,0.46425,0.356877,1,0.667
4.37672,-1.9948,-0.446268,1.49925,2,2.34806,5.64073,-0.0160002,3.75701,-2.96496,-1.09047,-0.00196771,5.64073,-0.0160002,6.39738,-0.503377,0.348056,1,0.667
4.4683,-2.03492,-0.379568,1.49925,2,2.33271,5.76421,-0.0952915,3.82024,-3.00489,-1.09047,-0.00196771,5.76421,-0.0952915,5.0569,0.370921,0.332713,1,0.667
4.56235,-2.06885,-0.312868,1.49925,2,2.31028,5.85177,-0.151877,3.89875,-3.05541,-1.09047,-0.00196771,5.85177,-0.151877,5.15517,0.321946,0.31028,1,0.667
4.65845,-2.09643,-0.246168,1.49925,2,2.28087,5.93734,-0.207838,3.97529,-3.10527,-1.09047,-0.00196771,5.93734,-0.207838,5.25005,0.258056,0.280869,1,0.667
4.75617,-2.11755,-0.179468,1.49925,2,2.24467,6.02055,-0.262858,4.04949,-3.15417,-1.09047,-0.00196771,6.02055,-0.262858,6.72961,-0.750207,0.244667,1,0.5336
4.85501,-2.13267,-0.125041,1.49925,2,2.20201,6.12321,-0.332517,4.1079,-3.19316,-1.09047,-0.00196771,6.12321,-0.332517,5.46708,0.125645,0.202013,1,0.4002
4.95446,-2.14305,-0.0839539,1.49925,2,2.15445,6.18436,-0.374145,4.18677,-3.24719,-1.09047,-0.00196771,6.18436,-0.374145,6.86202,-0.847179,0.154451,1,0.2668
5.05422,-2.15004,-0.0566069,1.49925,2,2.10354,6.26807,-0.432061,4.24882,-3.28992,-1.09047,-0.00196771,6.26807,-0.432061,6.92488,-0.899795,0.103542,1,0.1334
5.1541,-2.15492,-0.0420663,1.49925,2,2.05061,6.34228,-0.483623,4.31471,-3.33559,-1.09047,-0.00196771,6.34228,-0.483623,5.73619,-0.0431276,0.0506091,1,2.22045e-17
5.25401,-2.15901,-0.0408657,1.49925,2,1.99674,6.40903,-0.530227,4.38489,-3.38463,-1.09047,-0.00196771,6.40903,-0.530227,7.03333,-0.974217,-0.00325596,1,-0.1334
5.3539,-2.16366,-0.0531385,1.49925,2,1.94353,6.46991,-0.572485,4.46058,-3.43733,-1.09047,-0.00196771,6.46991,-0.572485,7.0756,-1.00431,-0.0564749,1,-0.2668
5.45369,-2.17017,-0.0784845,1.49925,2,1.89315,6.49851,-0.591443,4.56729,-3.50952,-1.09047,-0.00196771,6.49851,-0.591443,7.0872,-1.00487,-0.106846,1,-0.4002
5.55321,-2.17987,-0.117037,1.49925,2,1.84459,6.60345,-0.663459,4.6111,-3.54014,-1.09047,-0.00196771,6.60345,-0.663459,6.05204,-0.279252,-0.155413,1,-0.5336
5.65219,-2.19404,-0.168796,1.49925,2,1.80007,6.67619,-0.713614,4.68558,-3.59149,-1.09047,-0.00196771,6.67619,-0.713614,7.24054,-1.10938,-0.199933,1,-0.667
5.75016,-2.21401,-0.234429,1.49925,2,1.7612,6.74599,-0.761377,4.76742,-3.64755,-1.09047,-0.00196771,6.74599,-0.761377,6.2171,-0.399591,-0.238799,1,-0.667
5.84657,-2.24047,-0.301129,1.49925,2,1.72925,6.8199,-0.811144,4.85032,-3.70347,-1.09047,-0.00196771,6.8199,-0.811144,7.36417,-1.18782,-0.270747,1,-0.667
5.94101,-2.27329,-0.367829,1.49925,2,1.70441,6.89596,-0.861519,4.9354,-3.75996,4.9354,-3.75996,6.89596,-0.861519,6.38093,-0.518703,-0.295588,2,-0.667
6.03306,-2.31233,-0.434529,1.49925,2,1.68682,6.94922,-0.895994,5.04868,-3.83414,4.9354,-3.75996,6.94922,-0.895994,7.48436,-1.2539,-0.313181,1,-0.667
6.12229,-2.35742,-0.501229,1.49925,2,1.67652,7.05295,-0.962931,5.11048,-3.87352,4.9354,-3.75996,7.05295,-0.962931,6.54499,-0.625867,-0.323475,1,-0.667
6.20833,-2.40836,-0.567929,1.49925,2,1.67359,7.10853,-0.997503,5.22632,-3.94742,4.9354,-3.75996,7.10853,-0.997503,7.64372,-1.34778,-0.326414,1,-0.667
