-2.89851e-20,1.125e-37,-2.40745e-18,1.49925,2,2.00296,0.0349618,2.00266,-0.0261178,-1.49606,0,0,0.0349618,2.00266,-0.692921,2.01241,0.00296021,1,0.667
0.00455544,0.000192046,0.063365,1.49925,2,2.00277,0.0524253,2.00239,-0.0312132,-1.49586,0,0,0.0524253,2.00239,-0.677304,2.02275,0.00277019,1,0.667
0.0190294,0.00165211,0.130065,1.49925,2,2.00136,0.0381701,2.00293,0.00470384,-1.49617,0,0,0.0381701,2.00293,0.80336,1.98791,0.00136447,1,0.417758
0.0432895,0.00540189,0.172838,1.49925,2,1.99749,0.11639,2.00155,-0.0116693,-1.49536,0,0,0.11639,2.00155,-0.608009,2.02153,-0.00251353,1,0.218698
0.0772488,0.0117599,0.195504,1.49925,2,1.99067,0.139729,2.00145,0.0298997,-1.49608,0,0,0.139729,2.00145,-0.584605,2.02464,-0.00933301,1,0.036235
0.120926,0.0205353,0.20004,1.49925,2,1.9813,0.174129,2.00112,0.0801651,-1.49687,0,0,0.174129,2.00112,-0.548129,2.02463,-0.0186998,1,-0.110561
0.174441,0.0311084,0.189718,1.49925,2,1.96987,0.24766,1.99962,0.117595,-1.49722,0,0,0.24766,1.99962,-0.467612,2.02252,-0.0301312,1,-0.214973
0.237956,0.0426139,0.168742,1.49925,2,1.95755,0.283458,1.99964,0.20212,-1.49867,0,0,0.283458,1.99964,-0.429396,2.01785,-0.0424477,1,-0.302803
0.311625,0.0540262,0.138901,1.49925,2,1.94534,0.346991,1.99904,0.283374,-1.49963,0,0,0.346991,1.99904,1.09475,1.98827,-0.054661,1,-0.371522
0.395559,0.064172,0.102093,1.49925,2,1.9346,0.434409,1.99838,0.364138,-1.50016,0,0,0.434409,1.99838,-0.27064,2.01561,-0.0653983,1,-0.429403
0.489795,0.0717769,0.0594417,1.49925,2,1.92656,0.509781,1.99823,0.47348,-1.50083,0,0,0.509781,1.99823,1.24681,1.98432,-0.073444,1,-0.47445
0.589711,0.0753691,0.0122219,1.49925,2,1.92282,0.599776,1.99816,0.58146,-1.50104,0,0,0.599776,1.99816,-0.101695,2.00638,-0.0771831,1,-0.513086
0.689692,0.0740485,-0.0388549,1.49925,2,1.92459,0.697296,1.99862,0.68347,-1.5006,0,0,0.697296,1.99862,-0.00445211,2.0049,-0.0754149,1,-0.544033
0.789463,0.0674665,-0.0930725,1.49925,2,1.93192,0.800684,1.99935,0.780358,-1.49984,0,0,0.800684,1.99935,0.0998356,1.997,-0.0680791,1,-0.569928
0.888713,0.0553585,-0.149884,1.49925,2,1.94533,0.874721,2.00063,0.89989,-1.49853,0,0,0.874721,2.00063,0.166171,1.99696,-0.054675,1,-0.58913
0.987097,0.0375322,-0.208701,1.49925,2,1.96492,0.951359,2.00213,1.015,-1.49654,0,0,0.951359,2.00213,0.234823,1.99297,-0.0350792,1,-0.348594
1.08452,0.0149983,-0.244763,1.49925,2,1.99067,1.05061,2.00538,1.11021,-1.49336,0,0,1.05061,2.00538,1.81236,2.0121,-0.0093261,1,-0.153501
1.18132,-0.010088,-0.261284,1.49925,2,2.01843,1.14506,2.00802,1.20792,-1.49067,0,0,1.14506,2.00802,0.411323,1.99275,0.0184302,1,0.0128036
1.27792,-0.0359517,-0.261001,1.49925,2,2.04718,1.24056,2.01089,1.30442,-1.48778,0,0,1.24056,2.01089,0.496334,1.99531,0.0471799,1,0.148295
1.37468,-0.0611755,-0.247662,1.49925,2,2.07519,1.34535,2.01381,1.39481,-1.48509,0,0,1.34535,2.01381,0.589639,2.0044,0.0751908,1,0.248031
1.4719,-0.0846025,-0.224156,1.49925,2,2.1012,1.42948,2.01617,1.50012,-1.48237,0,0,1.42948,2.01617,0.662882,2.00585,0.101199,1,0.322465
1.56973,-0.105297,-0.192356,1.49925,2,2.12437,1.53344,2.01876,1.59321,-1.47998,0,0,1.53344,2.01876,2.34757,2.02933,0.124369,1,0.395018
1.66823,-0.122506,-0.153217,1.49925,2,2.14394,1.65995,2.02142,1.67346,-1.47781,0,0,1.65995,2.02142,0.881152,2.01427,0.143938,1,0.450564
1.76737,-0.135564,-0.108438,1.49925,2,2.15886,1.73772,2.02309,1.78577,-1.47583,0,0,1.73772,2.02309,2.56464,2.02984,0.158861,1,0.492874
1.867,-0.143953,-0.0593622,1.49925,2,2.16865,1.88219,2.02464,1.85768,-1.47453,0,0,1.88219,2.02464,1.0931,2.02958,0.168645,1,0.526502
1.96694,-0.147275,-0.00691379,1.49925,2,2.17294,1.98197,2.02561,1.95776,-1.47355,0,0,1.98197,2.02561,1.19015,2.03376,0.17294,1,0.552655
2.0669,-0.145216,0.0482209,1.49925,2,2.17051,2.11377,2.02479,2.03821,-1.47365,0,0,2.11377,2.02479,1.32531,2.03784,0.170508,1,0.57364
2.16659,-0.137543,0.105501,1.49925,2,2.16275,2.20266,2.02491,2.14431,-1.47385,0,0,2.20266,2.02491,1.4157,2.03771,0.162753,1,0.593424
2.26567,-0.12408,0.164725,1.49925,2,2.14868,2.32424,2.0238,2.22885,-1.47415,0,0,2.32424,2.0238,1.54516,2.03708,0.148675,1,0.607866
2.36376,-0.104702,0.225439,1.49925,2,2.12826,2.404,2.02318,2.33783,-1.47545,0,0,2.404,2.02318,3.21685,1.99795,0.128262,1,0.619538
2.46047,-0.079351,0.287323,1.49925,2,2.10155,2.51687,2.02144,2.42297,-1.47655,0,0,2.51687,2.02144,3.32025,1.99246,0.101547,1,0.37979
2.55579,-0.0491088,0.326261,1.49925,2,2.06891,2.63906,2.01812,2.49821,-1.47829,0,0,2.63906,2.01812,1.88722,2.04663,0.0689089,1,0.164641
2.6502,-0.0161619,0.344016,1.49925,2,2.03345,2.73143,2.01566,2.59164,-1.4808,0,0,2.73143,2.01566,1.99145,2.04667,0.0334456,1,0.00298774
2.74431,0.0176534,0.345123,1.49925,2,1.99685,2.82187,2.013,2.68595,-1.48361,0,0,2.82187,2.013,2.09484,2.04369,-0.0031513,1,-0.127434
2.83861,0.0509441,0.333032,1.49925,2,1.96095,2.90427,2.0108,2.7871,-1.48649,0,0,2.90427,2.0108,3.65467,1.98107,-0.0390459,1,-0.233798
2.93347,0.0825766,0.310184,1.49925,2,1.92674,3.00837,2.00786,2.87234,-1.48874,0,0,3.00837,2.00786,2.30867,2.03187,-0.073258,1,-0.320022
3.02916,0.111611,0.278613,1.49925,2,1.89501,3.12955,2.00396,2.94417,-1.49038,0,0,3.12955,2.00396,2.44549,2.02509,-0.104989,1,-0.385991
3.1258,0.137282,0.240343,1.49925,2,1.86668,3.19842,2.00255,3.06229,-1.49405,0,0,3.19842,2.00255,2.5199,2.02777,-0.133319,1,-0.44496
3.22342,0.158946,0.196142,1.49925,2,1.84305,3.28009,2.00112,3.17249,-1.49648,0,0,3.28009,2.00112,2.61042,2.01923,-0.156955,1,-0.490657
3.32193,0.176043,0.147305,1.49925,2,1.82444,3.37161,1.99981,3.27633,-1.49815,0,0,3.37161,1.99981,2.707,2.02032,-0.17556,1,-0.524205
3.42119,0.188134,0.0950186,1.49925,2,1.81154,3.47038,1.999,3.37536,-1.49896,0,0,3.47038,1.999,2.81329,2.01086,-0.188462,1,-0.552638
3.52095,0.194881,0.0398969,1.49925,2,1.80413,3.54344,1.99887,3.49982,-1.50011,0,0,3.54344,1.99887,2.88614,2.00905,-0.19587,1,-0.575257
3.62093,0.196007,-0.0174931,1.49925,2,1.80314,3.621,1.99915,3.62085,-1.5001,0,0,3.621,1.99915,4.3127,1.99791,-0.19686,1,-0.593574
3.7208,0.191305,-0.0767223,1.49925,2,1.8085,3.7333,1.99976,3.70912,-1.4994,0,0,3.7333,1.99976,3.07606,2.00155,-0.191499,1,-0.608969
3.82021,0.180619,-0.137527,1.49925,2,1.82038,3.8164,2.001,3.82373,-1.49824,0,0,3.8164,2.001,3.15296,2.00198,-0.179617,1,-0.620685
3.91878,0.163852,-0.199525,1.49925,2,1.83878,3.90056,2.00254,3.93524,-1.49654,0,0,3.90056,2.00254,3.2302,1.99891,-0.16122,1,-0.629297
4.01611,0.140965,-0.26242,1.49925,2,1.86386,3.98474,2.00456,4.04363,-1.4942,0,0,3.98474,2.00456,3.3068,1.99223,-0.136142,1,-0.637316
4.1118,0.111974,-0.32604,1.49925,2,1.89861,4.06809,2.01008,4.14865,-1.48825,0,0,4.06809,2.01008,3.37717,1.99433,-0.101393,1,-0.407261
4.20581,0.0779194,-0.367916,1.49925,2,1.93603,4.14095,2.01286,4.25818,-1.48442,0,0,4.14095,2.01286,4.88031,2.02794,-0.0639681,1,-0.187438
4.29873,0.040961,-0.387979,1.49925,2,1.97657,4.23767,2.01658,4.34577,-1.481,0,0,4.23767,2.01658,3.5193,1.99261,-0.0234326,1,-0.011258
4.39124,0.00299763,-0.389985,1.49925,2,2.01845,4.33294,2.0206,4.43402,-1.47719,0,0,4.33294,2.0206,3.59996,1.99592,0.0184464,1,0.127939
4.48395,-0.0344901,-0.377887,1.49925,2,2.05975,4.43548,2.02469,4.51783,-1.47359,0,0,4.43548,2.02469,3.68817,2.00148,0.0597541,1,0.233888
4.5773,-0.0703344,-0.354922,1.49925,2,2.09927,4.51633,2.02805,4.61796,-1.46973,0,0,4.51633,2.02805,3.75223,2.00675,0.0992651,1,0.321656
4.6716,-0.103613,-0.323196,1.49925,2,2.13604,4.61635,2.03171,4.70686,-1.46637,0,0,4.61635,2.03171,3.83878,2.01256,0.136039,1,0.396778
4.76701,-0.133525,-0.283969,1.49925,2,2.16946,4.70153,2.03495,4.80715,-1.46271,0,0,4.70153,2.03495,5.53034,2.0498,0.16946,1,0.449294
4.8636,-0.159396,-0.239249,1.49925,2,2.19868,4.81403,2.03872,4.89292,-1.45964,0,0,4.81403,2.03872,5.65339,2.04541,0.198676,1,0.491592
4.96129,-0.18072,-0.190344,1.49925,2,2.22268,4.95765,2.04195,4.96338,-1.45729,0,0,4.95765,2.04195,4.1518,2.03205,0.222677,1,0.526772
5.05993,-0.197066,-0.137878,1.49925,2,2.23974,5.05602,2.04267,5.06213,-1.45657,0,0,5.05602,2.04267,4.24018,2.043,0.23974,1,0.554718
5.15931,-0.20807,-0.0825456,1.49925,2,2.25247,5.14869,2.04437,5.1652,-1.45484,0,0,5.14869,2.04437,4.32851,2.04147,0.252465,1,0.576363
5.25916,-0.21345,-0.0250175,1.49925,2,2.25914,5.27625,2.04562,5.24977,-1.45353,0,0,5.27625,2.04562,4.45442,2.0507,0.259138,1,0.59405
5.35914,-0.212992,0.0342814,1.49925,2,2.25923,5.39999,2.04587,5.33672,-1.45281,0,0,5.39999,2.04587,4.57937,2.05626,0.259228,1,0.60839
5.45892,-0.206534,0.0950487,1.49925,2,2.25296,5.48071,2.04632,5.44686,-1.45277,0,0,5.48071,2.04632,6.34255,2.03048,0.25296,1,0.619903
5.55811,-0.193971,0.156981,1.49925,2,2.23978,5.59742,2.04546,5.536,-1.45325,0,0,5.59742,2.04546,6.45573,2.02708,0.239778,1,0.629523
5.65632,-0.175245,0.219876,1.49925,2,2.22009,5.71065,2.04418,5.62502,-1.45402,0,0,5.71065,2.04418,4.90152,2.06789,0.220089,1,0.637046
5.75315,-0.150345,0.283535,1.49925,2,2.19379,5.82033,2.04242,5.71318,-1.45519,0,0,5.82033,2.04242,6.66041,2.0127,0.193793,1,0.642975
5.8482,-0.119307,0.347797,1.49925,2,2.16074,5.92635,2.04002,5.79978,-1.45694,0,0,5.92635,2.04002,5.1391,2.07254,0.160742,1,0.382058
5.94149,-0.0833185,0.387308,1.49925,2,2.1221,6.04549,2.03623,5.874,-1.45881,0,0,6.04549,2.03623,5.27376,2.07497,0.122102,1,0.180342
6.03369,-0.0446077,0.406552,1.49925,2,2.0804,6.13193,2.03347,5.9667,-1.46187,0,0,6.13193,2.03347,5.37386,2.07471,0.0804019,1,0.00661124
6.12548,-0.00492507,0.40843,1.49925,2,2.03648,6.21782,2.02946,6.05916,-1.46619,0,0,6.21782,2.02946,5.47483,2.07117,0.0364776,1,-0.128967
6.21747,0.0342832,0.396482,1.49925,2,1.99428,6.29693,2.02698,6.15751,-1.4695,0,0,6.29693,2.02698,7.05916,1.99022,-0.00572288,1,-0.239271
6.31015,0.071853,0.373217,1.49925,2,1.95364,6.39933,2.02346,6.23959,-1.47214,0,0,6.39933,2.02346,5.68825,2.05833,-0.046358,1,-0.320062
6.40382,0.106855,0.341614,1.49925,2,1.91592,6.48495,2.02106,6.33676,-1.47505,0,0,6.48495,2.02106,5.78824,2.05059,-0.0840764,1,-0.39411
6.49866,0.138538,0.302722,1.49925,2,1.8814,6.55301,2.01916,6.45192,-1.47863,0,0,6.55301,2.01916,7.27154,1.99021,-0.118595,1,-0.447832
6.59474,0.166233,0.258261,1.49925,2,1.85117,6.66589,2.01603,6.53139,-1.48063,0,0,6.66589,2.01603,5.99205,2.04371,-0.148833,1,-0.491107
6.692,0.189414,0.20941,1.49925,2,1.82599,6.75579,2.01429,6.63355,-1.48282,0,0,6.75579,2.01429,6.09258,2.03444,-0.174008,1,-0.525527
6.79032,0.207642,0.157063,1.49925,2,1.80606,6.82187,2.01342,6.76073,-1.48529,0,0,6.82187,2.01342,7.51255,1.99513,-0.193944,1,-0.552612
6.88946,0.220561,0.101938,1.49925,2,1.79206,6.92573,2.01226,6.85492,-1.48628,0,0,6.92573,2.01226,6.27424,2.02361,-0.207939,1,-0.575665
6.98918,0.227885,0.0445326,1.49925,2,1.78422,7.00315,2.01205,6.97575,-1.48709,0,0,7.00315,2.01205,7.6854,2,-0.21578,1,-0.595093
7.08916,0.229377,-0.0148212,1.49925,2,1.78062,7.11555,2.0098,7.06368,-1.48907,0,0,7.11555,2.0098,6.4674,2.01979,-0.219383,1,-0.609166
7.18904,0.224865,-0.0755971,1.49925,2,1.78566,7.19937,2.0105,7.17912,-1.48869,0,0,7.19937,2.0105,6.54935,2.01454,-0.214336,1,-0.620603
7.28846,0.214231,-0.137577,1.49925,2,1.7975,7.28478,2.01173,7.29194,-1.48751,0,0,7.28478,2.01173,7.97353,2.00988,-0.202498,1,-0.630426
7.38701,0.197412,-0.200541,1.49925,2,1.81597,7.37086,2.01331,7.40199,-1.4858,0,0,7.37086,2.01331,6.70828,2.01184,-0.184031,1,-0.637741
7.48431,0.174386,-0.264271,1.49925,2,1.84117,7.45673,2.01535,7.50914,-1.4835,0,0,7.45673,2.01535,6.78669,2.00528,-0.158825,1,-0.643857
7.57993,0.145181,-0.328621,1.49925,2,1.87302,7.54165,2.01781,7.61317,-1.48071,0,0,7.54165,2.01781,6.8587,2.0074,-0.126981,1,-0.385284
7.67388,0.110928,-0.368959,1.49925,2,1.91069,7.61186,2.02061,7.72544,-1.47679,0,0,7.61186,2.02061,8.34228,2.03683,-0.0893064,1,-0.154722
7.76681,0.0739983,-0.386045,1.49925,2,1.95126,7.70276,2.02421,7.81762,-1.47316,0,0,7.70276,2.02421,8.44963,2.04378,-0.048741,1,0.0189872
7.85944,0.0363248,-0.385362,1.49925,2,1.9928,7.79266,2.02801,7.90992,-1.46928,0,0,7.79266,2.02801,8.55527,2.04805,-0.00719726,1,0.147882
7.95236,-0.000636561,-0.371219,1.49925,2,2.0336,7.89094,2.03204,7.99662,-1.46562,0,0,7.89094,2.03204,8.66924,2.04996,0.0336025,1,0.259144
8.04597,-0.0357992,-0.346417,1.49925,2,2.07236,8.00432,2.03615,8.07465,-1.4624,0,0,8.00432,2.03615,7.25094,2.01904,0.0723641,1,0.341377
8.14057,-0.0682,-0.312937,1.49925,2,2.10849,8.06441,2.03891,8.1908,-1.45806,0,0,8.06441,2.03891,8.87084,2.0611,0.108485,1,0.404903
8.2363,-0.0970922,-0.272891,1.49925,2,2.14169,8.1853,2.04399,8.26862,-1.45426,0,0,8.1853,2.04399,7.40521,2.02748,0.141694,1,0.462064
8.33318,-0.121842,-0.227028,1.49925,2,2.16956,8.29561,2.04739,8.3562,-1.45134,0,0,8.29561,2.04739,7.50544,2.03538,0.169558,1,0.50632
8.43113,-0.141916,-0.176838,1.49925,2,2.19239,8.43619,2.05047,8.42811,-1.44877,0,0,8.43619,2.05047,7.64078,2.04523,0.192389,1,0.537819
8.52999,-0.156877,-0.123309,1.49925,2,2.20955,8.49394,2.05238,8.55103,-1.4464,0,0,8.49394,2.05238,9.33554,2.04852,0.20955,1,0.564254
8.62952,-0.166391,-0.0670947,1.49925,2,2.22072,8.62349,2.05432,8.633,-1.44492,0,0,8.62349,2.05432,7.81471,2.05352,0.220716,1,0.58571
8.72944,-0.170183,-0.00865247,1.49925,2,2.22559,8.7487,2.05532,8.71841,-1.4438,0,0,8.7487,2.05532,7.93884,2.0619,0.225588,1,0.603118
8.8294,-0.168046,0.0515201,1.49925,2,2.22386,8.87009,2.05544,8.80607,-1.44322,0,0,8.87009,2.05544,8.06201,2.06672,0.223862,1,0.616978
8.92905,-0.159832,0.113093,1.49925,2,2.21557,8.94917,2.05564,8.91739,-1.44346,0,0,8.94917,2.05564,8.14134,2.06711,0.215568,1,0.627122
9.02799,-0.145445,0.175745,1.49925,2,2.20018,9.17881,2.04956,8.93894,-1.44146,0,0,9.17881,2.04956,8.38974,2.07029,0.200179,1,0.635176
9.12583,-0.124855,0.239182,1.49925,2,2.17575,9.213,2.04915,9.07281,-1.44729,0,0,9.213,2.04915,8.42252,2.07839,0.175748,1,0.641319
9.22216,-0.0980698,0.30327,1.49925,2,2.14723,9.28301,2.0483,9.18384,-1.44954,0,0,9.28301,2.0483,8.50047,2.07445,0.147232,1,0.64671
9.31656,-0.0651457,0.367893,1.49925,2,2.11225,9.38739,2.04592,9.27006,-1.45136,0,0,9.38739,2.04592,10.1955,2.01349,0.112252,1,0.376411
9.4091,-0.0272412,0.407696,1.49925,2,2.07159,9.50455,2.04215,9.34332,-1.45339,0,0,9.50455,2.04215,8.74844,2.0862,0.0715888,1,0.183178
9.50049,0.0133331,0.42698,1.49925,2,2.0279,9.59022,2.03924,9.43539,-1.45658,0,0,9.59022,2.03924,8.85219,2.07398,0.0278971,1,0.00833497
9.59145,0.0548909,0.429038,1.49925,2,1.98304,9.67512,2.03617,9.52748,-1.45997,0,0,9.67512,2.03617,8.95279,2.07042,-0.016958,1,-0.138966
9.68263,0.095948,0.416172,1.49925,2,1.93866,9.78934,2.03167,9.59673,-1.46227,0,0,9.78934,2.03167,9.0866,2.06452,-0.0613379,1,-0.243854
9.77454,0.135338,0.392731,1.49925,2,1.89624,9.8572,2.02978,9.70467,-1.46615,0,0,9.8572,2.02978,9.16495,2.06852,-0.10376,1,-0.327278
9.86752,0.17215,0.360671,1.49925,2,1.85644,9.94316,2.02705,9.80058,-1.46929,0,0,9.94316,2.02705,9.2672,2.0572,-0.143558,1,-0.399974
9.96175,0.205606,0.321182,1.49925,2,1.82009,10.0442,2.02383,9.88564,-1.47183,0,0,10.0442,2.02383,9.38415,2.04846,-0.179909,1,-0.45466
10.0573,0.235043,0.276099,1.49925,2,1.78797,10.1253,2.02172,9.99219,-1.475,0,0,10.1253,2.02172,9.47399,2.04979,-0.212031,1,-0.498515
10.1542,0.259919,0.22651,1.49925,2,1.76087,10.1856,2.02051,10.1231,-1.47818,0,0,10.1856,2.02051,9.54191,2.04024,-0.239129,1,-0.538785
10.2521,0.279772,0.172954,1.49925,2,1.74341,10.1637,2.02094,10.3413,-1.4738,0,0,10.1637,2.02094,9.50936,2.0374,-0.256588,1,-0.564628
10.3511,0.294214,0.116724,1.49925,2,1.73535,10.1791,2.02102,10.5259,-1.461,0,0,10.1791,2.02102,9.51618,2.02997,-0.26465,1,-0.584489
10.4507,0.302963,0.0583942,1.49925,2,1.74146,10.1679,2.02131,10.7361,-1.4315,0,0,10.1679,2.02131,9.4767,2.03536,-0.258543,1,-0.600695
10.5506,0.305811,-0.00154565,1.49925,2,1.75864,10.1577,2.01999,10.9396,-1.39079,0,0,10.1577,2.01999,9.43815,2.0247,-0.241361,1,-0.61341
10.6506,0.302597,-0.0628103,1.49925,2,1.79163,10.1447,2.02132,11.1327,-1.33554,0,0,10.1447,2.02132,9.37957,2.02647,-0.208372,1,-0.343621
10.7502,0.294426,-0.0990609,1.49925,2,1.83388,10.1434,2.02499,11.3013,-1.27712,0,0,10.1434,2.02499,9.34047,2.01533,-0.166117,1,-0.145013
10.8496,0.2837,-0.114754,1.49925,2,1.87549,10.1342,2.01736,11.4691,-1.21728,0,0,10.1342,2.01736,9.27128,2.01073,-0.124515,1,0.0115233
10.949,0.272216,-0.114541,1.49925,2,1.93786,10.1166,2.02222,11.6196,-1.1378,0,0,10.1166,2.02222,9.17537,2.01897,-0.0621359,1,0.147669
11.0484,0.261417,-0.100863,1.49925,2,1.97647,10.1443,2.019,11.745,-1.09271,0,0,10.1443,2.019,9.13597,2.03106,-0.0235261,1,0.254835
11.148,0.252544,-0.0761297,1.49925,2,2.04045,10.139,2.02604,11.8694,-1.0154,0,0,10.139,2.02604,9.06545,2.02257,0.0404475,1,0.336149
11.2478,0.246546,-0.0432466,1.49925,2,2.09286,10.1536,2.03058,11.9831,-0.952319,0,0,10.1536,2.03058,9.00408,2.02989,0.0928574,1,0.400593
11.3478,0.244193,-0.00350955,1.49925,2,2.15658,10.1481,2.0363,12.0947,-0.871564,0,0,10.1481,2.0363,8.89453,2.03979,0.156576,1,0.453942
11.4478,0.246081,0.0415645,1.49925,2,2.20438,10.1714,2.04335,12.1975,-0.809644,0,0,10.1714,2.04335,8.80423,2.071,0.204385,1,0.497294
11.5475,0.252689,0.0909905,1.49925,2,2.26181,10.1796,2.05397,12.2959,-0.732797,0,0,10.1796,2.05397,8.71144,2.0795,0.26181,1,0.533487
11.6468,0.264399,0.14405,1.49925,2,2.31343,10.183,2.05582,12.3972,-0.653847,0,0,10.183,2.05582,8.57356,2.09256,0.313431,1,0.561201
11.7453,0.281502,0.199948,1.49925,2,2.3747,10.2045,2.08842,12.475,-0.574172,0,0,10.2045,2.08842,8.52962,2.10413,0.374701,1,0.582057
11.8427,0.304189,0.257987,1.49925,2,2.42757,10.1939,2.08591,12.5706,-0.482368,0,0,10.1939,2.08591,8.22704,2.16388,0.427574,1,0.598999
11.9386,0.332571,0.317768,1.49925,2,2.45709,10.2254,2.09389,12.6652,-0.414481,0,0,10.2254,2.09389,8.16061,2.15838,0.45709,1,0.613099
12.0326,0.366698,0.378979,1.49925,2,2.50622,10.2385,2.11665,12.7434,-0.326676,0,0,10.2385,2.11665,7.96325,2.20289,0.506224,1,0.623731
12.1243,0.406561,0.441267,1.49925,2,2.56095,10.2427,2.14387,12.8136,-0.229963,0,0,10.2427,2.14387,7.71362,2.25315,0.560954,1,0.632038
12.2133,0.452092,0.504405,1.49925,2,2.58407,10.266,2.15079,12.9029,-0.149526,0,0,10.266,2.15079,7.42033,2.30153,0.584067,1,0.639762
12.2992,0.503179,0.568288,1.49925,2,2.61252,10.2529,2.12736,12.9938,-0.0480917,0,0,10.2529,2.12736,6.66548,2.38161,0.61252,1,0.644936
12.3817,0.559673,0.63272,1.49925,2,2.65044,10.286,2.18225,13.0529,0.0400411,0,0,10.286,2.18225,6.67073,2.38756,0.650441,1,0.649416
12.4604,0.621378,0.697594,1.49925,2,2.6927,10.2828,2.20529,13.1126,0.14695,0,0,10.2828,2.20529,5.88895,2.50955,0.692704,1,0.6532
12.5349,0.688065,0.762804,1.49925,2,2.70747,10.2981,2.21359,13.189,0.241938,0,0,10.2981,2.21359,4.76333,2.66824,0.707471,1,0.655396
12.6049,0.759478,0.828324,1.49925,2,2.72023,10.3117,2.22269,13.2616,0.340446,0,0,10.3117,2.22269,3.04499,2.88597,0.720233,1,0.657626
12.67,0.835326,0.894076,1.49925,2,2.7508,10.3065,2.24276,13.3131,0.452386,0,0,10.3065,2.24276,22.9804,-5.3044,0.7508,1,0.659472
12.73,0.915296,0.960014,1.49925,2,2.75758,10.3181,2.252,13.3787,0.555779,0,0,10.3181,2.252,23.2259,-4.90158,0.75758,1,0.66095
12.7846,0.999051,1.0261,1.49925,2,2.76209,10.3282,2.26198,13.4402,0.661994,0,0,10.3282,2.26198,23.4568,-4.48778,0.762088,1,0.662256
12.8336,1.08623,1.09232,1.49925,2,2.79486,10.3305,2.32958,13.4644,0.772868,0,0,10.3305,2.32958,23.5807,-4.25221,0.794858,1,0.663139
12.8766,1.17646,1.15863,1.49925,2,2.77679,10.3324,2.28885,13.5386,0.887045,0,0,10.3324,2.28885,23.8717,-3.63075,0.776795,1,0.663893
12.9136,1.26935,1.22501,1.49925,2,2.78373,10.3476,2.34863,13.5732,0.991935,0,0,10.3476,2.34863,23.975,-3.38319,0.783733,1,0.664553
12.9444,1.36449,1.29146,1.49925,2,2.77439,10.3543,2.35896,13.6211,1.10466,0,0,10.3543,2.35896,24.147,-2.93686,0.774394,1,0.665122
12.9687,1.46146,1.35797,1.49925,2,2.77101,10.3517,2.37248,13.6565,1.22203,0,0,10.3517,2.37248,24.3016,-2.48378,0.771011,1,0.66551
12.9866,1.55983,1.42452,1.49925,2,2.75465,10.3577,2.38272,13.6972,1.3374,0,0,10.3577,2.38272,24.4386,-2.02489,0.754654,1,0.665787
12.9978,1.65917,1.4911,1.49925,2,2.73594,10.3623,2.39338,13.7332,1.45433,0,0,10.3623,2.39338,24.5577,-1.56112,0.735938,1,0.666029
13.0025,1.75905,1.5577,1.49925,2,2.72247,10.3697,2.45222,13.7537,1.56127,0,0,10.3697,2.45222,24.607,-1.29629,0.722475,1,0.666213
13.0005,1.85901,1.62432,1.49925,2,2.69369,10.365,2.416,13.7886,1.69244,0,0,10.365,2.416,24.7411,-0.622312,0.693694,1,0.399742
12.9929,1.95872,1.66616,1.49925,2,2.66831,10.3696,2.44664,13.8099,1.80678,0,0,10.3696,2.44664,24.7906,-0.235584,0.668314,1,0.456935
12.9812,2.05802,1.71145,1.49925,2,2.64098,10.3799,2.51395,13.8266,1.90985,0,0,10.3799,2.51395,24.801,-0.0136322,0.640983,1,0.499016
12.9647,2.15664,1.7611,1.49925,2,2.60895,10.3962,2.61401,13.8412,2.00057,0,0,10.3962,2.61401,24.7789,0.05296,0.608954,1,0.277734
12.9443,2.25454,1.78998,1.49925,2,2.57271,10.4142,2.72081,13.8555,2.08662,0,0,10.4142,2.72081,24.7456,0.0796942,0.572707,1,0.0791995
12.9221,2.35203,1.79949,1.49925,2,2.53437,10.4254,2.78763,13.8726,2.18619,0,0,10.4254,2.78763,24.7435,0.289486,0.534373,1,-0.0778056
12.8996,2.44948,1.79312,1.49925,2,2.49575,10.4438,2.89409,13.8871,2.27071,0,0,10.4438,2.89409,24.7077,0.311709,0.495753,1,-0.199145
12.8785,2.54722,1.77393,1.49925,2,2.45863,10.46,2.98941,13.9021,2.36006,0,0,10.46,2.98941,24.6828,0.388984,0.458632,1,-0.29529
12.8597,2.64543,1.74508,1.49925,2,2.42386,10.4728,3.06694,13.9187,2.45843,0,0,10.4728,3.06694,24.6769,0.558662,0.42386,1,-0.366236
12.8441,2.74421,1.70881,1.49925,2,2.39229,10.4889,3.16343,13.934,2.55022,0,0,10.4889,3.16343,24.6585,0.641341,0.392286,1,-0.429081
12.8325,2.84352,1.66622,1.49925,2,2.36473,10.5004,3.23515,13.9513,2.65562,0,0,10.5004,3.23515,24.6668,0.856128,0.364729,1,-0.211406
12.8241,2.94316,1.6442,1.49925,2,2.34105,10.5172,3.3414,13.9654,2.74614,0,0,10.5172,3.3414,10.3756,2.50234,0.341048,1,-0.0325513
12.817,3.04291,1.63988,1.49925,2,2.31889,10.527,3.40735,13.9827,2.85741,0,0,10.527,3.40735,10.3885,2.57272,0.318886,1,0.117256
12.8096,3.14264,1.65055,1.49925,2,2.29975,10.5244,3.4002,14.0016,3.0083,0,0,10.5244,3.4002,10.3885,2.55828,0.299746,1,0.225337
12.8006,3.24223,1.67244,1.49925,2,2.28223,10.5244,3.40844,14.0144,3.1536,0,0,10.5244,3.40844,10.3709,2.55362,0.282228,1,0.315632
12.789,3.34154,1.70346,1.49925,2,2.26857,10.5211,3.39693,14.0193,3.31149,0,0,10.5211,3.39693,10.3635,2.52525,0.268574,1,0.390979
12.7738,3.44039,1.74196,1.49925,2,2.25349,10.5206,3.40867,14.0195,3.45792,0,0,10.5206,3.40867,10.3565,2.52179,0.25349,1,0.444386
12.7547,3.53852,1.78607,1.49925,2,2.23822,10.5183,3.44736,14.0146,3.58989,0,0,10.5183,3.44736,10.3507,2.55089,0.238217,1,0.487961
12.731,3.63566,1.83452,1.49925,2,2.22241,10.5174,3.43771,14.0027,3.74939,0,0,10.5174,3.43771,10.3342,2.51243,0.222407,1,0.521991
12.7024,3.73149,1.88655,1.49925,2,2.2041,10.5152,3.45939,13.9876,3.89137,0,0,10.5152,3.45939,10.3481,2.52718,0.204103,1,0.551935
12.6688,3.82564,1.94153,1.49925,2,2.18647,10.5107,3.47451,13.9645,4.03647,0,0,10.5107,3.47451,10.3325,2.51772,0.186468,1,0.576232
12.6299,3.91776,1.99896,1.49925,2,2.16977,10.5039,3.48399,13.9325,4.18354,0,0,10.5039,3.48399,24.3876,6.31674,0.169775,1,0.59368
12.5857,4.00745,2.05824,1.49925,2,2.13865,10.5099,3.49266,13.9063,4.33497,0,0,10.5099,3.49266,24.2329,6.89598,0.138647,1,0.609926
12.5362,4.09433,2.11904,1.49925,2,2.12207,10.5006,3.49476,13.8573,4.48344,0,0,10.5006,3.49476,4.98762,4.7001,0.122069,1,0.62104
12.4815,4.17801,2.18103,1.49925,2,2.08858,10.4947,3.53386,13.8234,4.61309,0,0,10.4947,3.53386,6.15876,4.51337,0.0885782,1,0.35832
12.4225,4.25878,2.21923,1.49925,2,2.07127,10.4781,3.5452,13.7631,4.75075,0,0,10.4781,3.5452,7.04291,4.33838,0.0712702,1,0.418513
12.3605,4.33723,2.26066,1.49925,2,2.04717,10.4695,3.55295,13.7018,4.89353,0,0,10.4695,3.55295,7.65839,4.21195,0.0471675,1,0.207291
12.296,4.41361,2.28266,1.49925,2,2.00989,10.4862,3.53928,13.637,5.06151,0,0,10.4862,3.53928,8.21911,4.07224,0.00989056,1,0.0372765
12.2305,4.48914,2.2874,1.49925,2,1.98897,10.4752,3.55359,13.5632,5.19954,0,0,10.4752,3.55359,8.41533,4.01675,-0.0110319,1,-0.113374
12.1651,4.56485,2.27712,1.49925,2,1.97073,10.4842,3.53605,13.4688,5.3628,0,0,10.4842,3.53605,8.74444,3.93276,-0.0292652,1,-0.230311
12.101,4.64162,2.25491,1.49925,2,1.96519,10.4756,3.53711,13.3699,5.50381,0,0,10.4756,3.53711,8.92471,3.89681,-0.0348078,1,-0.316412
12.039,4.72007,2.22378,1.49925,2,1.95633,10.4852,3.53148,13.2645,5.65749,0,0,10.4852,3.53148,9.11775,3.85955,-0.0436713,1,-0.393129
11.9798,4.80064,2.18501,1.49925,2,1.96108,10.4818,3.53507,13.1548,5.79329,0,0,10.4818,3.53507,9.18554,3.82803,-0.0389216,1,-0.44926
11.924,4.88361,2.14042,1.49925,2,1.98551,10.4633,3.53873,13.0376,5.90894,0,0,10.4633,3.53873,9.22463,3.81285,-0.0144893,1,-0.223702
11.8711,4.96849,2.1167,1.49925,2,2.00925,10.4824,3.51641,12.901,6.0453,0,0,10.4824,3.51641,9.36506,3.78507,0.00925231,1,-0.0564731
11.8195,5.05414,2.11021,1.49925,2,2.03562,10.4815,3.52003,12.7816,6.15719,0,0,10.4815,3.52003,9.38594,3.76529,0.0356152,1,0.0847603
11.7679,5.13977,2.1177,1.49925,2,2.0654,10.4775,3.52708,12.6637,6.25934,0,0,10.4775,3.52708,9.40114,3.75481,0.0653999,1,0.195648
11.7151,5.2247,2.13671,1.49925,2,2.09918,10.4938,3.51734,12.5296,6.36344,0,0,10.4938,3.51734,9.46202,3.73771,0.0991838,1,0.296408
11.6603,5.30834,2.16565,1.49925,2,2.14767,10.4619,3.52612,12.4145,6.42994,0,0,10.4619,3.52612,9.43828,3.74772,0.147671,1,0.373964
11.6028,5.39012,2.20258,1.49925,2,2.18749,10.45,3.53103,12.294,6.50496,0,0,10.45,3.53103,9.44496,3.75238,0.187493,1,0.429018
11.542,5.46955,2.2452,1.49925,2,2.22223,10.4525,3.53274,12.1681,6.58255,0,0,10.4525,3.53274,9.47063,3.75349,0.222226,1,0.479973
11.4777,5.54614,2.29295,1.49925,2,2.2616,10.4291,3.54235,12.0516,6.64271,0,0,10.4291,3.54235,9.45704,3.76617,0.261597,1,0.519502
11.4097,5.61946,2.34446,1.49925,2,2.29746,10.4144,3.54879,11.9304,6.70262,0,0,10.4144,3.54879,9.45535,3.77596,0.297459,1,0.548583
11.338,5.68906,2.39906,1.49925,2,2.33611,10.4048,3.54742,11.8026,6.75537,0,0,10.4048,3.54742,9.45832,3.77928,0.336114,1,0.572332
11.2624,5.75455,2.4561,1.49925,2,2.36609,10.4038,3.54972,11.6736,6.81048,0,0,10.4038,3.54972,9.47239,3.7857,0.366086,1,0.591718
11.1832,5.81554,2.51504,1.49925,2,2.39797,10.367,3.56075,11.558,6.85107,0,0,10.367,3.56075,9.44063,3.80383,0.397969,1,0.605068
11.1004,5.8717,2.57548,1.49925,2,2.42872,10.3324,3.56763,11.439,6.88729,0,0,10.3324,3.56763,9.40357,3.80853,0.428719,1,0.616727
11.0144,5.9227,2.63709,1.49925,2,2.45196,10.3425,3.56462,11.3015,6.92989,0,0,10.3425,3.56462,9.42576,3.80721,0.451962,1,0.626918
10.9255,5.96827,2.69973,1.49925,2,2.47371,10.272,3.58243,11.1964,6.95738,0,0,10.272,3.58243,9.36081,3.83957,0.473708,1,0.635317
10.8338,6.00814,2.76322,1.49925,2,2.48875,10.1612,3.61199,11.1069,6.98103,0,0,10.1612,3.61199,9.24304,3.87242,0.488752,1,0.641404
10.7397,6.04207,2.82733,1.49925,2,2.49695,10.0512,3.64192,11.0161,7.00551,0,0,10.0512,3.64192,9.13072,3.90735,0.496954,1,0.647229
10.6437,6.06989,2.89201,1.49925,2,2.49781,9.94262,3.67248,10.9248,7.03108,0,0,9.94262,3.67248,9.02466,3.94464,0.49781,1,0.651006
10.546,6.09142,2.95709,1.49925,2,2.49188,9.83533,3.70304,10.8334,7.05695,0,0,9.83533,3.70304,8.92501,3.98431,0.491884,1,0.654168
10.4472,6.10654,3.02248,1.49925,2,2.47863,9.72979,3.73401,10.7426,7.08348,0,0,9.72979,3.73401,8.82494,4.01697,0.478626,1,0.656666
10.3476,6.11516,3.08814,1.49925,2,2.45844,9.62624,3.76494,10.653,7.11016,0,0,9.62624,3.76494,8.73297,4.05321,0.458435,1,0.658747
10.2476,6.11721,-3.12919,1.49925,2,2.43148,9.4846,3.80857,10.5827,7.13105,0,0,9.4846,3.80857,8.59637,4.09899,0.431478,1,0.660414
10.1478,6.11267,-3.06316,1.49925,2,2.39755,9.38677,3.83911,10.4974,7.15741,0,0,9.38677,3.83911,10.2142,3.56401,0.397547,1,0.384802
10.0483,6.10276,-3.02302,1.49925,2,2.35533,9.23472,3.89239,10.4434,7.17628,0,0,9.23472,3.89239,10.0393,3.62288,0.355334,1,0.17202
9.94908,6.08996,-3.00454,1.49925,2,2.31186,9.19078,3.906,10.3386,7.21166,0,0,9.19078,3.906,9.98555,3.63816,0.31186,1,0.00438461
9.85004,6.07618,-3.0031,1.49925,2,2.26803,9.10921,3.93256,10.2522,7.23987,0,0,9.10921,3.93256,9.88932,3.66939,0.268028,1,-0.127511
9.75092,6.06294,-3.01519,1.49925,2,2.22477,9.0355,3.95634,10.1608,7.26973,0,0,9.0355,3.95634,9.80244,3.68705,0.224769,1,-0.238439
9.65159,6.05144,-3.03826,1.49925,2,2.18334,8.9379,3.98805,10.0817,7.29507,0,0,8.9379,3.98805,9.68892,3.72769,0.183336,1,-0.331651
9.55197,6.04267,-3.0703,1.49925,2,2.14458,8.89227,4.00209,9.96869,7.33166,0,0,8.89227,4.00209,8.11196,4.25905,0.144577,1,-0.398873
9.45212,6.03746,-3.10932,1.49925,2,2.10921,8.79505,4.03321,9.88515,7.35833,0,0,8.79505,4.03321,9.52457,3.79304,0.109207,1,-0.447067
9.35213,6.03645,3.1294,1.49925,2,2.07812,8.6859,4.06801,9.80773,7.38256,0,0,8.6859,4.06801,9.40234,3.826,0.0781245,1,-0.493355
9.25221,6.0401,3.08034,1.49925,2,2.05187,8.63488,4.08331,9.68767,7.42043,0,0,8.63488,4.08331,7.88578,4.32285,0.0518653,1,-0.531713
9.1526,6.04885,3.02744,1.49925,2,2.03112,8.54046,4.11217,9.59507,7.44872,0,0,8.54046,4.11217,9.24507,3.89604,0.0311189,1,-0.557533
9.05362,6.06299,2.97182,1.49925,2,2.01626,8.4733,4.13205,9.48046,7.48323,0,0,8.4733,4.13205,9.17634,3.91658,0.0162601,1,-0.580507
8.9556,6.08272,2.9139,1.49925,2,2.00765,8.36709,4.16327,9.39284,7.5088,0,0,8.36709,4.16327,9.06571,3.94904,0.0076499,1,-0.59789
8.85891,6.10818,2.85422,1.49925,2,2.00667,8.29015,4.1838,9.28196,7.53955,0,0,8.29015,4.1838,8.9907,3.97454,0.00667357,1,-0.343606
8.76357,6.13833,2.81808,1.49925,2,2.00998,8.19149,4.21149,9.18745,7.56601,0,0,8.19149,4.21149,8.89231,4.01146,0.00997925,1,-0.145298
8.66903,6.17092,2.80236,1.49925,2,2.01618,8.09854,4.23714,9.08868,7.59338,0,0,8.09854,4.23714,8.80228,4.03107,0.0161779,1,0.0233798
8.57472,6.20418,2.80368,1.49925,2,2.0232,8.00482,4.26291,8.99051,7.62046,0,0,8.00482,4.26291,8.71134,4.05607,0.0231974,1,0.151867
8.48015,6.23668,2.8181,1.49925,2,2.02936,7.9026,4.29125,8.89848,7.64579,0,0,7.9026,4.29125,8.61015,4.08988,0.0293581,1,0.259273
8.38496,6.26732,2.84317,1.49925,2,2.03339,7.82112,4.31366,8.79143,7.67569,0,0,7.82112,4.31366,8.53233,4.10652,0.0333934,1,0.337053
8.28892,6.29515,2.87633,1.49925,2,2.03426,7.72143,4.34165,8.69761,7.70198,0,0,7.72143,4.34165,8.43231,4.13718,0.0342638,1,0.399415
8.19193,6.31947,2.9159,1.49925,2,2.0312,7.60039,4.37632,8.61947,7.72389,0,0,7.60039,4.37632,8.30762,4.16131,0.0311952,1,0.452119
8.094,6.33967,2.96079,1.49925,2,2.02376,7.49019,4.40808,8.53423,7.74795,0,0,7.49019,4.40808,8.19288,4.19576,0.0237637,1,0.230254
7.99541,6.35639,2.98515,1.49925,2,2.00997,7.37551,4.4444,8.45473,7.77307,0,0,7.37551,4.4444,8.07117,4.22552,0.00996876,1,0.0508582
7.89658,6.37162,2.99131,1.49925,2,1.99637,7.32588,4.45856,8.3262,7.81178,0,0,7.32588,4.45856,6.59583,4.68321,-0.00363326,1,-0.0958549
7.79776,6.38698,2.98261,1.49925,2,1.98318,7.21432,4.49157,8.24379,7.83595,0,0,7.21432,4.49157,7.90435,4.2761,-0.0168227,1,-0.204113
7.69918,6.40376,2.96274,1.49925,2,1.97166,7.11458,4.52077,8.15213,7.86266,0,0,7.11458,4.52077,7.79982,4.31016,-0.0283439,1,-0.29728
7.60105,6.42295,2.93366,1.49925,2,1.96258,7.03007,4.54526,8.04811,7.89315,0,0,7.03007,4.54526,7.71387,4.33031,-0.0374155,1,-0.371475
7.5036,6.44537,2.89688,1.49925,2,1.95715,6.9307,4.57395,7.955,7.91992,0,0,6.9307,4.57395,7.61176,4.36705,-0.0428487,1,-0.430661
7.40712,6.47164,2.85423,1.49925,2,1.95604,6.85273,4.59581,7.8445,7.95158,0,0,6.85273,4.59581,7.5358,4.38876,-0.0439638,1,-0.475615
7.31192,6.50223,2.8069,1.49925,2,1.95983,6.76591,4.62,7.74081,7.9807,0,0,6.76591,4.62,6.04704,4.83442,-0.0401677,1,-0.513177
7.21835,6.53747,2.7558,1.49925,2,1.96894,6.67219,4.6458,7.64284,8.00773,0,0,6.67219,4.6458,7.36072,4.44681,-0.0310622,1,-0.274986
7.1263,6.57654,2.7264,1.49925,2,1.98268,6.58682,4.66866,7.53895,8.03589,0,0,6.58682,4.66866,7.28143,4.46957,-0.0173216,1,-0.0851818
7.03502,6.61738,2.71655,1.49925,2,1.99788,6.4725,4.70033,7.45774,8.05801,0,0,6.4725,4.70033,7.16993,4.50059,-0.00212395,1,0.0549016
6.94383,6.65843,2.72134,1.49925,2,2.01378,6.41995,4.71398,7.33027,8.09275,0,0,6.41995,4.71398,5.68019,4.92419,0.0137818,1,0.168968
6.85222,6.6985,2.73767,1.49925,2,2.02882,6.32222,4.74013,7.23634,8.11787,0,0,6.32222,4.74013,5.57847,4.95454,0.0288241,1,0.266407
6.75977,6.73663,2.76372,1.49925,2,2.04154,6.20903,4.77078,7.15301,8.1403,0,0,6.20903,4.77078,5.45584,4.98411,0.041539,1,0.344355
6.66624,6.77199,2.79738,1.49925,2,2.05117,6.07605,4.80756,7.08289,8.15883,0,0,6.07605,4.80756,6.79079,4.59721,0.0511668,1,0.408084
6.57147,6.80389,2.83723,1.49925,2,2.05683,5.98941,4.83113,6.97966,8.18734,0,0,5.98941,4.83113,6.70733,4.6209,0.0568314,1,0.455297
6.47543,6.83171,2.88234,1.49925,2,2.05771,5.87881,4.86239,6.89339,8.21132,0,0,5.87881,4.86239,6.59525,4.65131,0.0577147,1,0.494011
6.37818,6.85497,2.93151,1.49925,2,2.05345,5.77653,4.89164,6.80179,8.23732,0,0,5.77653,4.89164,6.49127,4.66993,0.0534482,1,0.530011
6.27987,6.87325,2.98429,1.49925,2,2.04373,5.68191,4.91895,6.70574,8.26507,0,0,5.68191,4.91895,6.39327,4.70023,0.0437315,1,0.556837
6.18073,6.88617,3.03979,1.49925,2,2.02817,5.55961,4.95545,6.63124,8.28657,0,0,5.55961,4.95545,6.26195,4.73953,0.028173,1,0.312544
6.08109,6.89466,3.07226,1.49925,2,2.0067,5.42869,4.99697,6.56634,8.30612,0,0,5.42869,4.99697,6.1191,4.7754,0.00670218,1,0.120721
5.98129,6.90087,3.08549,1.49925,2,1.9829,5.39444,5.0068,6.43006,8.34929,0,0,5.39444,5.0068,4.67219,5.23819,-0.0171012,1,-0.029181
5.88145,6.90655,3.08332,1.49925,2,1.9592,5.29756,5.03639,6.34042,8.37662,0,0,5.29756,5.03639,4.58335,5.26518,-0.0408015,1,-0.157681
5.78166,6.91308,3.06845,1.49925,2,1.93659,5.20929,5.06301,6.24352,8.40593,0,0,5.20929,5.06301,5.88291,4.84956,-0.0634142,1,-0.255072
5.68203,6.9216,3.04353,1.49925,2,1.91578,5.10215,5.09569,6.16132,8.43079,0,0,5.10215,5.09569,5.76658,4.88816,-0.0842191,1,-0.336026
5.58269,6.93301,3.01041,1.49925,2,1.89818,5.01137,5.12285,6.06457,8.45985,0,0,5.01137,5.12285,5.67036,4.91156,-0.101822,1,-0.400263
5.48383,6.94804,2.97077,1.49925,2,1.8844,4.93956,5.14395,5.95024,8.49407,0,0,4.93956,5.14395,5.59645,4.94142,-0.115599,1,-0.452817
5.3857,6.96723,2.9258,1.49925,2,1.87527,4.82604,5.17742,5.87036,8.5172,0,0,4.82604,5.17742,5.4775,4.97327,-0.124727,1,-0.498522
5.28858,6.99104,2.87627,1.49925,2,1.87132,4.76644,5.19404,5.74282,8.55432,0,0,4.76644,5.19404,5.42052,5.00355,-0.128682,1,-0.531493
5.19282,7.0198,2.82332,1.49925,2,1.87305,4.66913,5.22145,5.64749,8.58114,0,0,4.66913,5.22145,5.32353,5.03296,-0.126954,1,-0.5595
5.09876,7.05371,2.76754,1.49925,2,1.88058,4.56679,5.24994,5.55664,8.60627,0,0,4.56679,5.24994,5.22278,5.06477,-0.119418,1,-0.579906
5.00678,7.09292,2.70965,1.49925,2,1.89472,4.52442,5.26063,5.41527,8.64459,0,0,4.52442,5.26063,3.82727,5.4544,-0.105285,1,-0.597724
4.91727,7.13746,2.64998,1.49925,2,1.91738,4.4156,5.28688,5.33115,8.66423,0,0,4.4156,5.28688,5.08893,5.10707,-0.0826218,1,-0.357727
4.83003,7.18634,2.61301,1.49925,2,1.94279,4.31784,5.31227,5.24036,8.68773,0,0,4.31784,5.31227,4.99973,5.12845,-0.0572053,1,-0.151125
4.74413,7.23754,2.59645,1.49925,2,1.97114,4.22618,5.33567,5.14567,8.71195,0,0,4.22618,5.33567,4.91766,5.15609,-0.0288641,1,0.0133985
4.65867,7.28947,2.59615,1.49925,2,2.0005,4.13241,5.35943,5.05294,8.73544,0,0,4.13241,5.35943,4.83411,5.17729,0.000495434,1,0.140927
4.57286,7.34081,2.60947,1.49925,2,2.02909,4.03101,5.38541,4.96546,8.75758,0,0,4.03101,5.38541,4.74223,5.19432,0.0290859,1,0.248924
4.48611,7.39055,2.63339,1.49925,2,2.05571,3.94997,5.40598,4.86259,8.78413,0,0,3.94997,5.40598,4.67213,5.21279,0.0557086,1,0.323768
4.39799,7.43782,2.6654,1.49925,2,2.07939,3.84985,5.43197,4.77228,8.80746,0,0,3.84985,5.43197,4.57993,5.23228,0.0793922,1,0.393413
4.30826,7.48193,2.70432,1.49925,2,2.09965,3.76291,5.45434,4.67177,8.8335,0,0,3.76291,5.45434,2.98997,5.67106,0.0996518,1,0.445922
4.21676,7.52227,2.7487,1.49925,2,2.11504,3.65114,5.48426,4.58693,8.85606,0,0,3.65114,5.48426,4.39307,5.27642,0.115043,1,0.492749
4.12348,7.55829,2.7977,1.49925,2,2.12474,3.51277,5.5232,4.51855,8.87479,0,0,3.51277,5.5232,4.2532,5.30594,0.124743,1,0.526847
4.0285,7.58953,2.85014,1.49925,2,2.12962,3.45226,5.53935,4.3991,8.90807,0,0,3.45226,5.53935,2.66983,5.76667,0.129622,1,0.552933
3.93198,7.61561,2.9053,1.49925,2,2.1286,3.32605,5.57507,4.32214,8.92956,0,0,3.32605,5.57507,4.06889,5.35219,0.128605,1,0.577148
3.83414,7.63622,2.96287,1.49925,2,2.12165,3.20533,5.60989,4.24242,8.95192,0,0,3.20533,5.60989,3.9426,5.3864,0.121654,1,0.595072
3.73526,7.65107,3.02226,1.49925,2,2.10809,3.12463,5.63336,4.13823,8.98259,0,0,3.12463,5.63336,2.35359,5.87224,0.108088,1,0.609265
3.63567,7.65996,3.08307,1.49925,2,2.08819,3.01284,5.66682,4.05654,9.00679,0,0,3.01284,5.66682,3.73845,5.43651,0.0881865,1,0.62068
3.53573,7.66271,-3.13812,1.49925,2,2.06191,2.90538,5.69952,3.97514,9.03124,0,0,2.90538,5.69952,2.15353,5.94367,0.0619056,1,0.349198
3.43576,7.66046,-3.10157,1.49925,2,2.03008,2.78466,5.73763,3.90696,9.05202,0,0,2.78466,5.73763,3.48432,5.5088,0.0300758,1,0.136691
3.33587,7.65565,-3.08662,1.49925,2,1.99553,2.72417,5.75619,3.79682,9.08698,0,0,2.72417,5.75619,1.99833,5.99509,-0.00447023,1,-0.0243815
3.23602,7.65017,-3.08793,1.49925,2,1.96009,2.63274,5.78523,3.70975,9.11461,0,0,2.63274,5.78523,3.31162,5.56283,-0.0399066,1,-0.14507
3.13613,7.64547,-3.10184,1.49925,2,1.92553,2.51807,5.82184,3.64127,9.13592,0,0,2.51807,5.82184,3.18164,5.60524,-0.0744727,1,-0.253927
3.03618,7.64271,-3.12658,1.49925,2,1.89221,2.44706,5.84454,3.53651,9.16988,0,0,2.44706,5.84454,3.1014,5.63446,-0.107794,1,-0.338178
2.93618,7.64285,3.1233,1.49925,2,1.86257,2.35912,5.87193,3.44326,9.19899,0,0,2.35912,5.87193,3.00379,5.65864,-0.137432,1,-0.407526
2.83626,7.64665,3.08324,1.49925,2,1.83664,2.28875,5.89351,3.33189,9.23366,0,0,2.28875,5.89351,1.61948,6.10836,-0.16336,1,-0.462646
2.7366,7.65474,3.03747,1.49925,2,1.81527,2.17667,5.92798,3.25603,9.25661,0,0,2.17667,5.92798,2.80486,5.73253,-0.18473,1,-0.503983
2.63744,7.6676,2.9874,1.49925,2,1.79906,2.11641,5.94564,3.12983,9.29493,0,0,2.11641,5.94564,1.45739,6.14819,-0.200939,1,-0.534548
2.53908,7.68558,2.9341,1.49925,2,1.78855,2.01948,5.97417,3.03606,9.3225,0,0,2.01948,5.97417,2.64271,5.77905,-0.21145,1,-0.560848
2.44185,7.70889,2.8782,1.49925,2,1.78404,1.94736,5.99475,2.91726,9.3569,0,0,1.94736,5.99475,2.57144,5.81204,-0.215959,1,-0.580497
2.3461,7.73771,2.82023,1.49925,2,1.78577,1.84152,6.02471,2.83027,9.38136,0,0,1.84152,6.02471,2.46473,5.84537,-0.214229,1,-0.597552
2.25222,7.7721,2.76056,1.49925,2,1.79387,1.76282,6.04628,2.71748,9.41279,0,0,1.76282,6.04628,2.39126,5.86425,-0.206132,1,-0.612665
2.16059,7.8121,2.69941,1.49925,2,1.80861,1.68227,6.06789,2.60771,9.44255,0,0,1.68227,6.06789,1.01509,6.25471,-0.191395,1,-0.623126
2.07159,7.85767,2.63717,1.49925,2,1.83052,1.60086,6.08872,2.50072,9.47029,0,0,1.60086,6.08872,2.24514,5.91254,-0.169483,1,-0.631669
1.98563,7.90873,2.57406,1.49925,2,1.85833,1.51979,6.10973,2.39697,9.49726,0,0,1.51979,6.10973,0.832611,6.29331,-0.141668,1,-0.388312
1.90242,7.96419,2.53425,1.49925,2,1.89176,1.41924,6.13517,2.313,9.51836,0,0,1.41924,6.13517,2.0849,5.95974,-0.108237,1,-0.175581
1.82089,8.02209,2.5152,1.49925,2,1.92843,1.35797,6.15005,2.19797,9.54698,0,0,1.35797,6.15005,0.644166,6.33464,-0.0715722,1,-0.0135792
1.73998,8.08086,2.51271,1.49925,2,1.96623,1.26323,6.1733,2.11169,9.56813,0,0,1.26323,6.1733,0.534494,6.36131,-0.0337694,1,0.122594
1.65883,8.13929,2.52361,1.49925,2,2.00362,1.16028,6.19868,2.03098,9.58788,0,0,1.16028,6.19868,1.86695,6.01365,0.00362349,1,0.228167
1.57672,8.19637,2.54548,1.49925,2,2.03942,1.07799,6.21887,1.93372,9.61187,0,0,1.07799,6.21887,0.32466,6.4185,0.0394223,1,0.312217
1.49314,8.25125,2.57619,1.49925,2,2.07222,0.977967,6.24409,1.84791,9.63348,0,0,0.977967,6.24409,0.214362,6.45152,0.0722184,1,0.382311
1.40772,8.30324,2.614,1.49925,2,2.10183,0.855621,6.27521,1.77478,9.65158,0,0,0.855621,6.27521,1.59382,6.0736,0.101834,1,0.438884
1.32025,8.3517,2.65755,1.49925,2,2.12717,0.637074,6.33722,1.76092,9.65109,1.76092,9.65109,0.637074,6.33722,1.36928,6.13396,0.127172,2,0.484566
1.23066,8.3961,2.70574,1.49925,2,2.14375,0.604858,6.34572,1.62636,9.69256,1.76092,9.65109,0.604858,6.34572,1.35048,6.13029,0.143748,1,0.519434
1.13896,8.43595,2.75754,1.49925,2,2.15782,0.54401,6.36177,1.50881,9.72539,1.76092,9.65109,0.54401,6.36177,1.29929,6.14032,0.157824,1,0.548002
1.04527,8.47088,2.8122,1.49925,2,2.16708,0.416265,6.39709,1.43193,9.74569,1.76092,9.65109,0.416265,6.39709,1.17056,6.17741,0.167084,1,0.573303
0.949774,8.50051,2.86938,1.49925,2,2.17015,0.329894,6.42077,1.32942,9.77423,1.76092,9.65109,0.329894,6.42077,1.08669,6.19789,0.170152,1,0.59255
0.85272,8.52454,2.92846,1.49925,2,2.16683,0.211542,6.45475,1.24699,9.7973,1.76092,9.65109,0.211542,6.45475,0.965078,6.21741,0.166827,1,0.606926
0.754403,8.54273,2.98906,1.49925,2,2.15703,0.133136,6.4771,1.14099,9.82807,1.76092,9.65109,0.133136,6.4771,-0.656496,6.71983,0.15703,1,0.619718
0.655158,8.55486,3.05093,1.49925,2,2.14072,-0.0132697,6.52117,1.07935,9.84547,1.76092,9.65109,-0.0132697,6.52117,0.726675,6.286,0.140717,1,0.628514
0.55535,8.56078,3.11374,1.49925,2,2.11767,-0.0848284,6.54219,0.973004,9.87772,1.76092,9.65109,-0.0848284,6.54219,0.650311,6.29889,0.117673,1,0.636316
0.455367,8.56039,-3.10586,1.49925,2,2.08808,-0.188248,6.57398,0.890339,9.90285,1.76092,9.65109,-0.188248,6.57398,0.534872,6.3362,0.0880759,1,0.374785
0.355531,8.55477,-3.06655,1.49925,2,2.05282,-0.268613,6.59913,0.795308,9.93272,1.76092,9.65109,-0.268613,6.59913,-1.01351,6.84596,0.0528193,1,0.153355
0.255885,8.54638,-3.04989,1.49925,2,2.01452,-0.39152,6.63872,0.733033,9.95235,1.76092,9.65109,-0.39152,6.63872,0.302788,6.40409,0.0145175,1,-0.0124928
0.156308,8.53719,-3.05014,1.49925,2,1.97418,-0.47861,6.66789,0.646785,9.98123,1.76092,9.65109,-0.47861,6.66789,0.201762,6.43668,-0.0258154,1,-0.139388
0.0566709,8.52869,-3.06345,1.49925,2,1.93576,-0.558278,6.69321,0.553361,10.0112,1.76092,9.65109,-0.558278,6.69321,0.109807,6.4684,-0.0642447,1,-0.249624
-0.0431015,8.52198,-3.08686,1.49925,2,1.89927,-0.625732,6.71429,0.447719,10.0448,1.76092,9.65109,-0.625732,6.71429,-1.31688,6.94136,-0.100733,1,-0.334449
-0.143021,8.51809,-3.11938,1.49925,2,1.86541,-0.711012,6.74126,0.35446,10.0744,1.76092,9.65109,-0.711012,6.74126,-1.38883,6.96459,-0.134591,1,-0.395349
-0.243014,8.51781,3.1247,1.49925,2,1.83516,-0.809134,6.77215,0.270335,10.1007,1.76092,9.65109,-0.809134,6.77215,-1.47684,6.99242,-0.164844,1,-0.45233
-0.34293,8.52171,3.07992,1.49925,2,1.80928,-0.887999,6.7965,0.166199,10.1332,1.76092,9.65109,-0.887999,6.7965,-1.54674,7.01014,-0.190724,1,-0.495061
-0.442549,8.53032,3.03072,1.49925,2,1.7884,-0.975951,6.82331,0.067722,10.1633,1.76092,9.65109,-0.975951,6.82331,-0.354764,6.6316,-0.211598,1,-0.528255
-0.541599,8.54398,2.97806,1.49925,2,1.77311,-1.04133,6.84276,-0.0551019,10.2002,1.76092,9.65109,-1.04133,6.84276,-1.68962,7.0408,-0.226894,1,-0.556091
-0.639765,8.56298,2.92264,1.49925,2,1.76371,-1.17144,6.88132,-0.116575,10.2178,1.76092,9.65109,-1.17144,6.88132,-0.559519,6.69127,-0.236293,1,-0.578068
-0.736699,8.58749,2.86501,1.49925,2,1.76053,-1.21745,6.89388,-0.261905,10.2601,1.76092,9.65109,-1.21745,6.89388,-1.86023,7.08821,-0.239472,1,-0.595724
-0.832033,8.61764,2.80558,1.49925,2,1.7632,-1.38427,6.94315,-0.2883,10.2663,-0.2883,10.2663,-1.38427,6.94315,-0.775485,6.76444,-0.236801,2,-0.609703
-0.92538,8.65346,2.74468,1.49925,2,1.77137,-1.40595,6.94852,-0.456609,10.3165,-0.2883,10.2663,-1.40595,6.94852,-0.785205,6.77093,-0.228626,1,-0.621432
-1.01635,8.69495,2.68262,1.49925,2,1.78779,-1.48802,6.97051,-0.564814,10.3458,-0.2883,10.2663,-1.48802,6.97051,-2.14849,7.15358,-0.212215,1,-0.63063
-1.10455,8.74204,2.61961,1.49925,2,1.81088,-1.57041,6.99211,-0.670198,10.3736,-0.2883,10.2663,-1.57041,6.99211,-2.23729,7.17765,-0.18912,1,-0.638527
-1.18958,8.79463,2.55582,1.49925,2,1.84038,-1.65232,7.01337,-0.772488,10.4002,-0.2883,10.2663,-1.65232,7.01337,-2.33533,7.19205,-0.159617,1,-0.399139
-1.27172,8.85166,2.51471,1.49925,2,1.8758,-1.72291,7.03093,-0.881231,10.4274,-0.2883,10.2663,-1.72291,7.03093,-2.42085,7.20551,-0.124198,1,-0.189642
-1.35208,8.91117,2.4947,1.49925,2,1.9145,-1.81733,7.05406,-0.966969,10.4484,-0.2883,10.2663,-1.81733,7.05406,-2.52531,7.23962,-0.0855023,1,-0.0260083
-1.43175,8.97161,2.49128,1.49925,2,1.95436,-1.91317,7.07746,-1.0512,10.4689,-0.2883,10.2663,-1.91317,7.07746,-2.63699,7.26688,-0.0456361,1,0.123827
-1.51165,9.03175,2.50246,1.49925,2,1.99388,-2.0149,7.10242,-1.13169,10.4884,-0.2883,10.2663,-2.0149,7.10242,-1.31271,6.9196,-0.00611579,1,0.244889
-1.59258,9.09047,2.52611,1.49925,2,2.03156,-2.09317,7.12156,-1.23093,10.5129,-0.2883,10.2663,-2.09317,7.12156,-1.37588,6.93274,0.0315559,1,0.331974
-1.67514,9.14689,2.55869,1.49925,2,2.06641,-2.18896,7.14538,-1.31886,10.5347,-0.2883,10.2663,-2.18896,7.14538,-1.45982,6.9517,0.0664117,1,0.40027
-1.75967,9.20031,2.59804,1.49925,2,2.09802,-2.27233,7.16589,-1.41728,10.5591,-0.2883,10.2663,-2.27233,7.16589,-3.04622,7.37269,0.0980198,1,0.454588
-1.84637,9.25012,2.64279,1.49925,2,2.12615,-2.38157,7.19243,-1.50073,10.579,-0.2883,10.2663,-2.38157,7.19243,-3.16999,7.39991,0.126151,1,0.494089
-1.93532,9.2958,2.69188,1.49925,2,2.14818,-2.51902,7.22844,-1.56821,10.596,-0.2883,10.2663,-2.51902,7.22844,-1.76671,7.0179,0.148178,1,0.527461
-2.02647,9.33689,2.74443,1.49925,2,2.16473,-2.61429,7.25349,-1.6641,10.6213,-0.2883,10.2663,-2.61429,7.25349,-1.85624,7.04293,0.164735,1,0.557369
-2.11971,9.373,2.7999,1.49925,2,2.17539,-2.74039,7.28804,-1.74199,10.6418,-0.2883,10.2663,-2.74039,7.28804,-1.98185,7.06758,0.17539,1,0.578306
-2.21484,9.40378,2.8576,1.49925,2,2.17977,-2.8256,7.31132,-1.84514,10.6704,-0.2883,10.2663,-2.8256,7.31132,-2.06381,7.08611,0.179775,1,0.596808
-2.31161,9.42894,2.91712,1.49925,2,2.17771,-2.94329,7.34485,-1.92828,10.6937,-0.2883,10.2663,-2.94329,7.34485,-2.18479,7.11592,0.177715,1,0.610701
-2.40972,9.44822,2.97806,1.49925,2,2.16916,-3.02107,7.36699,-2.03485,10.7244,-0.2883,10.2663,-3.02107,7.36699,-2.26316,7.13807,0.169157,1,0.622033
-2.50883,9.46143,3.04016,1.49925,2,2.15396,-3.1677,7.41071,-2.09732,10.7422,-0.2883,10.2663,-3.1677,7.41071,-2.42171,7.18157,0.153964,1,0.630498
-2.60857,9.46842,3.10316,1.49925,2,2.13211,-3.23912,7.43169,-2.20424,10.7744,-0.2883,10.2663,-3.23912,7.43169,-2.49741,7.19393,0.132105,1,0.638098
-2.70855,9.46908,-3.11627,1.49925,2,2.10358,-3.34282,7.4634,-2.28772,10.7998,-0.2883,10.2663,-3.34282,7.4634,-2.61275,7.23087,0.103577,1,0.644144
-2.80836,9.46333,-3.05189,1.49925,2,2.0707,-3.37428,7.47146,-2.41795,10.8375,-0.2883,10.2663,-3.37428,7.47146,-2.6469,7.23234,0.0707026,1,0.376892
-2.90775,9.45232,-3.01233,1.49925,2,2.03623,-3.38634,7.47313,-2.56388,10.8744,-0.2883,10.2663,-3.38634,7.47313,-2.65823,7.2299,0.036226,1,0.163428
-3.00679,9.43849,-2.99471,1.49925,2,2.00332,-3.37476,7.46926,-2.73202,10.909,-0.2883,10.2663,-3.37476,7.46926,-2.63962,7.22438,0.00332332,1,-0.0110015
-3.1057,9.42378,-2.99441,1.49925,2,1.97189,-3.39945,7.4739,-2.87817,10.9341,-0.2883,10.2663,-3.39945,7.4739,-2.65921,7.21596,-0.0281119,1,-0.145654
-3.20471,9.40975,-3.00803,1.49925,2,1.95157,-3.3866,7.46667,-3.06047,10.9507,-0.2883,10.2663,-3.3866,7.46667,-2.63131,7.21662,-0.0484252,1,-0.256213
-3.30397,9.39763,-3.03288,1.49925,2,1.93371,-3.36375,7.46484,-3.25558,10.9624,-0.2883,10.2663,-3.36375,7.46484,-2.5789,7.19602,-0.0662862,1,-0.336358
-3.40354,9.3884,-3.06596,1.49925,2,1.918,-3.39237,7.47043,-3.41274,10.9696,-0.2883,10.2663,-3.39237,7.47043,-2.59212,7.1988,-0.0819993,1,-0.414815
-3.50338,9.38281,-3.10642,1.49925,2,1.92733,-3.36842,7.46021,-3.61344,10.9509,-0.2883,10.2663,-3.36842,7.46021,-2.52885,7.19556,-0.0726668,1,-0.464227
-3.60336,9.38157,3.13089,1.49925,2,1.92932,-3.35532,7.46826,-3.80519,10.9385,-0.2883,10.2663,-3.35532,7.46826,-2.45305,7.16112,-0.0706798,1,-0.50527
-3.70329,9.38512,3.08085,1.49925,2,1.94848,-3.34754,7.46939,-3.98642,10.9098,-0.2883,10.2663,-3.34754,7.46939,-2.38964,7.15676,-0.0515213,1,-0.261228
-3.80299,9.39272,3.05229,1.49925,2,1.98003,-3.36151,7.46254,-4.14173,10.8737,-0.2883,10.2663,-3.36151,7.46254,-2.35358,7.15083,-0.0199704,1,-0.0692254
-3.90255,9.40211,3.04402,1.49925,2,2.01715,-3.3327,7.46712,-4.32125,10.8238,-0.2883,10.2663,-3.3327,7.46712,-2.20541,7.10097,0.0171549,1,0.0833466
-4.0021,9.41154,3.05129,1.49925,2,2.05,-3.37454,7.45996,-4.44576,10.7912,-0.2883,10.2663,-3.37454,7.45996,-2.20837,7.10124,0.0500047,1,0.208644
-4.10178,9.41962,3.07115,1.49925,2,2.08857,-3.35453,7.4693,-4.60649,10.7369,-0.2883,10.2663,-3.35453,7.4693,-2.04617,7.0519,0.0885692,1,0.30881
-4.20162,9.4252,3.10113,1.49925,2,2.14985,-3.37261,7.44162,-4.72196,10.6702,-0.2883,10.2663,-3.37261,7.44162,-1.987,7.02371,0.149848,1,0.377137
-4.30159,9.42739,3.13851,1.49925,2,2.19384,-3.38058,7.43625,-4.84962,10.6122,-0.2883,10.2663,-3.38058,7.43625,-1.85993,6.9706,0.193835,1,0.437308
-4.40156,9.42556,-3.10143,1.49925,2,2.22109,-3.38283,7.45188,-4.98781,10.5613,-0.2883,10.2663,-3.38283,7.45188,-1.65035,6.8869,0.221094,1,0.484177
-4.50135,9.41916,-3.05329,1.49925,2,2.26355,-3.40192,7.44054,-5.10154,10.4993,-0.2883,10.2663,-3.40192,7.44054,-1.48942,6.80637,0.26355,1,0.521096
-4.60069,9.40777,-3.00144,1.49925,2,2.30438,-3.41281,7.43315,-5.21662,10.4317,-0.2883,10.2663,-3.41281,7.43315,-1.24983,6.69719,0.304378,1,0.550167
-4.69927,9.39111,-2.94663,1.49925,2,2.34558,-3.41593,7.42774,-5.33048,10.3568,-0.2883,10.2663,-3.41593,7.42774,-0.900815,6.54643,0.345581,1,0.57349
-4.79677,9.36895,-2.88944,1.49925,2,2.38788,-3.44609,7.39978,-5.42541,10.2854,-0.2883,10.2663,-3.44609,7.39978,-0.710394,6.44844,0.387884,1,0.593282
-4.89282,9.34116,-2.83031,1.49925,2,2.42443,-3.43935,7.40073,-5.53719,10.2014,-0.2883,10.2663,-3.43935,7.40073,-0.0640291,6.18547,0.424428,1,0.609226
-4.98703,9.30767,-2.76958,1.49925,2,2.45661,-3.46399,7.38017,-5.63344,10.1257,-0.2883,10.2663,-3.46399,7.38017,0.361533,6.00619,0.456606,1,0.62074
-5.079,9.26846,-2.70759,1.49925,2,2.48543,-3.48584,7.36079,-5.72886,10.0466,-0.2883,10.2663,-3.48584,7.36079,1.23356,5.60425,0.48543,1,0.630957
-5.16835,9.22358,-2.64457,1.49925,2,2.51068,-3.47289,7.37185,-5.83593,9.9527,-0.2883,10.2663,-3.47289,7.37185,3.42315,4.74683,0.510676,1,0.638046
-5.25467,9.17313,-2.58081,1.49925,2,2.53271,-3.49117,7.35526,-5.92767,9.86688,-0.2883,10.2663,-3.49117,7.35526,-13.6102,17.7862,0.532708,1,0.643878
-5.33759,9.11726,-2.51646,1.49925,2,2.55166,-3.50773,7.33889,-6.01713,9.77768,-0.2883,10.2663,-3.50773,7.33889,-13.9431,17.4806,0.551661,1,0.648375
-5.41672,9.05616,-2.45164,1.49925,2,2.57285,-3.48885,7.35238,-6.11089,9.66963,-0.2883,10.2663,-3.48885,7.35238,-14.4085,17.0027,0.572854,1,0.652232
-5.49172,8.99004,-2.38644,1.49925,2,2.59372,-3.52632,7.29754,-6.17789,9.58093,-0.2883,10.2663,-3.52632,7.29754,-14.5848,16.8205,0.593723,1,0.655294
-5.56225,8.91916,-2.32093,1.49925,2,2.60214,-3.53942,7.2823,-6.25963,9.48349,-0.2883,10.2663,-3.53942,7.2823,-14.8907,16.4677,0.602142,1,0.657629
-5.62797,8.84382,-2.25518,1.49925,2,2.60766,-3.55124,7.26677,-6.33803,9.38303,-0.2883,10.2663,-3.55124,7.26677,-15.1847,16.1011,0.607657,1,0.659576
-5.68859,8.76431,-2.18923,1.49925,2,2.61018,-3.53577,7.28836,-6.42187,9.26704,-0.2883,10.2663,-3.53577,7.28836,-15.5859,15.5498,0.610182,1,0.661193
-5.74383,8.68098,-2.12313,1.49925,2,2.61676,-3.56545,7.23112,-6.47848,9.16993,-0.2883,10.2663,-3.56545,7.23112,-15.7335,15.3298,0.616758,1,0.662375
-5.79344,8.59417,-2.0569,1.49925,2,2.61169,-3.57503,7.21592,-6.54735,9.06256,-0.2883,10.2663,-3.57503,7.21592,-15.9864,14.9269,0.611693,1,0.663235
-5.83719,8.50427,-1.99058,1.49925,2,2.60376,-3.58346,7.20034,-6.61231,8.95272,-0.2883,10.2663,-3.58346,7.20034,-16.224,14.5137,0.603757,1,0.663995
-5.87489,8.41167,-1.92419,1.49925,2,2.59305,-3.56959,7.22446,-6.68054,8.82657,-0.2883,10.2663,-3.56959,7.22446,-16.5433,13.9058,0.593046,1,0.664607
-5.90636,8.31677,-1.85773,1.49925,2,2.58039,-3.59588,7.16781,-6.7291,8.7259,-0.2883,10.2663,-3.59588,7.16781,-16.6511,13.6599,0.580393,1,0.665063
-5.93145,8.21999,-1.79123,1.49925,2,2.56247,-3.62111,7.11157,-6.77605,8.6252,-0.2883,10.2663,-3.62111,7.11157,-16.7507,13.4107,0.562473,1,0.665468
-5.95005,8.12175,-1.72468,1.49925,2,2.53827,-3.66513,7.01632,-6.81511,8.54026,-0.2883,10.2663,-3.66513,7.01632,-16.7523,13.3478,0.538271,1,0.665781
-5.96208,8.02249,-1.65811,1.49925,2,2.50715,-3.70872,6.92332,-6.85375,8.45744,-0.2883,10.2663,-3.70872,6.92332,-16.7474,13.2835,0.507155,1,0.410832
-5.96861,7.92271,-1.6155,1.49925,2,2.47002,-3.75928,6.81823,-6.88921,8.38294,-0.2883,10.2663,-3.75928,6.81823,-16.7021,13.2886,0.470021,1,0.181729
-5.97197,7.82277,-1.59526,1.49925,2,2.42964,-3.79575,6.7424,-6.93002,8.29839,-0.2883,10.2663,-3.79575,6.7424,-16.7203,13.1588,0.429641,1,0.0139052
-5.97417,7.7228,-1.59202,1.49925,2,2.38797,-3.85058,6.63065,-6.96241,8.23104,-0.2883,10.2663,-3.85058,6.63065,-16.6456,13.211,0.387973,1,-0.124507
-5.97676,7.62283,-1.60281,1.49925,2,2.34645,-3.883,6.5636,-7.00542,8.14323,-0.2883,10.2663,-3.883,6.5636,-16.6845,13.0398,0.346447,1,-0.229156
-5.981,7.52292,-1.62458,1.49925,2,2.30685,-3.90906,6.50871,-7.05198,8.04717,-0.2883,10.2663,-3.90906,6.50871,-16.759,12.7987,0.306847,1,-0.315357
-5.98787,7.42316,-1.65525,1.49925,2,2.27,-3.94482,6.43379,-7.09422,7.95893,-0.2883,10.2663,-3.94482,6.43379,-16.7881,12.6533,0.27,1,-0.382237
-5.99816,7.3237,-1.69301,1.49925,2,2.23612,-3.98839,6.34337,-7.13343,7.87747,-0.2883,10.2663,-3.98839,6.34337,-3.63495,7.07522,0.236122,1,-0.437625
-6.01249,7.22474,-1.73644,1.49925,2,2.20658,-4.02071,6.2751,-7.17932,7.78106,-0.2883,10.2663,-4.02071,6.2751,-3.66572,6.99915,0.206579,1,-0.483267
-6.03132,7.12654,-1.78445,1.49925,2,2.18554,-4.00839,6.29929,-7.24729,7.62379,-0.2883,10.2663,-4.00839,6.29929,-3.64958,7.03332,0.185536,1,-0.227839
-6.05385,7.02911,-1.80953,1.49925,2,2.17388,-4.00693,6.29708,-7.30182,7.47542,-0.2883,10.2663,-4.00693,6.29708,-3.65859,7.04255,0.173877,1,-0.0501759
-6.07787,6.93204,-1.81597,1.49925,2,2.16591,-4.00713,6.29708,-7.35263,7.32293,-0.2883,10.2663,-4.00713,6.29708,-3.64491,7.05753,0.16591,1,0.0863316
-6.1018,6.83495,-1.80815,1.49925,2,2.16127,-4.01032,6.29017,-7.39658,7.17221,-0.2883,10.2663,-4.01032,6.29017,-3.64758,7.06695,0.161267,1,0.204206
-6.12439,6.73753,-1.78844,1.49925,2,2.16522,-4.00241,6.30696,-7.43177,7.00282,-0.2883,10.2663,-4.00241,6.30696,-3.61223,7.11431,0.165224,1,0.303264
-6.14458,6.6396,-1.759,1.49925,2,2.17765,-3.99861,6.26955,-7.44696,6.86418,-0.2883,10.2663,-3.99861,6.26955,-3.61533,7.09542,0.177646,1,0.373694
-6.16149,6.54104,-1.72206,1.49925,2,2.18154,-3.9947,6.28778,-7.47029,6.69402,-0.2883,10.2663,-3.9947,6.28778,-3.58831,7.15089,0.181544,1,0.432296
-6.17446,6.44189,-1.67924,1.49925,2,2.18827,-3.9921,6.28112,-7.48189,6.53822,-0.2883,10.2663,-3.9921,6.28112,-18.142,7.32356,0.188274,1,0.479914
-6.18292,6.34226,-1.63158,1.49925,2,2.17068,-4.01428,6.24823,-7.51025,6.39982,-0.2883,10.2663,-4.01428,6.24823,-18.1717,6.86211,0.170681,1,0.520228
-6.18643,6.24234,-1.57992,1.49925,2,2.18328,-4.00323,6.26051,-7.50235,6.23138,-0.2883,10.2663,-4.00323,6.26051,2.21171,3.09857,0.183285,1,0.550735
-6.18461,6.14237,-1.52503,1.49925,2,2.18389,-4.003,6.24227,-7.49859,6.08219,-0.2883,10.2663,-4.003,6.24227,0.304569,3.98648,0.183893,1,0.573884
-6.17719,6.04266,-1.46778,1.49925,2,2.18636,-3.99883,6.22949,-7.48528,5.93046,-0.2883,10.2663,-3.99883,6.22949,-0.400121,4.37543,0.186355,1,0.591737
-6.16398,5.94355,-1.40871,1.49925,2,2.17144,-4.0056,6.18132,-7.48381,5.79815,-0.2883,10.2663,-4.0056,6.18132,-0.940219,4.5718,0.171438,1,0.606912
-6.14487,5.84541,-1.34813,1.49925,2,2.17074,-3.99944,6.17591,-7.45789,5.64313,-0.2883,10.2663,-3.99944,6.17591,-1.57233,4.85326,0.170738,1,0.619334
-6.11979,5.74862,-1.28632,1.49925,2,2.17215,-3.98263,6.13697,-7.4255,5.51135,-0.2883,10.2663,-3.98263,6.13697,-1.70517,4.9144,0.172153,1,0.629102
-6.08873,5.65358,-1.22348,1.49925,2,2.18317,-3.96066,6.14096,-7.3716,5.35977,-0.2883,10.2663,-3.96066,6.14096,-1.97563,5.06818,0.183168,1,0.636624
-6.05173,5.5607,-1.15987,1.49925,2,2.15158,-3.97884,6.13728,-7.3501,5.19954,-0.2883,10.2663,-3.97884,6.13728,-2.30176,5.20254,0.151582,1,0.377946
-6.0099,5.46987,-1.12026,1.49925,2,2.14201,-3.97058,6.12515,-7.30207,5.05466,-0.2883,10.2663,-3.97058,6.12515,-2.45779,5.27212,0.142012,1,0.433443
-5.96445,5.38081,-1.07725,1.49925,2,2.12779,-3.96853,6.11824,-7.25091,4.9055,-0.2883,10.2663,-3.96853,6.11824,-2.59857,5.33838,0.127792,1,0.477624
-5.91501,5.29389,-1.02971,1.49925,2,2.10619,-3.97627,6.11691,-7.1973,4.74954,-0.2883,10.2663,-3.97627,6.11691,-2.7388,5.40491,0.106194,1,0.516012
-5.86133,5.20953,-0.978339,1.49925,2,2.10219,-3.95525,6.09613,-7.12806,4.62032,-0.2883,10.2663,-3.95525,6.09613,-2.7607,5.42337,0.102193,1,0.545569
-5.80327,5.12813,-0.92396,1.49925,2,2.09112,-3.94108,6.07946,-7.05724,4.48752,-0.2883,10.2663,-3.94108,6.07946,-2.84572,5.44216,0.0911202,1,0.569588
-5.74078,5.05008,-0.867169,1.49925,2,2.07491,-3.93157,6.06597,-6.98272,4.35272,-0.2883,10.2663,-3.93157,6.06597,-2.88634,5.46725,0.074913,1,0.589242
-5.67388,4.97577,-0.808363,1.49925,2,2.05485,-3.92529,6.05505,-6.903,4.21712,-0.2883,10.2663,-3.92529,6.05505,-2.96692,5.48648,0.0548463,1,0.314856
-5.60355,4.90469,-0.774957,1.49925,2,2.03172,-3.93113,6.05833,-6.81155,4.0714,-0.2883,10.2663,-3.93113,6.05833,-3.02708,5.52791,0.0317228,1,0.106193
-5.53162,4.83521,-0.762668,1.49925,2,2.01918,-3.92547,6.05887,-6.70895,3.93826,-0.2883,10.2663,-3.92547,6.05887,-3.07422,5.55391,0.0191751,1,-0.0585162
-5.45941,4.76604,-0.766708,1.49925,2,2.00164,-3.92765,6.05456,-6.60545,3.80198,-0.2883,10.2663,-3.92765,6.05456,-3.13018,5.57128,0.00164247,1,-0.180199
-5.38793,4.69611,-0.783389,1.49925,2,1.99958,-3.92827,6.06275,-6.48266,3.67114,-0.2883,10.2663,-3.92827,6.06275,-3.15945,5.60168,-0.000419855,1,-0.281407
-5.31802,4.62461,-0.81072,1.49925,2,2.00188,-3.91611,6.05365,-6.36663,3.55571,-0.2883,10.2663,-3.91611,6.05365,-3.16116,5.60977,0.00188255,1,-0.0832915
-5.24953,4.55175,-0.820436,1.49925,2,2.00991,-3.9307,6.06847,-6.22677,3.42786,-0.2883,10.2663,-3.9307,6.06847,-3.20741,5.63721,0.00990725,1,0.062276
-5.18116,4.47877,-0.814936,1.49925,2,2.02301,-3.94425,6.07958,-6.08377,3.31061,-0.2883,10.2663,-3.94425,6.07958,-3.24895,5.65392,0.023005,1,0.182805
-5.11197,4.40658,-0.7975,1.49925,2,2.0405,-3.92144,6.06377,-5.96307,3.22185,-0.2883,10.2663,-3.92144,6.06377,-3.2285,5.64409,0.040498,1,0.282056
-5.04117,4.33596,-0.770088,1.49925,2,2.06066,-3.91515,6.06176,-5.82727,3.13113,-0.2883,10.2663,-3.91515,6.06176,-3.22983,5.64604,0.0606565,1,0.357103
-4.96819,4.2676,-0.734903,1.49925,2,2.08152,-3.86186,6.03076,-5.72172,3.0667,-0.2883,10.2663,-3.86186,6.03076,-3.17859,5.61092,0.0815198,1,0.420494
-4.89265,4.20209,-0.693361,1.49925,2,2.09914,-3.78877,5.98755,-5.62892,3.01121,-0.2883,10.2663,-3.78877,5.98755,-3.10749,5.56069,0.0991447,1,0.468262
-4.81428,4.13998,-0.646773,1.49925,2,2.11192,-3.69334,5.92987,-5.55064,2.9642,-0.2883,10.2663,-3.69334,5.92987,-3.00378,5.50144,0.111921,1,0.509328
-4.733,4.08175,-0.596128,1.49925,2,2.11949,-3.60495,5.87612,-5.46734,2.91364,-0.2883,10.2663,-3.60495,5.87612,-2.91254,5.44582,0.119491,1,0.543459
-4.64877,4.02786,-0.542055,1.49925,2,2.12116,-3.52292,5.82558,-5.38022,2.85991,-0.2883,10.2663,-3.52292,5.82558,-2.8321,5.39396,0.121163,1,0.567973
-4.5617,3.97871,-0.485478,1.49925,2,2.11684,-3.41449,5.75774,-5.31089,2.81692,-0.2883,10.2663,-3.41449,5.75774,-2.72833,5.31975,0.116843,1,0.58656
-4.47194,3.93466,-0.426934,1.49925,2,2.10631,-3.34141,5.71186,-5.21958,2.75937,-0.2883,10.2663,-3.34141,5.71186,-2.66596,5.27289,0.106311,1,0.602264
-4.37973,3.89601,-0.366802,1.49925,2,2.08933,-3.2109,5.62781,-5.16848,2.72736,-0.2883,10.2663,-3.2109,5.62781,-3.84349,6.04413,0.0893278,1,0.615414
-4.28534,3.86303,-0.305352,1.49925,2,2.06597,-3.14519,5.5859,-5.07633,2.66778,-0.2883,10.2663,-3.14519,5.5859,-3.77051,6.00818,0.0659664,1,0.354091
-4.18941,3.83483,-0.268114,1.49925,2,2.03712,-3.03962,5.51645,-5.01466,2.62786,-0.2883,10.2663,-3.03962,5.51645,-3.65378,5.92673,0.0371192,1,0.146003
-4.09276,3.80916,-0.252265,1.49925,2,2.0065,-2.95759,5.46369,-4.93727,2.57827,-0.2883,10.2663,-2.95759,5.46369,-3.56178,5.86916,0.00650144,1,-0.0176688
-3.99591,3.78424,-0.252723,1.49925,2,1.97381,-2.8785,5.4113,-4.85949,2.52679,-0.2883,10.2663,-2.8785,5.4113,-3.47273,5.81016,-0.026189,1,-0.149884
-3.89925,3.75861,-0.266653,1.49925,2,1.94195,-2.80552,5.36327,-4.77635,2.47179,-0.2883,10.2663,-2.80552,5.36327,-3.39146,5.75391,-0.05805,1,-0.257403
-3.80312,3.7311,-0.291533,1.49925,2,1.91209,-2.7145,5.30304,-4.70674,2.42629,-0.2883,10.2663,-2.7145,5.30304,-3.28782,5.69477,-0.0879093,1,-0.342138
-3.70782,3.70081,-0.324815,1.49925,2,1.88514,-2.66431,5.27079,-4.60131,2.35655,-0.2883,10.2663,-2.66431,5.27079,-3.23503,5.65349,-0.114861,1,-0.404524
-3.61369,3.66705,-0.364519,1.49925,2,1.86197,-2.57558,5.21278,-4.52654,2.30786,-0.2883,10.2663,-2.57558,5.21278,-3.13964,5.58468,-0.138027,1,-0.45424
-3.52109,3.62933,-0.409545,1.49925,2,1.84334,-2.50462,5.16708,-4.43422,2.24794,-0.2883,10.2663,-2.50462,5.16708,-3.06381,5.53912,-0.156662,1,-0.497487
-3.43037,3.58728,-0.458905,1.49925,2,1.82992,-2.42588,5.11686,-4.34671,2.19194,-0.2883,10.2663,-2.42588,5.11686,-2.98336,5.47926,-0.170077,1,-0.533363
-3.34193,3.54064,-0.511954,1.49925,2,1.82198,-2.34075,5.06288,-4.2636,2.13929,-0.2883,10.2663,-2.34075,5.06288,-2.89554,5.42416,-0.178024,1,-0.561178
-3.25616,3.48925,-0.567821,1.49925,2,1.82008,-2.27732,5.02371,-4.15921,2.07359,-0.2883,10.2663,-2.27732,5.02371,-2.8352,5.38279,-0.179917,1,-0.58129
-3.17346,3.43306,-0.62581,1.49925,2,1.82272,-2.158,4.94671,-4.10747,2.04081,-4.10747,2.04081,-2.158,4.94671,-2.71369,5.29698,-0.177282,2,-0.598729
-3.0942,3.37211,-0.685543,1.49925,2,1.83305,-2.14247,4.93872,-3.9593,1.94809,-4.10747,2.04081,-2.14247,4.93872,-1.55105,4.5657,-0.166952,1,-0.612053
-3.01877,3.30648,-0.746668,1.49925,2,1.85021,-2.04431,4.87928,-3.88728,1.90469,-4.10747,2.04081,-2.04431,4.87928,-2.61699,5.23288,-0.149786,1,-0.624083
-2.94754,3.23632,-0.808992,1.49925,2,1.87397,-1.97252,4.83667,-3.79316,1.84835,-4.10747,2.04081,-1.97252,4.83667,-2.55423,5.19538,-0.126026,1,-0.632756
-2.88084,3.16183,-0.872207,1.49925,2,1.90433,-1.90079,4.7946,-3.70167,1.79434,-4.10747,2.04081,-1.90079,4.7946,-2.49452,5.15411,-0.0956707,1,-0.378908
-2.81813,3.08394,-0.911875,1.49925,2,1.94021,-1.8408,4.76002,-3.60346,1.73714,-4.10747,2.04081,-1.8408,4.76002,-1.1976,4.38471,-0.0597941,1,-0.160026
-2.75762,3.00433,-0.928972,1.49925,2,1.97924,-1.76124,4.71448,-3.52282,1.69098,-4.10747,2.04081,-1.76124,4.71448,-1.11245,4.32583,-0.0207556,1,0.005243
-2.69783,2.92418,-0.929605,1.49925,2,2.01923,-1.68021,4.66824,-3.4437,1.64585,-4.10747,2.04081,-1.68021,4.66824,-1.01803,4.27175,0.0192304,1,0.139157
-2.63752,2.84441,-0.916492,1.49925,2,2.05849,-1.59241,4.61786,-3.36901,1.60315,-4.10747,2.04081,-1.59241,4.61786,-2.23707,5.00265,0.0584865,1,0.247685
-2.57573,2.76579,-0.892375,1.49925,2,2.09586,-1.49223,4.55984,-3.30125,1.56448,-4.10747,2.04081,-1.49223,4.55984,-2.14606,4.94991,0.0958586,1,0.333745
-2.51174,2.68895,-0.859689,1.49925,2,2.13037,-1.4383,4.52911,-3.20148,1.50654,-4.10747,2.04081,-1.4383,4.52911,-0.738328,4.11192,0.130368,1,0.400578
-2.445,2.61449,-0.820032,1.49925,2,2.16024,-1.33289,4.46647,-3.13433,1.46654,-4.10747,2.04081,-1.33289,4.46647,-2.0071,4.87054,0.160239,1,0.451232
-2.37517,2.54291,-0.775162,1.49925,2,2.18687,-1.23535,4.40925,-3.0592,1.42289,-4.10747,2.04081,-1.23535,4.40925,-1.91531,4.82078,0.186868,1,0.496388
-2.30206,2.47471,-0.725885,1.49925,2,2.20847,-1.14517,4.35592,-2.97822,1.3752,-4.10747,2.04081,-1.14517,4.35592,-1.82896,4.78145,0.208472,1,0.541601
-2.2256,2.41027,-0.673623,1.49925,2,2.22461,-1.06007,4.30511,-2.89342,1.32457,-4.10747,2.04081,-1.06007,4.30511,-1.74918,4.73203,0.224605,1,0.562402
-2.14576,2.35008,-0.617987,1.49925,2,2.23481,-0.948021,4.23682,-2.82343,1.28257,-4.10747,2.04081,-0.948021,4.23682,-1.63456,4.67356,0.234812,1,0.580783
-2.06263,2.29452,-0.560166,1.49925,2,2.23876,-0.873118,4.19112,-2.73237,1.22667,-4.10747,2.04081,-0.873118,4.19112,-0.154928,3.72711,0.23876,1,0.596977
-1.97639,2.24393,-0.500581,1.49925,2,2.23627,-0.768878,4.12617,-2.65836,1.1809,-4.10747,2.04081,-0.768878,4.12617,-0.0550509,3.65626,0.23627,1,0.611654
-1.88725,2.19864,-0.439504,1.49925,2,2.22726,-0.668271,4.06273,-2.58341,1.13407,-4.10747,2.04081,-0.668271,4.06273,-1.34665,4.50677,0.227264,1,0.62347
-1.79549,2.15894,-0.377228,1.49925,2,2.21154,-0.571202,4.00068,-2.50835,1.08654,-4.10747,2.04081,-0.571202,4.00068,-1.24314,4.43967,0.211538,1,0.63182
-1.70142,2.12506,-0.314087,1.49925,2,2.18828,-0.384603,3.87278,-2.49031,1.07801,-2.49031,1.07801,-0.384603,3.87278,-1.03436,4.30747,0.188276,2,0.63914
-1.60539,2.09722,-0.250217,1.49925,2,2.15521,-0.38974,3.87686,-2.3635,0.987391,-2.49031,1.07801,-0.38974,3.87686,-1.03786,4.31781,0.155207,1,0.383312
-1.50802,2.07447,-0.210351,1.49925,2,2.12046,-0.32067,3.83132,-2.28008,0.932098,-2.49031,1.07801,-0.32067,3.83132,0.350716,3.37343,0.120455,1,0.153016
-1.41004,2.05449,-0.193438,1.49925,2,2.08268,-0.242907,3.77941,-2.20388,0.88125,-2.49031,1.07801,-0.242907,3.77941,0.414672,3.32821,0.0826814,1,-0.0136228
-1.31189,2.03532,-0.193467,1.49925,2,2.04393,-0.166427,3.72812,-2.12748,0.830016,-2.49031,1.07801,-0.166427,3.72812,0.479559,3.28575,0.0439315,1,-0.147041
-1.21388,2.01546,-0.207237,1.49925,2,2.00594,-0.0958352,3.68093,-2.0462,0.775622,-2.49031,1.07801,-0.0958352,3.68093,0.538596,3.24832,0.00594378,1,-0.250753
-1.11628,1.99372,-0.23169,1.49925,2,1.96995,-0.00687022,3.62158,-1.97753,0.729993,-2.49031,1.07801,-0.00687022,3.62158,-0.598276,4.02964,-0.0300503,1,-0.340828
-1.01935,1.96916,-0.265142,1.49925,2,1.93686,0.0690982,3.57126,-1.89735,0.676813,-2.49031,1.07801,0.0690982,3.57126,-0.513898,3.96789,-0.063141,1,-0.403471
-0.923386,1.94105,-0.305176,1.49925,2,1.90737,0.15656,3.51324,-1.8247,0.628909,-2.49031,1.07801,0.15656,3.51324,-0.414977,3.90898,-0.0926312,1,-0.456849
-0.828716,1.90886,-0.350541,1.49925,2,1.88245,0.226243,3.46793,-1.7348,0.569816,-2.49031,1.07801,0.226243,3.46793,-0.342406,3.84714,-0.117548,1,-0.500149
-0.735684,1.87222,-0.400252,1.49925,2,1.86244,0.303969,3.41747,-1.64939,0.514168,-2.49031,1.07801,0.303969,3.41747,-0.261024,3.78551,-0.137563,1,-0.534984
-0.644665,1.83083,-0.453542,1.49925,2,1.84808,0.361495,3.381,-1.54363,0.445819,-2.49031,1.07801,0.361495,3.381,-0.202486,3.74823,-0.151924,1,-0.560958
-0.556045,1.78453,-0.509508,1.49925,2,1.84047,0.397171,3.35892,-1.41516,0.365558,-2.49031,1.07801,0.397171,3.35892,0.986983,2.98173,-0.159527,1,-0.583596
-0.470211,1.73324,-0.567709,1.49925,2,1.83855,0.518384,3.28339,-1.36318,0.333051,-2.49031,1.07801,0.518384,3.28339,-0.0453475,3.64534,-0.161451,1,-0.59994
-0.387556,1.67698,-0.627621,1.49925,2,1.84301,0.615146,3.22336,-1.28864,0.287321,-2.49031,1.07801,0.615146,3.22336,0.0508314,3.58189,-0.156987,1,-0.613258
-0.308459,1.61583,-0.688854,1.49925,2,1.85393,0.65935,3.19709,-1.16737,0.212489,-2.49031,1.07801,0.65935,3.19709,1.25766,2.81891,-0.146069,1,-0.624588
-0.233291,1.5499,-0.751233,1.49925,2,1.87157,0.75967,3.13634,-1.09686,0.170187,-2.49031,1.07801,0.75967,3.13634,0.180635,3.49016,-0.128432,1,-0.632625
-0.16241,1.47938,-0.814456,1.49925,2,1.8958,0.832795,3.09296,-1.00414,0.114634,-2.49031,1.07801,0.832795,3.09296,0.244793,3.45176,-0.104199,1,-0.639182
-0.0961524,1.4045,-0.878347,1.49925,2,1.92686,0.876747,3.0677,-0.890079,0.0472616,-2.49031,1.07801,0.876747,3.0677,1.51082,2.69075,-0.0731449,1,-0.367386
-0.0338417,1.3263,-0.916445,1.49925,2,1.96317,0.962794,3.01767,-0.813662,0.00287945,-2.49031,1.07801,0.962794,3.01767,0.347546,3.38236,-0.0368339,1,-0.168208
0.026275,1.24639,-0.934262,1.49925,2,2.00261,1.04356,2.97138,-0.733987,-0.0427689,-2.49031,1.07801,1.04356,2.97138,0.415768,3.3419,0.00261378,1,-0.0014425
0.0856324,1.16591,-0.935406,1.49925,2,2.04312,1.12551,2.9246,-0.655487,-0.0875059,-2.49031,1.07801,1.12551,2.9246,0.485251,3.30229,0.043123,1,0.140277
0.145467,1.08579,-0.922371,1.49925,2,2.0823,1.2132,2.8735,-0.581093,-0.130706,-2.49031,1.07801,1.2132,2.8735,0.562147,3.26018,0.0823016,1,0.241805
0.206772,1.00678,-0.898799,1.49925,2,2.12017,1.28276,2.83363,-0.493116,-0.181503,-2.49031,1.07801,1.28276,2.83363,0.618807,3.23045,0.120167,1,0.323271
0.270244,0.929516,-0.866961,1.49925,2,2.15533,1.36977,2.78329,-0.415348,-0.226377,-2.49031,1.07801,1.36977,2.78329,0.695896,3.18797,0.155329,1,0.391227
0.336408,0.854543,-0.828178,1.49925,2,2.18712,1.47759,2.72034,-0.348224,-0.264812,-2.49031,1.07801,1.47759,2.72034,0.796845,3.12756,0.187124,1,0.450893
0.405639,0.782394,-0.783507,1.49925,2,2.21459,1.54265,2.68282,-0.253926,-0.320019,-2.49031,1.07801,1.54265,2.68282,0.852253,3.10342,0.214595,1,0.492859
0.478177,0.713574,-0.734472,1.49925,2,2.23712,1.66639,2.60905,-0.192189,-0.355813,-2.49031,1.07801,1.66639,2.60905,0.975709,3.03785,0.237118,1,0.527035
0.554116,0.648528,-0.68194,1.49925,2,2.25416,1.71753,2.57925,-0.0885041,-0.417915,-2.49031,1.07801,1.71753,2.57925,2.44487,2.1219,0.254156,1,0.555524
0.633451,0.587673,-0.626558,1.49925,2,2.26525,1.83047,2.51082,-0.0186307,-0.459969,-2.49031,1.07801,1.83047,2.51082,1.13127,2.95014,0.265247,1,0.577502
0.716096,0.531397,-0.56894,1.49925,2,2.27014,1.90555,2.46498,0.0720957,-0.515493,-2.49031,1.07801,1.90555,2.46498,2.63821,2.00107,0.270139,1,0.595414
0.801892,0.480053,-0.509506,1.49925,2,2.26856,2.04383,2.37846,0.12814,-0.549833,-2.49031,1.07801,2.04383,2.37846,1.35196,2.82661,0.268556,1,0.610111
0.890619,0.433961,-0.448613,1.49925,2,2.26044,2.11192,2.33606,0.221293,-0.608471,-2.49031,1.07801,2.11192,2.33606,1.42041,2.78412,0.260436,1,0.620996
0.982009,0.393409,-0.386578,1.49925,2,2.24489,2.20957,2.27293,0.296093,-0.656803,-2.49031,1.07801,2.20957,2.27293,1.52512,2.7182,0.244888,1,0.630579
1.07575,0.358643,-0.323607,1.49925,2,2.22346,2.30431,2.21187,0.370831,-0.704707,-2.49031,1.07801,2.30431,2.21187,1.63099,2.66401,0.223464,1,0.637894
1.17151,0.329885,-0.259861,1.49925,2,2.19545,2.39567,2.15237,0.444529,-0.752425,-2.49031,1.07801,2.39567,2.15237,1.73194,2.59632,0.195449,1,0.643815
1.26891,0.307314,-0.195515,1.49925,2,2.16082,2.48355,2.09443,0.516556,-0.799648,-2.49031,1.07801,2.48355,2.09443,1.83436,2.54155,0.160816,1,0.392853
1.36739,0.289939,-0.154975,1.49925,2,2.12059,2.58005,2.02958,0.578994,-0.841054,-2.49031,1.07801,2.58005,2.02958,1.948,2.47519,0.120589,1,0.175409
1.46634,0.275516,-0.135912,1.49925,2,2.07711,2.6514,1.9814,0.654964,-0.89245,-2.49031,1.07801,2.6514,1.9814,2.02968,2.40959,0.0771129,1,0.00804949
1.56544,0.262103,-0.134103,1.49925,2,2.03259,2.72207,1.93351,0.730839,-0.943941,-2.49031,1.07801,2.72207,1.93351,2.11334,2.35301,0.0325899,1,-0.126522
1.66446,0.248209,-0.145678,1.49925,2,1.98855,2.78641,1.89002,0.812122,-0.999085,-2.49031,1.07801,2.78641,1.89002,3.41733,1.45983,-0.0114547,1,-0.237844
1.76324,0.232602,-0.168572,1.49925,2,1.94629,2.87006,1.83353,0.880091,-1.04479,-2.49031,1.07801,2.87006,1.83353,2.28847,2.24057,-0.0537093,1,-0.323524
1.86154,0.214289,-0.200325,1.49925,2,1.9067,2.9409,1.78606,0.960014,-1.09852,-2.49031,1.07801,2.9409,1.78606,2.36924,2.18055,-0.0933048,1,-0.395088
1.95914,0.19252,-0.23919,1.49925,2,1.87044,3.02407,1.7302,1.03178,-1.14652,-2.49031,1.07801,3.02407,1.7302,2.46277,2.11161,-0.129559,1,-0.452258
2.05573,0.166683,-0.283958,1.49925,2,1.83934,3.03777,1.72192,1.1695,-1.23685,-2.49031,1.07801,3.03777,1.72192,3.62101,1.33469,-0.160661,1,-0.494331
2.15101,0.136333,-0.333097,1.49925,2,1.81445,3.16787,1.63907,1.2068,-1.25903,-2.49031,1.07801,3.16787,1.63907,2.61962,2.00401,-0.185547,1,-0.530907
2.24461,0.10117,-0.385895,1.49925,2,1.79276,3.24996,1.5855,1.28763,-1.31174,1.28763,-1.31174,3.24996,1.5855,2.7065,1.93866,-0.207241,2,-0.55692
2.33616,0.0609826,-0.441457,1.49925,2,1.77698,3.3116,1.5463,1.39075,-1.37861,1.28763,-1.31174,3.3116,1.5463,2.77022,1.89806,-0.223021,1,-0.579768
2.42529,0.0156744,-0.499274,1.49925,2,1.76742,3.40353,1.48769,1.46675,-1.42669,1.28763,-1.31174,3.40353,1.48769,2.8662,1.83729,-0.232578,1,-0.597839
2.51161,-0.034786,-0.558895,1.49925,2,1.76431,3.44714,1.46106,1.59165,-1.50574,1.28763,-1.31174,3.44714,1.46106,4.01301,1.09567,-0.235692,1,-0.611622
2.59473,-0.0903622,-0.619961,1.49925,2,1.7678,3.54512,1.40024,1.66388,-1.5503,1.28763,-1.31174,3.54512,1.40024,3.00218,1.74433,-0.232196,1,-0.622029
2.67426,-0.150951,-0.682101,1.49925,2,1.77802,3.61861,1.35555,1.76007,-1.60934,1.28763,-1.31174,3.61861,1.35555,3.06965,1.69627,-0.221984,1,-0.630623
2.74985,-0.216395,-0.745112,1.49925,2,1.7949,3.6928,1.31086,1.85447,-1.6666,1.28763,-1.31174,3.6928,1.31086,3.13653,1.65215,-0.2051,1,-0.637983
2.82114,-0.286494,-0.808851,1.49925,2,1.81827,3.82058,1.23246,1.89717,-1.69076,1.89717,-1.69076,3.82058,1.23246,3.2618,1.57126,-0.181732,2,-0.643481
2.88781,-0.361011,-0.873161,1.49925,2,1.84728,3.84002,1.22194,2.03627,-1.7766,1.89717,-1.69076,3.84002,1.22194,3.26419,1.57019,-0.152718,1,-0.38185
2.95045,-0.438951,-0.912916,1.49925,2,1.88321,3.90076,1.1869,2.13496,-1.83414,1.89717,-1.69076,3.90076,1.1869,3.31033,1.54008,-0.116791,1,-0.173453
3.01079,-0.518691,-0.93172,1.49925,2,1.92242,3.98313,1.1397,2.21325,-1.87895,1.89717,-1.69076,3.98313,1.1397,4.61497,0.762656,-0.0775779,1,0.000257779
3.07036,-0.599015,-0.932736,1.49925,2,1.96267,4.06477,1.09309,2.29182,-1.92377,1.89717,-1.69076,4.06477,1.09309,4.70943,0.707477,-0.0373304,1,0.139097
3.13039,-0.678988,-0.919937,1.49925,2,2.00235,4.15294,1.04258,2.36597,-1.96598,1.89717,-1.69076,4.15294,1.04258,3.52653,1.4158,0.00235224,1,0.244648
3.19189,-0.757839,-0.896211,1.49925,2,2.04004,4.22266,1.00263,2.45459,-2.01708,1.89717,-1.69076,4.22266,1.00263,4.89791,0.606531,0.0400376,1,0.332589
3.25558,-0.834926,-0.863656,1.49925,2,2.07494,4.30819,0.953195,2.53303,-2.06236,1.89717,-1.69076,4.30819,0.953195,4.99126,0.546483,0.0749369,1,0.398512
3.32202,-0.909655,-0.824134,1.49925,2,2.10637,4.41379,0.891682,2.60006,-2.10083,1.89717,-1.69076,4.41379,0.891682,3.75745,1.28548,0.106366,1,0.454508
3.39155,-0.981512,-0.779132,1.49925,2,2.13343,4.47888,0.854044,2.69545,-2.15663,1.89717,-1.69076,4.47888,0.854044,5.18058,0.434365,0.133434,1,0.499483
3.46441,-1.05,-0.729543,1.49925,2,2.15542,4.60022,0.781884,2.75627,-2.19211,1.89717,-1.69076,4.60022,0.781884,3.93346,1.19525,0.155425,1,0.53219
3.54068,-1.11466,-0.676586,1.49925,2,2.17126,4.71577,0.711139,2.82196,-2.23135,1.89717,-1.69076,4.71577,0.711139,4.0489,1.12853,0.171261,1,0.558974
3.62034,-1.17508,-0.62093,1.49925,2,2.18144,4.7949,0.663161,2.9108,-2.28555,1.89717,-1.69076,4.7949,0.663161,4.1254,1.08872,0.181442,1,0.580574
3.70331,-1.23088,-0.563045,1.49925,2,2.18569,4.86996,0.617414,3.00218,-2.34167,1.89717,-1.69076,4.86996,0.617414,5.57614,0.167108,0.185689,1,0.598746
3.78941,-1.2817,-0.503334,1.49925,2,2.18348,4.97347,0.552848,3.07589,-2.38721,1.89717,-1.69076,4.97347,0.552848,4.30639,0.986599,0.183477,1,0.612562
3.87843,-1.32724,-0.442202,1.49925,2,2.17476,5.04169,0.510266,3.16997,-2.44633,1.89717,-1.69076,5.04169,0.510266,5.7402,0.0586402,0.17476,1,0.623137
3.97008,-1.36719,-0.379962,1.49925,2,2.15933,5.17038,0.427795,3.22526,-2.48103,1.89717,-1.69076,5.17038,0.427795,4.51517,0.856952,0.159327,1,0.632098
4.06406,-1.40133,-0.316806,1.49925,2,2.13728,5.2639,0.367389,3.29947,-2.52843,1.89717,-1.69076,5.2639,0.367389,4.61971,0.802399,0.137285,1,0.639491
4.16001,-1.42943,-0.252938,1.49925,2,2.10855,5.32356,0.329011,3.39258,-2.58922,1.89717,-1.69076,5.32356,0.329011,5.98986,-0.123847,0.108547,1,0.376108
4.25732,-1.45243,-0.213221,1.49925,2,2.07406,5.42362,0.262642,3.4559,-2.63094,1.89717,-1.69076,5.42362,0.262642,4.80016,0.690194,0.0740604,1,0.155978
4.35526,-1.47264,-0.195642,1.49925,2,2.03649,5.50022,0.211505,3.53286,-2.68233,1.89717,-1.69076,5.50022,0.211505,6.14183,-0.231384,0.0364892,1,-0.0160616
4.45336,-1.49202,-0.195699,1.49925,2,1.99794,5.57674,0.160186,3.60922,-2.73353,1.89717,-1.69076,5.57674,0.160186,6.20612,-0.274407,-0.00206137,1,-0.152655
4.55132,-1.51211,-0.209872,1.49925,2,1.95791,5.64688,0.110599,3.68886,-2.78956,1.89717,-1.69076,5.64688,0.110599,6.26612,-0.312503,-0.0420871,1,-0.253679
