-4.34627e-19,1.71719e-36,-6.78717e-18,1.49925,2,2.00296,0.0349618,2.00266,-0.0261178,-1.49606,0,0,0.0349618,2.00266,-0.692921,2.01241,0.00296021,1,0.0459642
0.00437098,1.24229e-05,0.00427467,1.49925,2,2.00289,0.0307709,2.00273,-0.0153523,-1.49621,0,0,0.0307709,2.00273,-0.698306,2.01276,0.00289488,1,0.0418014
0.0187207,0.000107591,0.00847979,1.49925,2,2.00278,0.0366977,2.00281,0.00528832,-1.4963,0,0,0.0366977,2.00281,-0.693557,2.01311,0.00278401,1,0.0380283
0.0430693,0.000364502,0.0123241,1.49925,2,2.00253,0.0533459,2.00287,0.0353884,-1.49633,0,0,0.0533459,2.00287,-0.677948,2.01343,0.00253487,1,0.0265657
0.077416,0.000838702,0.0150724,1.49925,2,2.00203,0.117127,2.00247,0.0477178,-1.49609,0,0,0.117127,2.00247,-0.611018,2.01579,0.0020299,1,0.00536809
0.121761,0.00152498,0.0157364,1.49925,2,2.00127,0.160128,2.00243,0.0930419,-1.49618,0,0,0.160128,2.00243,-0.567931,2.01578,0.00127029,1,-0.0245281
0.176105,0.002321,0.013463,1.49925,2,2.00041,0.184092,2.00271,0.17012,-1.49651,0,0,0.184092,2.00271,0.951319,1.99797,0.000406027,1,-0.043106
0.240451,0.00305859,0.00937529,1.49925,2,1.99955,0.256608,2.00255,0.228332,-1.49659,0,0,0.256608,2.00255,-0.472735,2.01291,-0.000445247,1,-0.0574623
0.314799,0.00354545,0.00374392,1.49925,2,1.99903,0.342209,2.00238,0.294228,-1.49654,0,0,0.342209,2.00238,-0.385313,2.01237,-0.000973701,1,-0.0464138
0.399149,0.00365446,-0.000985855,1.49925,2,1.99894,0.401125,2.00259,0.397666,-1.49666,0,0,0.401125,2.00259,1.16483,1.99245,-0.00106418,1,-0.0228168
0.493498,0.00343893,-0.00340912,1.49925,2,1.99914,0.500319,2.00257,0.48838,-1.49666,0,0,0.500319,2.00257,1.26485,1.99256,-0.000857472,1,-0.00287505
0.593477,0.00307025,-0.00383622,1.49925,2,1.99954,0.601153,2.0026,0.58772,-1.49663,0,0,0.601153,2.0026,1.36597,1.99261,-0.000455976,1,0.0135059
0.693476,0.00273859,-0.00264944,1.49925,2,1.99992,0.69878,2.00265,0.6895,-1.49659,0,0,0.69878,2.00265,1.46337,1.9926,-8.01086e-05,1,0.0162669
0.793476,0.00255001,-0.00107797,1.49925,2,2.00015,0.795637,2.0027,0.791856,-1.49655,0,0,0.795637,2.0027,1.55984,1.99256,0.000148058,1,0.0167962
0.893476,0.00252584,0.000597947,1.49925,2,2.00018,0.927194,2.00243,0.868206,-1.49633,0,0,0.927194,2.00243,0.201878,2.00719,0.000183582,1,0.00497714
0.993476,0.00261628,0.00115476,1.49925,2,2.00012,0.991172,2.00273,0.995203,-1.49652,0,0,0.991172,2.00273,1.75468,1.99247,0.00011611,1,-0.00194332
1.09348,0.00272607,0.00100195,1.49925,2,2.00078,1.1264,2.00323,1.06882,-1.49555,0,0,1.1264,2.00323,0.401035,2.00721,0.000776052,1,0.0487715
1.19348,0.00303586,0.00552409,1.49925,2,2.0004,1.21734,2.00329,1.17559,-1.49571,0,0,1.21734,2.00329,0.49086,2.00756,0.000398874,1,-0.0165938
1.29347,0.00353717,0.00419154,1.49925,2,1.99986,1.32,2.00322,1.27359,-1.49573,0,0,1.32,2.00322,0.594085,2.0074,-0.000144124,1,-0.0332818
1.39347,0.00379804,0.000946792,1.49925,2,1.9996,1.42648,2.00313,1.36872,-1.49565,0,0,1.42648,2.00313,0.701563,2.00711,-0.000397086,1,-0.0203753
1.49347,0.00378456,-0.00115527,1.49925,2,1.99961,1.49579,2.0034,1.49174,-1.49585,0,0,1.49579,2.0034,2.25918,1.99165,-0.000386357,1,-0.00584209
1.59347,0.00363273,-0.00181214,1.49925,2,1.99977,1.5971,2.0034,1.59075,-1.49584,0,0,1.5971,2.0034,2.36076,1.99169,-0.000227928,1,0.00554667
1.69347,0.00347479,-0.00130303,1.49925,2,1.99995,1.69608,2.00343,1.69152,-1.49582,0,0,1.69608,2.00343,2.45965,1.99168,-4.75645e-05,1,0.00858903
1.79347,0.00338538,-0.000465424,1.49925,2,2.00006,1.79441,2.00345,1.79277,-1.4958,0,0,1.79441,2.00345,2.55777,1.99166,6.41346e-05,1,0.00668527
1.89347,0.00337337,0.000214525,1.49925,2,2.00008,1.92796,2.00316,1.86763,-1.49557,0,0,1.92796,2.00316,1.20278,2.0079,8.27312e-05,1,0.00238359
1.99347,0.00340924,0.000478695,1.49925,2,1.99923,2.02741,2.00235,1.96801,-1.49639,0,0,2.02741,2.00235,1.3022,2.00792,-0.000767946,1,-0.0559018
2.09347,0.00320602,-0.00482006,1.49925,2,1.9994,2.10312,2.00259,2.08624,-1.49662,0,0,2.10312,2.00259,2.86786,1.99183,-0.00059557,1,-0.00145065
2.19347,0.00267998,-0.00534628,1.49925,2,1.99998,2.20417,2.00263,2.18545,-1.49657,0,0,2.20417,2.00263,2.9693,1.9919,-2.25306e-05,1,0.0292694
2.29347,0.00227382,-0.00260366,1.49925,2,2.00045,2.29868,2.00271,2.28956,-1.49653,0,0,2.29868,2.00271,3.06282,1.99098,0.000445127,1,0.0326707
2.39347,0.00217483,0.000642999,1.49925,2,2.00058,2.4271,2.00247,2.36827,-1.49628,0,0,2.4271,2.00247,1.70135,2.00806,0.000581026,1,0.0168389
2.49347,0.00233254,0.00242188,1.49925,2,2.00039,2.52354,2.00249,2.47094,-1.49636,0,0,2.52354,2.00249,1.79736,2.0082,0.000385046,1,-0.00509247
2.59347,0.00256203,0.00204422,1.49925,2,2.00014,2.62429,2.00246,2.57037,-1.49637,0,0,2.62429,2.00246,1.89831,2.00814,0.000137568,1,-0.0111765
2.69347,0.00271411,0.000963077,1.49925,2,1.99998,2.72645,2.00243,2.66874,-1.49635,0,0,2.72645,2.00243,2.00083,2.00804,-1.57356e-05,1,-0.00830115
2.79347,0.00276723,0.00011571,1.49925,2,1.99994,2.82815,2.0024,2.76747,-1.49632,0,0,2.82815,2.0024,2.10305,2.00715,-6.2108e-05,1,-0.00390293
2.89347,0.00275757,-0.000292176,1.49925,2,1.99995,2.89406,2.0027,2.89303,-1.49655,0,0,2.89406,2.0027,3.6573,1.99085,-5.45979e-05,1,-0.000528459
2.99347,0.00272406,-0.000361894,1.49925,2,1.99913,3.02909,2.00154,2.96674,-1.49715,0,0,3.02909,2.00154,2.30412,2.00711,-0.000865817,1,-0.0559832
3.09347,0.00243499,-0.00568294,1.49925,2,1.99938,3.10484,2.00178,3.08494,-1.49741,0,0,3.10484,2.00178,3.86984,1.99107,-0.000619054,1,0.00392623
3.19347,0.00185713,-0.00558987,1.49925,2,2.00001,3.20465,2.00184,3.18508,-1.49736,0,0,3.20465,2.00184,3.96987,1.99112,1.43051e-05,1,0.0337638
3.29347,0.00144959,-0.00239252,1.49925,2,2.00049,3.29826,2.00193,3.28988,-1.49731,0,0,3.29826,2.00193,4.06388,1.99416,0.000486612,1,0.0328472
3.39347,0.0013752,0.000898622,1.49925,2,2.00059,3.42659,2.00169,3.36865,-1.49708,0,0,3.42659,2.00169,2.70074,2.00735,0.000588417,1,0.0153762
3.49347,0.00155211,0.00254107,1.49925,2,2.00037,3.5233,2.0017,3.47111,-1.49716,0,0,3.5233,2.0017,2.79707,2.00747,0.000373125,1,-0.00668792
3.59347,0.00178353,0.0019826,1.49925,2,2.00012,3.62441,2.00167,3.57027,-1.49716,0,0,3.62441,2.00167,2.89843,2.0074,0.000124931,1,-0.0125988
3.69347,0.00192168,0.000752277,1.49925,2,1.99999,3.72687,2.00163,3.66842,-1.49713,0,0,3.72687,2.00163,3.00128,2.00728,-1.14441e-05,1,-0.00763911
3.79347,0.00195582,-4.1392e-05,1.49925,2,1.99996,3.79355,2.00192,3.7934,-1.49733,0,0,3.79355,2.00192,4.55825,1.99402,-3.83854e-05,1,-0.00238731
3.89347,0.00193769,-0.00030113,1.49925,2,1.99998,3.89407,2.00191,3.89301,-1.49734,0,0,3.89407,2.00191,4.65885,1.99403,-2.40803e-05,1,0.000457343
3.99347,0.00190821,-0.000272464,1.49925,2,2.00001,3.99402,2.00192,3.99305,-1.49733,0,0,3.99402,2.00192,4.7588,1.99403,8.10623e-06,1,0.00208442
4.09347,0.00189075,-7.053e-05,1.49925,2,2.00295,4.02371,2.00363,4.14558,-1.4935,0,0,4.02371,2.00363,4.78159,1.99988,0.00295115,1,0.156187
4.19346,0.00257493,0.0146235,1.49925,2,2.00246,4.23408,2.00462,4.1631,-1.49391,0,0,4.23408,2.00462,3.50876,2.00954,0.00245619,1,0.0138755
4.29345,0.00418942,0.016865,1.49925,2,2.00067,4.32955,2.00453,4.26641,-1.49415,0,0,4.32955,2.00453,3.60422,2.0097,0.000666857,1,-0.0822962
4.39344,0.00551127,0.0091162,1.49925,2,1.9992,4.41011,2.00464,4.38093,-1.49449,0,0,4.41011,2.00464,3.68388,2.00678,-0.000799656,1,-0.0846332
4.49344,0.00600064,0.000662234,1.49925,2,1.99871,4.527,2.00443,4.46824,-1.49433,0,0,4.527,2.00443,3.8033,2.00601,-0.00128865,1,-0.0421788
4.59344,0.00583126,-0.00381037,1.49925,2,1.99886,4.60106,2.00468,4.58772,-1.49455,0,0,4.60106,2.00468,5.36467,1.99227,-0.00113773,1,-0.0101034
4.69344,0.00538407,-0.00498109,1.49925,2,1.99935,4.7034,2.00471,4.68596,-1.4945,0,0,4.7034,2.00471,5.46755,1.99237,-0.000647783,1,0.0171262
4.79344,0.00495575,-0.00343185,1.49925,2,1.99984,4.80031,2.00478,4.78829,-1.49445,0,0,4.80031,2.00478,5.56417,1.99236,-0.000159979,1,0.0247945
4.89344,0.00473136,-0.00100607,1.49925,2,2.00012,4.89545,2.00485,4.89192,-1.4944,0,0,4.89545,2.00485,5.65869,1.99229,0.000123024,1,0.0184107
4.99344,0.00472711,0.000879684,1.49925,2,1.99848,5.02656,2.00293,4.96856,-1.49584,0,0,5.02656,2.00293,4.30123,2.00933,-0.00152266,1,-0.0976565
5.09344,0.00439435,-0.00818956,1.49925,2,1.99879,5.10981,2.00312,5.08114,-1.49602,0,0,5.10981,2.00312,5.87535,1.99253,-0.00121212,1,-0.00245598
5.19343,0.00351672,-0.00891116,1.49925,2,1.99975,5.21126,2.00319,5.18007,-1.49592,0,0,5.21126,2.00319,5.97741,1.99267,-0.000246406,1,0.0492844
5.29343,0.00283708,-0.00434491,1.49925,2,2.00051,5.30213,2.00333,5.28691,-1.49589,0,0,5.30213,2.00333,6.06678,1.99159,0.000508308,1,0.0492594
5.39343,0.0026489,0.000581157,1.49925,2,2.00076,5.42719,2.00313,5.36814,-1.49563,0,0,5.42719,2.00313,4.7011,2.00955,0.000761509,1,0.0253333
5.49343,0.0028476,0.00325804,1.49925,2,2.00051,5.52183,2.00316,5.47215,-1.49574,0,0,5.52183,2.00316,4.79508,2.00976,0.000513554,1,-0.00511282
5.59343,0.00316269,0.00289899,1.49925,2,2.00017,5.62254,2.00312,5.57161,-1.49576,0,0,5.62254,2.00312,4.89601,2.0097,0.000172615,1,-0.014193
5.69343,0.00338775,0.00154325,1.49925,2,1.99994,5.72525,2.00308,5.66957,-1.49573,0,0,5.72525,2.00308,4.99919,2.00957,-5.75781e-05,1,-0.0126599
5.79343,0.00347774,0.000266526,1.49925,2,1.99986,5.8278,2.00305,5.76766,-1.49569,0,0,5.8278,2.00305,5.1027,2.00779,-0.000135899,1,-0.0065243
5.89343,0.00346763,-0.000428853,1.49925,2,1.99987,5.89429,2.00334,5.89278,-1.49591,0,0,5.89429,2.00334,6.65751,1.99139,-0.000127435,1,-0.00162227
5.99343,0.00341378,-0.000620492,1.49925,2,1.99898,6.02956,2.00207,5.96631,-1.49661,0,0,6.02956,2.00207,5.30469,2.00772,-0.00102031,1,-0.0634282
6.09343,0.00307056,-0.00659247,1.49925,2,1.99928,6.10661,2.00231,6.08354,-1.49687,0,0,6.10661,2.00231,6.87186,1.99165,-0.000720382,1,0.00653479
6.19343,0.00239673,-0.00642874,1.49925,2,2.00002,6.20629,2.00237,6.18378,-1.4968,0,0,6.20629,2.00237,6.97177,1.99171,1.88351e-05,1,0.0416259
6.29342,0.00193504,-0.00254687,1.49925,2,2.00055,6.29852,2.00248,6.2896,-1.49676,0,0,6.29852,2.00248,7.06213,1.98933,0.000553608,1,0.0397299
6.39342,0.00187993,0.00143559,1.49925,2,2.00063,6.42547,2.00226,6.36942,-1.49655,0,0,6.42547,2.00226,5.69943,2.00805,0.000631809,1,0.0146179
6.49342,0.00211586,0.00309828,1.49925,2,2.00036,6.52214,2.00227,6.4719,-1.49662,0,0,6.52214,2.00227,5.79573,2.00817,0.000355482,1,-0.00871079
6.59342,0.00239571,0.00236717,1.49925,2,2.00006,6.6236,2.00222,6.5708,-1.49663,0,0,6.6236,2.00222,5.8975,2.00808,5.67436e-05,1,-0.0156257
6.69342,0.00256025,0.000866838,1.49925,2,1.9999,6.7266,2.00218,6.66855,-1.49659,0,0,6.7266,2.00218,6.00098,2.00794,-0.000103951,1,-0.0117209
6.79342,0.00258642,-0.000324774,1.49925,2,1.99988,6.79408,2.00246,6.79293,-1.49679,0,0,6.79408,2.00246,7.55675,1.98918,-0.000124812,1,-0.00326797
6.89342,0.00253348,-0.000693836,1.49925,2,1.99993,6.89482,2.00246,6.89238,-1.49679,0,0,6.89482,2.00246,7.65762,1.9892,-7.1764e-05,1,0.00143602
6.99342,0.00246854,-0.000578458,1.49925,2,1.99772,7.02945,1.99987,6.96635,-1.49881,0,0,7.02945,1.99987,6.30456,2.00686,-0.0022769,1,-0.135354
7.09342,0.00185151,-0.0128827,1.49925,2,1.99834,7.11917,2.00003,7.07408,-1.49893,0,0,7.11917,2.00003,6.39043,2.01358,-0.00166023,1,0.00658043
7.19341,0.000513573,-0.0130763,1.49925,2,1.9998,7.21957,2.00015,7.1738,-1.49881,0,0,7.21957,2.00015,6.49039,2.01358,-0.000197172,1,0.0731016
7.29341,-0.000473463,-0.00623176,1.49925,2,2.00084,7.30588,2.00033,7.28407,-1.49885,0,0,7.30588,2.00033,8.07204,1.99075,0.000844717,1,0.0665396
7.39341,-0.000759507,0.000468139,1.49925,2,2.00121,7.4274,2.00016,7.36796,-1.49858,0,0,7.4274,2.00016,6.70094,2.00726,0.00121069,1,0.0382497
7.49341,-0.00050498,0.00446285,1.49925,2,2.00088,7.5194,2.00021,7.47394,-1.49875,0,0,7.5194,2.00021,6.79193,2.00758,0.000883818,1,-0.00255201
7.5934,-4.38961e-05,0.00449326,1.49925,2,2.00037,7.61933,2.00016,7.57398,-1.4988,0,0,7.61933,2.00016,6.89204,2.00753,0.000372887,1,-0.0220138
7.6934,0.000310306,0.00244757,1.49925,2,2,7.72342,2.00008,7.6709,-1.49877,0,0,7.72342,2.00008,6.99684,2.00732,-3.69549e-06,1,-0.0218194
7.7934,0.000445853,0.000264462,1.49925,2,1.99987,7.82778,2.00002,7.76763,-1.49871,0,0,7.82778,2.00002,7.10266,2.00481,-0.000128746,1,-0.00836681
7.8934,0.000422636,-0.000652935,1.49925,2,1.99989,7.89472,2.00031,7.89242,-1.49894,0,0,7.89472,2.00031,8.65879,1.99042,-0.000113726,1,-0.00112122
7.9934,0.00034752,-0.00080853,1.49925,2,1.99996,7.99503,2.00031,7.99219,-1.49894,0,0,7.99503,2.00031,8.75918,1.99043,-3.89814e-05,1,0.00366205
8.0934,0.000282645,-0.000466242,1.49925,2,2.00117,8.09434,2.00145,8.0927,-1.4978,0,0,8.09434,2.00145,8.85842,1.99042,0.00116873,1,0.0731965
8.1934,0.0005486,0.00629713,1.49925,2,2.00083,8.21573,2.00125,8.17668,-1.49778,0,0,8.21573,2.00125,7.48898,2.00526,0.000826597,1,-0.00319314
8.2934,0.00122101,0.00658894,1.49925,2,2.00009,8.31514,2.00119,8.27711,-1.49785,0,0,8.31514,2.00119,7.58857,2.00524,8.60691e-05,1,-0.0396602
8.3934,0.00171294,0.00295112,1.49925,2,1.99956,8.4224,2.00106,8.37165,-1.49782,0,0,8.4224,2.00106,7.69704,2.00488,-0.000438333,1,-0.0384115
8.4934,0.00181504,-0.000900019,1.49925,2,1.99947,8.4952,2.00128,8.49205,-1.49796,0,0,8.4952,2.00128,9.25751,1.98704,-0.000530124,1,-0.0135651
8.5934,0.00164043,-0.00243045,1.49925,2,1.99964,8.59826,2.00127,8.58975,-1.49797,0,0,8.59826,2.00127,9.3611,1.98711,-0.000362992,1,0.00377057
8.6934,0.00140779,-0.00214007,1.49925,2,1.99989,8.69768,2.0013,8.69019,-1.49795,0,0,8.69768,2.0013,9.46053,1.98712,-0.000108004,1,0.0122852
8.7934,0.00124866,-0.000979673,1.49925,2,2.00008,8.79536,2.00133,8.79193,-1.49792,0,0,8.79536,2.00133,9.55793,1.98708,7.96318e-05,1,0.0113392
8.8934,0.00120812,0.000161811,1.49925,2,2.00013,8.92799,2.00104,8.86747,-1.49768,0,0,8.92799,2.00104,8.2028,2.00581,0.000133514,1,0.0050282
8.9934,0.00125429,0.000715119,1.49925,2,1.99726,9.06168,1.99735,8.94205,-1.49986,0,0,9.06168,1.99735,8.33981,2.00793,-0.00274026,1,-0.165444
9.0934,0.000597808,-0.0148064,1.49925,2,1.99748,9.08811,1.99808,9.09737,-1.50116,0,0,9.08811,1.99808,9.85126,1.9906,-0.00251567,1,-0.0281692
9.19338,-0.00114158,-0.0188588,1.49925,2,1.99932,9.1962,1.99817,9.19127,-1.50107,0,0,9.1962,1.99817,9.96133,1.99104,-0.000682116,1,0.0832568
9.29337,-0.00267597,-0.0112017,1.49925,2,2.001,9.31579,1.9982,9.27658,-1.50083,0,0,9.31579,1.9982,8.58525,2.01285,0.000998735,1,0.101091
9.39337,-0.00329937,-0.00118176,1.49925,2,2.0017,9.39574,1.9984,9.39159,-1.50085,0,0,9.39574,1.9984,8.66183,2.014,0.00170207,1,0.0619147
9.49337,-0.00308517,0.00524477,1.49925,2,2.00142,9.5178,1.99818,9.47508,-1.50081,0,0,9.5178,1.99818,8.78956,2.00664,0.00141764,1,0.00800082
9.59336,-0.00248427,0.00642225,1.49925,2,2.00074,9.61544,1.99814,9.57683,-1.5009,0,0,9.61544,1.99814,8.8871,2.00668,0.000741482,1,-0.0226682
9.69336,-0.00192903,0.00443146,1.49925,2,2.00013,9.71941,1.99803,9.67384,-1.50093,0,0,9.71941,1.99803,8.99186,2.00644,0.00012517,1,-0.0321352
9.79336,-0.00164017,0.0012842,1.49925,2,1.99982,9.8257,1.99792,9.76911,-1.50087,0,0,9.8257,1.99792,9.10029,2.00285,-0.000176668,1,-0.0194986
9.89336,-0.00161778,-0.000754109,1.49925,2,1.99979,9.89488,1.99818,9.89223,-1.50107,0,0,9.89488,1.99818,9.16272,2.01053,-0.000205636,1,-0.00502797
9.99336,-0.0017281,-0.0013582,1.49925,2,1.99989,9.99608,1.99816,9.99132,-1.50109,0,0,9.99608,1.99816,9.26409,2.01046,-0.000108719,1,0.00369472
10.0934,-0.00185134,-0.00104979,1.49925,2,2.00285,10.0256,1.99985,10.144,-1.49739,0,0,10.0256,1.99985,9.28493,2.00517,0.00284934,1,0.168501
10.1934,-0.00120974,0.0148115,1.49925,2,2.0097,10.0235,2.0013,10.3193,-1.48543,0,0,10.0235,2.0013,9.26124,2.01161,0.00969648,1,0.305518
10.2933,0.00169325,0.0442672,1.49925,2,2.01862,10.0286,2.00287,10.4875,-1.46615,0,0,10.0286,2.00287,9.24587,2.01071,0.0186174,1,0.376281
10.3931,0.00794912,0.0814,1.49925,2,2.02581,10.053,2.00501,10.6405,-1.44458,0,0,10.053,2.00501,9.2498,2.01535,0.0258119,1,0.372202
10.4926,0.0179356,0.118649,1.49925,2,2.0401,10.0407,2.00735,10.8158,-1.40497,0,0,10.0407,2.00735,9.19467,2.0321,0.0400999,1,0.460663
10.5916,0.0319961,0.164096,1.49925,2,2.05252,10.0465,2.01081,10.9758,-1.36277,0,0,10.0465,2.01081,9.16404,2.04064,0.0525241,1,0.470757
10.6898,0.0506402,0.211091,1.49925,2,2.06663,10.048,2.01507,11.1348,-1.31113,0,0,10.048,2.01507,9.12172,2.05093,0.0666332,1,0.491268
10.7871,0.0739686,0.260033,1.49925,2,2.06996,10.0825,2.02034,11.2735,-1.26999,0,0,10.0825,2.02034,9.1376,2.04681,0.0699577,1,0.448239
10.8831,0.101857,0.305072,1.49925,2,2.0819,10.0871,2.02557,11.425,-1.2078,0,0,10.0871,2.02557,9.09221,2.05769,0.0818992,1,0.502627
10.9777,0.134238,0.3549,1.49925,2,2.09639,10.1139,2.04438,11.5558,-1.14399,0,0,10.1139,2.04438,9.07559,2.08108,0.0963898,1,0.523875
11.0705,0.17141,0.407096,1.49925,2,2.10277,10.1053,2.03955,11.7115,-1.06925,0,0,10.1053,2.03955,8.98105,2.09785,0.102769,1,0.502337
11.1613,0.213307,0.45748,1.49925,2,2.10145,10.1357,2.0475,11.8435,-1.00672,0,0,10.1357,2.0475,8.94835,2.1227,0.101452,1,0.46982
11.2499,0.259597,0.50482,1.49925,2,2.11541,10.1313,2.05506,11.9817,-0.914937,0,0,10.1313,2.05506,8.84645,2.14255,0.115413,1,0.529822
11.3362,0.310232,0.557502,1.49925,2,2.11426,10.1556,2.06422,12.1095,-0.838754,0,0,10.1556,2.06422,8.8297,2.13513,0.114262,1,0.470402
11.4197,0.365144,0.604899,1.49925,2,2.12967,10.1482,2.0736,12.2374,-0.73355,0,0,10.1482,2.0736,8.69371,2.15866,0.129673,1,0.529718
11.5005,0.424131,0.657456,1.49925,2,2.15767,10.1231,2.08498,12.3569,-0.608544,0,0,10.1231,2.08498,8.48307,2.18952,0.157665,1,0.556283
11.5779,0.487395,0.712871,1.49925,2,2.12945,10.1573,2.07375,12.4917,-0.533054,0,0,10.1573,2.07375,8.31315,2.23467,0.129447,1,0.0283177
11.6531,0.553316,0.721511,1.49925,2,2.14166,10.1832,2.11095,12.5848,-0.43406,0,0,10.1832,2.11095,8.31213,2.23076,0.141661,1,0.520735
11.7268,0.620917,0.768168,1.49925,2,2.14261,10.1852,2.10896,12.7028,-0.321273,0,0,10.1852,2.10896,8.03581,2.26326,0.142605,1,0.481299
11.797,0.692116,0.816495,1.49925,2,2.15642,10.1749,2.11305,12.807,-0.192717,0,0,10.1749,2.11305,7.60105,2.32116,0.156421,1,0.52417
11.8635,0.766735,0.868654,1.49925,2,2.17332,10.18,2.14122,12.8906,-0.0718253,0,0,10.18,2.14122,7.16212,2.40669,0.173324,1,0.532019
11.926,0.84476,0.921809,1.49925,2,2.15957,10.183,2.11974,13.0073,0.0538323,0,0,10.183,2.11974,6.06344,2.54627,0.15957,1,0.365168
11.9849,0.925573,0.959327,1.49925,2,2.16713,10.189,2.13851,13.0889,0.17999,0,0,10.189,2.13851,4.87643,2.7025,0.167129,1,0.507099
12.0403,1.00883,1.00919,1.49925,2,2.16096,10.1915,2.12756,13.1853,0.315998,0,0,10.1915,2.12756,22.3071,-5.20357,0.160965,1,0.444479
12.0916,1.09464,1.05407,1.49925,2,2.17473,10.2008,2.16904,13.2432,0.440283,0,0,10.2008,2.16904,22.5249,-4.8338,0.174731,1,0.526528
12.1388,1.18283,1.10631,1.49925,2,2.1664,10.2019,2.15329,13.3304,0.585764,0,0,10.2019,2.15329,22.8674,-4.19271,0.166399,1,0.435357
12.1815,1.27321,1.1504,1.49925,2,2.17606,10.2108,2.19585,13.3799,0.712177,0,0,10.2108,2.19585,23.0495,-3.81477,0.176064,1,0.509955
12.2201,1.36548,1.20087,1.49925,2,2.16967,10.2112,2.18511,13.4511,0.86321,0,0,10.2112,2.18511,10.3258,3.144,0.169671,1,0.446899
12.2541,1.4595,1.24594,1.49925,2,2.16711,10.2127,2.18693,13.5089,1.01235,0,0,10.2127,2.18693,10.3281,3.11102,0.167107,1,0.463337
12.2838,1.55498,1.29219,1.49925,2,2.17039,10.2192,2.22433,13.5479,1.14515,0,0,10.2192,2.22433,10.3408,3.12628,0.170386,1,0.488211
12.309,1.65175,1.34079,1.49925,2,2.16585,10.2187,2.21883,13.5959,1.30262,0,0,10.2187,2.21883,10.3407,3.09114,0.165851,1,0.451484
12.3295,1.7496,1.38612,1.49925,2,2.1655,10.2246,2.25812,13.626,1.4364,0,0,10.2246,2.25812,10.3524,3.11256,0.165503,1,0.474834
12.3456,1.8483,1.43346,1.49925,2,2.16088,10.2235,2.25575,13.6599,1.59593,0,0,10.2235,2.25575,10.3519,3.08777,0.160882,1,0.453973
12.357,1.94763,1.47905,1.49925,2,2.15672,10.2284,2.29457,13.682,1.73167,0,0,10.2284,2.29457,10.3618,3.11152,0.156721,1,0.455538
12.3639,2.04739,1.52459,1.49925,2,2.14925,10.245,2.40757,13.6948,1.82114,0,0,10.245,2.40757,10.3734,3.22678,0.149249,1,0.439545
12.3663,2.14735,1.56867,1.49925,2,2.1365,10.2568,2.48606,13.7118,1.93131,0,0,10.2568,2.48606,24.2145,0.244945,0.136502,1,0.394668
12.3645,2.24733,1.60845,1.49925,2,2.11938,10.2763,2.60962,13.7241,2.01145,0,0,10.2763,2.60962,24.1879,0.196039,0.119383,1,0.368655
12.3589,2.34716,1.64555,1.49925,2,2.09813,10.2909,2.70128,13.7399,2.11068,0,0,10.2909,2.70128,24.1867,0.321808,0.0981283,1,0.313184
12.3498,2.44675,1.67726,1.49925,2,2.07317,10.3075,2.80319,13.7547,2.20156,0,0,10.3075,2.80319,24.1711,0.383555,0.0731668,1,-0.0729559
12.3393,2.5462,1.67228,1.49925,2,2.04648,10.3251,2.90808,13.7692,2.28929,0,0,10.3251,2.90808,24.1502,0.424174,0.0464807,1,-0.328163
12.3306,2.64581,1.64151,1.49925,2,2.02162,10.3394,2.99508,13.786,2.39053,0,0,10.3394,2.99508,24.1502,0.572611,0.0216231,1,-0.402184
12.3255,2.74568,1.60181,1.49925,2,2.00041,10.3569,3.10072,13.8006,2.47965,0,0,10.3569,3.10072,10.2363,2.38568,0.00041461,1,-0.418846
12.3245,2.84566,1.56004,1.49925,2,1.98363,10.3688,3.17703,13.8188,2.59247,0,0,10.3688,3.17703,10.2457,2.46475,-0.0163665,1,-0.430407
12.3277,2.9456,1.51709,1.49925,2,1.97159,10.3808,3.25665,13.8363,2.70459,0,0,10.3808,3.25665,10.2673,2.54799,-0.0284139,1,-0.418196
12.3352,3.04532,1.4752,1.49925,2,1.9674,10.3768,3.23312,13.86,2.89909,0,0,10.3768,3.23312,10.2559,2.5067,-0.0326037,1,-0.360024
12.3466,3.14466,1.43879,1.49925,2,1.97324,10.3753,3.23292,13.871,3.07641,0,0,10.3753,3.23292,10.2633,2.49034,-0.0267577,1,-0.102803
12.3604,3.2437,1.42645,1.49925,2,1.98576,10.3748,3.21842,13.8738,3.26296,0,0,10.3748,3.21842,10.2533,2.44625,-0.014236,1,0.250671
12.3737,3.3428,1.44975,1.49925,2,2.00559,10.371,3.23559,13.8653,3.42265,0,0,10.371,3.23559,10.2419,2.43504,0.00559378,1,0.426931
12.3838,3.44229,1.49103,1.49925,2,2.02288,10.37,3.25087,13.8536,3.58199,0,0,10.37,3.25087,10.2332,2.41972,0.0228794,1,0.455555
12.3895,3.54211,1.53642,1.49925,2,2.04302,10.3666,3.25672,13.8315,3.74554,0,0,10.3666,3.25672,10.2195,2.3868,0.0430176,1,0.488585
12.3906,3.6421,1.58511,1.49925,2,2.06637,10.3609,3.25419,13.798,3.91108,0,0,10.3609,3.25419,10.2013,2.33599,0.066366,1,0.516811
12.3866,3.74201,1.63657,1.49925,2,2.09365,10.3531,3.24373,13.7518,4.07653,0,0,10.3531,3.24373,24.0418,6.59793,0.0936487,1,0.546177
12.3773,3.84157,1.69089,1.49925,2,2.0945,10.3627,3.26844,13.7284,4.22595,0,0,10.3627,3.26844,23.9193,7.12518,0.0944955,1,0.47227
12.3629,3.94052,1.73863,1.49925,2,2.11772,10.356,3.26448,13.6722,4.38154,0,0,10.356,3.26448,5.50572,4.22598,0.117723,1,0.542866
12.3436,4.03862,1.79243,1.49925,2,2.13004,10.351,3.28576,13.6244,4.52256,0,0,10.351,3.28576,6.56241,4.06906,0.130044,1,0.52026
12.3191,4.13555,1.84461,1.49925,2,2.13843,10.3461,3.31073,13.5746,4.66045,0,0,10.3461,3.31073,6.84697,3.97427,0.138431,1,0.510165
12.2896,4.2311,1.89568,1.49925,2,2.16268,10.3234,3.33033,13.5047,4.78779,0,0,10.3234,3.33033,7.34172,3.91858,0.162676,1,0.547379
12.2551,4.32496,1.94997,1.49925,2,2.17725,10.3105,3.34584,13.4359,4.91947,0,0,10.3105,3.34584,7.7453,3.87284,0.177253,1,0.529949
12.2157,4.41683,2.00309,1.49925,2,2.18411,10.3198,3.33244,13.3573,5.06979,0,0,10.3198,3.33244,8.20558,3.79831,0.184105,1,0.502416
12.1715,4.50653,2.05355,1.49925,2,2.18261,10.3137,3.36094,13.2922,5.19759,0,0,10.3137,3.36094,8.37648,3.79224,0.182611,1,0.468817
12.123,4.59397,2.10066,1.49925,2,2.2043,10.2819,3.38186,13.2046,5.30604,0,0,10.2819,3.38186,8.48046,3.79584,0.204303,1,0.542525
12.0702,4.67888,2.15425,1.49925,2,2.20992,10.2921,3.36656,13.1076,5.44453,0,0,10.2921,3.36656,8.7237,3.75525,0.209917,1,0.50063
12.013,4.76091,2.20457,1.49925,2,2.20263,10.2847,3.39539,13.0304,5.56474,0,0,10.2847,3.39539,8.72437,3.73584,0.202635,1,0.437657
11.952,4.84013,2.24896,1.49925,2,2.22039,10.2726,3.38764,12.9193,5.67671,0,0,10.2726,3.38764,8.8496,3.71977,0.22039,1,0.536307
11.8873,4.91632,2.3019,1.49925,2,2.2347,10.25,3.39543,12.8138,5.77696,0,0,10.25,3.39543,8.92122,3.72464,0.234695,1,0.525568
11.8186,4.98897,2.35454,1.49925,2,2.21964,10.274,3.39486,12.709,5.90797,0,0,10.274,3.39486,9.0519,3.70446,0.219643,1,0.368058
11.7466,5.05841,2.39244,1.49925,2,2.22523,10.2598,3.40275,12.5978,6.00634,0,0,10.2598,3.40275,9.09575,3.70326,0.225226,1,0.49844
11.6718,5.12473,2.44138,1.49925,2,2.23533,10.2313,3.41537,12.4862,6.09124,0,0,10.2313,3.41537,9.11549,3.71473,0.235335,1,0.515879
11.5937,5.18717,2.49288,1.49925,2,2.22783,10.2477,3.41191,12.3618,6.20031,0,0,10.2477,3.41191,9.20007,3.70128,0.227829,1,0.427573
11.5127,5.24582,2.53625,1.49925,2,2.23589,10.2085,3.42972,12.2496,6.27198,0,0,10.2085,3.42972,9.16158,3.70047,0.235887,1,0.506394
11.4291,5.30065,2.58642,1.49925,2,2.22759,10.2221,3.42841,12.1181,6.36946,0,0,10.2221,3.42841,9.22869,3.69077,0.227591,1,0.429375
11.343,5.35148,2.62989,1.49925,2,2.23438,10.1815,3.44266,12.0004,6.43205,0,0,10.1815,3.44266,9.21594,3.70862,0.23438,1,0.505213
11.2546,5.39827,2.67988,1.49925,2,2.22674,10.1937,3.44052,11.8609,6.51706,0,0,10.1937,3.44052,9.2665,3.69752,0.226737,1,0.427918
11.1641,5.44085,2.72306,1.49925,2,2.22312,10.1903,3.44239,11.7231,6.58803,0,0,10.1903,3.44239,9.29399,3.69571,0.223118,1,0.458766
11.0719,5.4794,2.76869,1.49925,2,2.22384,10.1544,3.45365,11.598,6.64122,0,0,10.1544,3.45365,9.27966,3.70994,0.223835,1,0.47972
10.9779,5.51361,2.81648,1.49925,2,2.21815,10.1603,3.45162,11.4501,6.70451,0,0,10.1603,3.45162,9.31253,3.7043,0.218153,1,0.442192
10.8825,5.54342,2.861,1.49925,2,2.21534,10.122,3.4627,11.3232,6.7493,0,0,10.122,3.4627,9.29167,3.7184,0.215341,1,0.460895
10.7858,5.56889,2.90699,1.49925,2,2.20959,10.1235,3.4609,11.1723,6.79926,0,0,10.1235,3.4609,9.31342,3.71404,0.209591,1,0.44507
10.688,5.58996,2.95158,1.49925,2,2.20234,10.0483,3.48259,11.0648,6.83094,0,0,10.0483,3.48259,9.24437,3.73466,0.202343,1,0.441103
10.5894,5.60667,2.99572,1.49925,2,2.18986,9.9361,3.51655,10.9801,6.85643,0,0,9.9361,3.51655,9.13395,3.76757,0.189858,1,0.382059
10.4902,5.61928,3.03428,1.49925,2,2.17306,9.81335,3.55433,10.9033,6.87949,0,0,9.81335,3.55433,9.01916,3.81228,0.173063,1,0.335885
10.3906,5.62829,3.06814,1.49925,2,2.15243,9.71806,3.58365,10.8115,6.90767,0,0,9.71806,3.58365,8.93443,3.84335,0.152431,1,0.303435
10.2908,5.63409,3.09874,1.49925,2,2.12818,9.61712,3.61537,10.7249,6.93466,0,0,9.61712,3.61537,8.83898,3.87006,0.128177,1,0.227835
10.1909,5.63719,3.12206,1.49925,2,2.10107,9.53744,3.64031,10.6257,6.96603,0,0,9.53744,3.64031,8.77661,3.89815,0.101072,1,0.0855378
10.0909,5.63862,3.13161,1.49925,2,2.07207,9.43093,3.67446,10.5454,6.99147,0,0,9.43093,3.67446,8.67784,3.92886,0.0720696,1,-0.278698
9.99091,5.64076,3.10629,1.49925,2,2.04386,9.35854,3.69719,10.4412,7.02474,0,0,9.35854,3.69719,8.61485,3.94287,0.0438619,1,-0.369563
9.89105,5.64608,3.06997,1.49925,2,2.01873,9.26375,3.72729,10.3511,7.0533,0,0,9.26375,3.72729,9.96214,3.4988,0.0187299,1,-0.428733
9.79149,5.65531,3.02769,1.49925,2,1.99491,9.1247,3.77514,10.2943,7.07313,0,0,9.1247,3.77514,9.80887,3.55189,-0.00509059,1,-0.463732
9.69243,5.66896,2.98156,1.49925,2,1.97827,9.10845,3.77884,10.1414,7.12215,0,0,9.10845,3.77884,8.38688,4.00807,-0.0217285,1,-0.447896
9.5941,5.6871,2.93669,1.49925,2,1.96705,8.99473,3.81359,10.061,7.14644,0,0,8.99473,3.81359,9.67648,3.59955,-0.0329474,1,-0.4244
9.49666,5.70954,2.89406,1.49925,2,1.96068,8.91744,3.83637,9.95118,7.17944,0,0,8.91744,3.83637,9.59941,3.62154,-0.0393196,1,-0.40845
9.40024,5.73602,2.8531,1.49925,2,1.95893,8.84291,3.85805,9.83847,7.21269,0,0,8.84291,3.85805,8.12587,4.07699,-0.0410715,1,-0.361097
9.30492,5.76623,2.81662,1.49925,2,1.96152,8.74388,3.88666,9.74474,7.23972,0,0,8.74388,3.88666,9.4281,3.68044,-0.0384822,1,-0.279045
9.21062,5.79953,2.78822,1.49925,2,1.96763,8.62724,3.92037,9.66474,7.26228,0,0,8.62724,3.92037,9.31109,3.71025,-0.0323737,1,-0.142767
9.11709,5.83489,2.77299,1.49925,2,1.97622,8.5684,3.93636,9.53995,7.29803,0,0,8.5684,3.93636,9.2597,3.73225,-0.0237772,1,0.0751462
9.02373,5.87072,2.77876,1.49925,2,1.9854,8.45025,3.96995,9.461,7.32004,0,0,8.45025,3.96995,9.14184,3.76546,-0.0145973,1,0.207806
8.92991,5.90533,2.79861,1.49925,2,1.9932,8.35875,3.99571,9.36147,7.34822,0,0,8.35875,3.99571,9.05394,3.78547,-0.00679719,1,0.245746
8.83533,5.93781,2.823,1.49925,2,1.99875,8.27588,4.01896,9.25533,7.37834,0,0,8.27588,4.01896,8.97444,3.81294,-0.00125241,1,0.202414
8.74005,5.96815,2.84354,1.49925,2,2.00256,8.18547,4.0439,9.15453,7.4063,0,0,8.18547,4.0439,7.4523,4.26404,0.00256252,1,0.180307
8.64419,5.99663,2.86175,1.49925,2,2.00328,8.05735,4.08124,9.08242,7.42698,0,0,8.05735,4.08124,8.75411,3.8752,0.00327873,1,0.0819705
8.54795,6.02378,2.87083,1.49925,2,2.00246,7.97876,4.10391,8.9734,7.45883,0,0,7.97876,4.10391,8.67754,3.89661,0.00246143,1,-0.00403761
8.45158,6.0505,2.87086,1.49925,2,2.00116,7.88282,4.13187,8.87737,7.48681,0,0,7.88282,4.13187,8.58115,3.92467,0.00115681,1,-0.0513027
8.35529,6.07747,2.86601,1.49925,2,2.0001,7.77753,4.16263,8.78834,7.51271,0,0,7.77753,4.16263,8.47426,3.95622,9.60827e-05,1,-0.0491128
8.25913,6.10492,2.86108,1.49925,2,1.99964,7.67208,4.19339,8.69938,7.53844,0,0,7.67208,4.19339,8.36741,3.98772,-0.000356436,1,-0.0295945
8.16308,6.13275,2.858,1.49925,2,1.99961,7.60358,4.21301,8.58269,7.57249,0,0,7.60358,4.21301,6.87468,4.43833,-0.000385284,1,-0.00782844
8.06709,6.16079,2.85705,1.49925,2,1.99979,7.5057,4.24141,8.48803,7.59995,0,0,7.5057,4.24141,6.77644,4.46678,-0.000211358,1,0.00622804
7.97111,6.18884,2.85757,1.49925,2,2,7.41067,4.26897,8.39123,7.62802,0,0,7.41067,4.26897,6.68149,4.49434,1.90735e-06,1,0.0106643
7.8751,6.21681,2.85861,1.49925,2,1.99836,7.25048,4.31858,8.34423,7.6425,0,0,7.25048,4.31858,7.94084,4.10834,-0.00163829,1,-0.101405
7.7792,6.24515,2.84925,1.49925,2,1.99831,7.20329,4.33163,8.21177,7.68241,0,0,7.20329,4.33163,6.4707,4.55521,-0.00169039,1,-0.0298508
7.6835,6.27416,2.84577,1.49925,2,1.99964,7.10053,4.36138,8.12069,7.70863,0,0,7.10053,4.36138,7.79694,4.14531,-0.000361204,1,0.0622237
7.58777,6.30308,2.85125,1.49925,2,2.0008,7.01498,4.38603,8.01675,7.73882,0,0,7.01498,4.38603,6.28271,4.61059,0.000795603,1,0.0695617
7.49186,6.33138,2.85816,1.49925,2,2.00133,6.93218,4.4099,7.91076,7.76953,0,0,6.93218,4.4099,6.20186,4.63429,0.00133133,1,0.0461411
7.39578,6.3591,2.86296,1.49925,2,2.00113,6.8119,4.44505,7.8329,7.79203,0,0,6.8119,4.44505,7.50841,4.2353,0.0011332,1,0.00576513
7.29962,6.38656,2.86374,1.49925,2,2.00065,6.71737,4.47251,7.73576,7.82029,0,0,6.71737,4.47251,7.41391,4.2627,0.000652552,1,-0.0166376
7.20348,6.41406,2.86224,1.49925,2,2.00023,6.61846,4.50129,7.6419,7.84753,0,0,6.61846,4.50129,7.31448,4.29173,0.000229836,1,-0.021267
7.10738,6.44173,2.86015,1.49925,2,2.00002,6.51843,4.53038,7.54886,7.87448,0,0,6.51843,4.53038,7.21373,4.32358,2.43187e-05,1,-0.00977975
7.01133,6.46956,2.85909,1.49925,2,1.99999,6.45381,4.54885,7.42927,7.90939,0,0,6.45381,4.54885,5.72426,4.77307,-1.19209e-05,1,-0.00213949
6.9153,6.49745,2.85883,1.49925,2,1.99954,6.29073,4.59796,7.38375,7.92212,0,0,6.29073,4.59796,6.98151,4.38893,-0.000462055,1,-0.0314351
6.81931,6.52548,2.85592,1.49925,2,1.99917,6.25593,4.60733,7.24204,7.96476,0,0,6.25593,4.60733,5.52509,4.83075,-0.000831008,1,-0.0348204
6.72341,6.55382,2.85246,1.49925,2,1.99969,6.15326,4.63714,7.15097,7.99114,0,0,6.15326,4.63714,5.42114,4.86073,-0.000313044,1,0.0226329
6.62754,6.58227,2.85421,1.49925,2,2.00035,6.06055,4.66396,7.05241,8.0197,0,0,6.06055,4.66396,5.32981,4.88897,0.000352621,1,0.0455394
6.53158,6.61041,2.85865,1.49925,2,2.0007,5.97301,4.68926,6.94996,8.04937,0,0,5.97301,4.68926,5.24351,4.91416,0.000703812,1,0.0294375
6.43552,6.63818,2.86169,1.49925,2,2.00056,5.84936,4.72542,6.87463,8.0711,0,0,5.84936,4.72542,6.54527,4.51732,0.000556707,1,0.000449686
6.3394,6.66579,2.86188,1.49925,2,2.00025,5.7537,4.75321,6.77834,8.09908,0,0,5.7537,4.75321,6.44955,4.54511,0.000253916,1,-0.0123081
6.24331,6.69345,2.86072,1.49925,2,2.00002,5.65546,4.78177,6.68396,8.12646,0,0,5.65546,4.78177,6.35095,4.57386,2.28882e-05,1,-0.0117832
6.14724,6.72123,2.85954,1.49925,2,1.99993,5.55716,4.81033,6.58962,8.1538,0,0,5.55716,4.81033,6.25227,4.60362,-7.20024e-05,1,-0.00650385
6.0512,6.7491,2.85885,1.49925,2,1.99992,5.49323,4.82858,6.46951,8.18889,0,0,5.49323,4.82858,4.76408,5.05339,-7.58171e-05,1,-0.00147481
5.95518,6.77701,2.85865,1.49925,2,1.99882,5.3305,4.87831,6.4241,8.20228,0,0,5.3305,4.87831,6.02102,4.66865,-0.00118065,1,-0.0737037
5.85924,6.80524,2.85172,1.49925,2,1.99865,5.28796,4.88998,6.28817,8.24323,0,0,5.28796,4.88998,4.55602,5.1135,-0.00135303,1,-0.0308292
5.76347,6.83401,2.84821,1.49925,2,1.99968,5.18517,4.91977,6.19715,8.2695,0,0,5.18517,4.91977,5.88219,4.70395,-0.000316501,1,0.050733
5.66769,6.86275,2.85254,1.49925,2,2.00066,5.09742,4.94509,6.09485,8.29917,0,0,5.09742,4.94509,4.36292,5.16611,0.000662565,1,0.0544112
5.57177,6.891,2.85796,1.49925,2,2.00113,5.01175,4.96982,5.99101,8.32925,0,0,5.01175,4.96982,4.27878,5.19071,0.00113368,1,0.0427836
5.4757,6.91877,2.86235,1.49925,2,2.00099,4.89068,5.0052,5.91373,8.35156,0,0,4.89068,5.0052,5.58695,4.79623,0.000992298,1,0.00941935
5.37955,6.94626,2.86356,1.49925,2,2.00055,4.79698,5.03241,5.81599,8.38001,0,0,4.79698,5.03241,5.4934,4.82331,0.000548363,1,-0.0158833
5.28341,6.97377,2.8621,1.49925,2,2.00014,4.69816,5.06116,5.72206,8.40726,0,0,4.69816,5.06116,5.39407,4.85231,0.000144958,1,-0.0205405
5.18732,7.00145,2.86007,1.49925,2,1.99995,4.59825,5.09022,5.62893,8.43424,0,0,4.59825,5.09022,5.2935,4.88343,-4.91142e-05,1,-0.011524
5.09127,7.0293,2.85885,1.49925,2,1.99993,4.5333,5.10878,5.50958,8.46908,0,0,4.5333,5.10878,3.80105,5.32951,-7.31945e-05,1,-0.0026979
4.99525,7.05721,2.85852,1.49925,2,1.99997,4.43663,5.13684,5.41402,8.49682,0,0,4.43663,5.13684,3.70426,5.35759,-2.95639e-05,1,0.00216739
4.89923,7.08514,2.8587,1.49925,2,2.00292,4.4076,5.1435,5.26651,8.5357,0,0,4.4076,5.1435,3.6807,5.35834,0.00291562,1,0.156261
4.80302,7.11241,2.87309,1.49925,2,2.00253,4.23816,5.19121,5.22521,8.54836,0,0,4.23816,5.19121,4.9374,4.98585,0.00252533,1,0.0196274
4.70655,7.13875,2.87615,1.49925,2,2.00076,4.11461,5.22756,5.14989,8.57015,0,0,4.11461,5.22756,4.80982,5.0204,0.000757933,1,-0.082273
4.61014,7.16529,2.86884,1.49925,2,1.99923,4.03805,5.24966,5.03937,8.60258,0,0,4.03805,5.24966,4.73506,5.0451,-0.000765443,1,-0.0890277
4.51395,7.19266,2.85997,1.49925,2,1.9987,3.92506,5.28269,4.95608,8.6266,0,0,3.92506,5.28269,4.61967,5.07943,-0.00130475,1,-0.046427
4.41797,7.22071,2.8549,1.49925,2,1.99887,3.85272,5.30343,4.84226,8.65985,0,0,3.85272,5.30343,3.12218,5.52751,-0.00113332,1,-0.0101685
4.32207,7.24907,2.85356,1.49925,2,1.99942,3.75409,5.33202,4.74814,8.68711,0,0,3.75409,5.33202,3.02294,5.55621,-0.000581264,1,0.018983
4.22617,7.27741,2.85519,1.49925,2,1.99997,3.66118,5.3589,4.64973,8.71562,0,0,3.66118,5.3589,2.93032,5.5831,-2.95639e-05,1,0.0316429
4.13021,7.30551,2.85829,1.49925,2,2.00028,3.57107,5.38497,4.54921,8.74473,0,0,3.57107,5.38497,2.84106,5.60909,0.00027895,1,0.0206245
4.03416,7.33336,2.86045,1.49925,2,1.99984,3.41259,5.43257,4.5002,8.75851,0,0,3.41259,5.43257,4.10385,5.22347,-0.000164747,1,-0.0242738
3.93811,7.36118,2.85843,1.49925,2,1.99935,3.3795,5.44145,4.35717,8.80135,0,0,3.3795,5.44145,2.64932,5.66475,-0.000651479,1,-0.0347613
3.84214,7.38928,2.85504,1.49925,2,1.99957,3.27696,5.47124,4.26602,8.8278,0,0,3.27696,5.47124,2.54565,5.69468,-0.000427127,1,0.00470636
3.74622,7.41755,2.85515,1.49925,2,2.00004,3.18113,5.499,4.1698,8.85568,0,0,3.18113,5.499,2.44381,5.71481,3.91006e-05,1,0.0262812
3.65026,7.44569,2.85763,1.49925,2,2.00038,3.08983,5.52542,4.07019,8.88454,0,0,3.08983,5.52542,2.35955,5.74954,0.000380278,1,0.0258452
3.55423,7.47359,2.86022,1.49925,2,2.00042,2.9653,5.56182,3.99549,8.90599,0,0,2.9653,5.56182,3.66079,5.35412,0.000417709,1,0.00916587
3.45814,7.5013,2.86125,1.49925,2,2.00023,2.87125,5.58911,3.89798,8.93434,0,0,2.87125,5.58911,3.56693,5.38128,0.000227928,1,-0.0067407
3.36205,7.52899,2.86071,1.49925,2,2.00003,2.77417,5.61731,3.80273,8.96198,0,0,2.77417,5.61731,3.46965,5.40957,3.17097e-05,1,-0.0116934
3.26599,7.55676,2.85956,1.49925,2,1.99994,2.67595,5.64584,3.70833,8.98933,0,0,2.67595,5.64584,3.37106,5.43919,-5.74589e-05,1,-0.00555368
3.16995,7.58462,2.85895,1.49925,2,1.99994,2.61217,5.66404,3.5881,9.02444,0,0,2.61217,5.66404,1.88246,5.88807,-6.04391e-05,1,-0.00119035
3.07392,7.61252,2.85881,1.49925,2,1.99997,2.51586,5.69199,3.49227,9.05225,0,0,2.51586,5.69199,1.78609,5.91602,-2.88486e-05,1,0.00129598
2.97789,7.64042,2.85892,1.49925,2,1.9992,2.42026,5.72056,3.39629,9.08093,0,0,2.42026,5.72056,1.69028,5.94382,-0.000797153,1,-0.0522609
2.88192,7.66853,2.85407,1.49925,2,1.99942,2.31492,5.75119,3.30724,9.10679,0,0,2.31492,5.75119,1.58337,5.97464,-0.000577331,1,0.00318325
2.78603,7.69691,2.85394,1.49925,2,2.00001,2.21863,5.77908,3.21137,9.13455,0,0,2.21863,5.77908,1.48682,6.0026,1.16825e-05,1,0.0311502
2.69011,7.72516,2.85678,1.49925,2,2.00047,2.12801,5.80528,3.11124,9.16356,0,0,2.12801,5.80528,1.39639,6.02807,0.000468016,1,0.0333092
2.59409,7.7531,2.86009,1.49925,2,2.00057,2.00487,5.84126,3.03548,9.1853,0,0,2.00487,5.84126,2.70038,5.63361,0.000572443,1,0.0153266
2.498,7.78079,2.86179,1.49925,2,2.00035,1.91209,5.86817,2.93703,9.21395,0,0,1.91209,5.86817,2.60795,5.6603,0.000350952,1,-0.00673783
2.40189,7.80843,2.86122,1.49925,2,2.0001,1.81498,5.89638,2.84181,9.24159,0,0,1.81498,5.89638,2.51061,5.68862,9.60827e-05,1,-0.0123955
2.30582,7.83615,2.86004,1.49925,2,1.99995,1.71669,5.92495,2.74747,9.26893,0,0,1.71669,5.92495,2.41192,5.71822,-5.1856e-05,1,-0.00967935
2.20977,7.86399,2.85905,1.49925,2,1.99992,1.65219,5.94336,2.62778,9.30387,0,0,1.65219,5.94336,0.921468,6.16602,-7.86781e-05,1,-0.0028427
2.11374,7.89189,2.85867,1.49925,2,1.99995,1.55542,5.97145,2.53229,9.33158,0,0,1.55542,5.97145,0.824571,6.19411,-4.55379e-05,1,0.00123442
2.01771,7.9198,2.85873,1.49925,2,2.00083,1.45926,5.99849,2.43594,9.35868,0,0,1.45926,5.99849,0.728641,6.22195,0.000826836,1,0.0671987
1.92161,7.94745,2.86479,1.49925,2,2.00053,1.3414,6.03291,2.35629,9.38175,0,0,1.3414,6.03291,2.03798,5.82635,0.000531912,1,-0.0113309
1.82543,7.97481,2.86397,1.49925,2,1.99995,1.24381,6.0613,2.26144,9.40931,0,0,1.24381,6.0613,1.93999,5.85489,-5.11408e-05,1,-0.0357132
1.7293,8.00237,2.86052,1.49925,2,1.99964,1.14118,6.09118,2.17036,9.43566,0,0,1.14118,6.09118,1.83638,5.88529,-0.000361562,1,-0.0215871
1.63326,8.03023,2.85825,1.49925,2,1.99963,1.07422,6.11033,2.05251,9.47005,0,0,1.07422,6.11033,0.347111,6.33791,-0.000373721,1,-0.00693427
1.53726,8.05822,2.85748,1.49925,2,1.99976,0.976711,6.13863,1.95757,9.4976,0,0,0.976711,6.13863,0.249317,6.36624,-0.000236034,1,0.00306509
1.44126,8.08624,2.85773,1.49925,2,1.99994,0.881139,6.16634,1.86117,9.52555,0,0,0.881139,6.16634,0.153754,6.39396,-5.54323e-05,1,0.0084816
1.34525,8.11421,2.85855,1.49925,2,2.00007,0.786671,6.19372,1.76395,9.55374,0,0,0.786671,6.19372,0.0594866,6.42134,7.24792e-05,1,0.00758343
1.24922,8.1421,2.85931,1.49925,2,2.00011,0.658656,6.23117,1.69187,9.57441,0,0,0.658656,6.23117,1.35377,6.02454,0.000108957,1,0.00357714
1.15317,8.16994,2.8597,1.49925,2,1.99649,0.498185,6.28395,1.64618,9.58952,0,0,0.498185,6.28395,1.18427,6.06969,-0.00350797,1,-0.192429
1.05736,8.19857,2.84163,1.49925,2,1.99586,0.500976,6.28183,1.47646,9.64237,0,0,0.500976,6.28183,-0.230057,6.50165,-0.00414348,1,-0.0932264
0.961989,8.22864,2.83151,1.49925,2,1.99836,0.385521,6.31523,1.39495,9.66572,0,0,0.385521,6.31523,1.08224,6.10013,-0.00164294,1,0.0981785
0.866649,8.2588,2.83999,1.49925,2,2.00095,0.305695,6.33809,1.28669,9.69702,0,0,0.305695,6.33809,-0.42719,6.55921,0.000952482,1,0.125468
0.770984,8.28793,2.85235,1.49925,2,2.00239,0.199837,6.36872,1.19794,9.72261,0,0,0.199837,6.36872,-0.532598,6.59353,0.00239015,1,0.097884
0.674996,8.31597,2.8623,1.49925,2,2.00261,0.0894079,6.40089,1.11263,9.74719,0,0,0.0894079,6.40089,0.786414,6.18825,0.00260901,1,0.0513741
0.578794,8.34326,2.86767,1.49925,2,2.00194,0.00368989,6.42571,1.00893,9.77746,0,0,0.00368989,6.42571,0.701857,6.21236,0.00194311,1,0.00221281
0.482512,8.37028,2.86819,1.49925,2,2.00097,-0.0913226,6.45336,0.912187,9.80563,0,0,-0.0913226,6.45336,0.606639,6.24004,0.000966787,1,-0.0309538
0.386261,8.3974,2.86536,1.49925,2,2.00011,-0.192748,6.48293,0.820245,9.83235,0,0,-0.192748,6.48293,0.503883,6.27541,0.000112295,1,-0.0383546
0.290104,8.42486,2.86157,1.49925,2,1.99966,-0.296027,6.51303,0.729657,9.85858,0,0,-0.296027,6.51303,0.399492,6.30609,-0.000340462,1,-0.0290246
0.19404,8.45264,2.85862,1.49925,2,1.99958,-0.364278,6.53258,0.612774,9.89266,0,0,-0.364278,6.53258,-1.09372,6.75691,-0.000418067,1,-0.0107824
0.098036,8.48062,2.85741,1.49925,2,1.99854,-0.462305,6.56225,0.518799,9.92114,0,0,-0.462305,6.56225,-1.19248,6.78551,-0.00146246,1,-0.0717605
0.00213667,8.50897,2.85066,1.49925,2,1.99904,-0.571282,6.59394,0.432469,9.94613,0,0,-0.571282,6.59394,-1.30373,6.8175,-0.000963092,1,0.0108145
-0.0936628,8.53764,2.85125,1.49925,2,1.99996,-0.666223,6.6214,0.335563,9.97418,0,0,-0.666223,6.6214,-1.39747,6.8468,-4.05312e-05,1,0.0538426
-0.189548,8.56604,2.85642,1.49925,2,2.00058,-0.75237,6.64626,0.232072,10.0042,0,0,-0.75237,6.64626,-1.48225,6.87155,0.000580311,1,0.0437305
-0.285572,8.59395,2.86086,1.49925,2,2.00065,-0.873342,6.68159,0.154701,10.0264,0,0,-0.873342,6.68159,-0.177593,6.47343,0.000648499,1,0.0147611
-0.381683,8.62157,2.86251,1.49925,2,2.00034,-0.966207,6.70853,0.0563159,10.0551,0,0,-0.966207,6.70853,-0.270149,6.50017,0.0003438,1,-0.0125565
-0.4778,8.64916,2.86142,1.49925,2,2.00004,-1.06432,6.73706,-0.0381475,10.0825,0,0,-1.06432,6.73706,-0.368647,6.52888,3.76701e-05,1,-0.0165153
-0.573879,8.67689,2.85979,1.49925,2,1.9999,-1.16347,6.76588,-0.131852,10.1096,0,0,-1.16347,6.76588,-0.468313,6.55917,-0.000101924,1,-0.00959808
-0.66992,8.70475,2.85879,1.49925,2,1.99989,-1.22799,6.7843,-0.251521,10.1446,0,0,-1.22799,6.7843,-1.95689,7.00945,-0.000110388,1,-0.00229522
-0.765943,8.73267,2.85852,1.49925,2,1.99937,-1.42411,6.84473,-0.272207,10.149,-0.272207,10.149,-1.42411,6.84473,-0.737336,6.63336,-0.000627279,2,-0.667
-0.861081,8.76341,2.7958,1.49925,2,2.00059,-1.43973,6.84834,-0.427609,10.198,-0.272207,10.149,-1.43973,6.84834,-2.17123,7.07513,0.000585079,1,0.0680112
-0.955156,8.79733,2.79893,1.49925,2,2.00734,-1.52975,6.87398,-0.528103,10.2268,-0.272207,10.149,-1.52975,6.87398,-2.26518,7.09826,0.00733972,1,0.281511
-1.04975,8.82975,2.82537,1.49925,2,2.01267,-1.64217,6.90624,-0.612183,10.2505,-0.272207,10.149,-1.64217,6.90624,-0.942215,6.69356,0.0126681,1,0.29918
-1.14524,8.85943,2.8552,1.49925,2,2.01456,-1.71434,6.92693,-0.725823,10.2837,-0.272207,10.149,-1.71434,6.92693,-2.45162,7.15131,0.0145569,1,0.227285
-1.24149,8.88654,2.87843,1.49925,2,2.01362,-1.83284,6.96171,-0.805203,10.3067,-0.272207,10.149,-1.83284,6.96171,-1.13227,6.74665,0.0136232,1,0.138883
-1.33824,8.91183,2.89285,1.49925,2,2.01061,-1.93453,6.99168,-0.896751,10.3335,-0.272207,10.149,-1.93453,6.99168,-1.23559,6.77333,0.0106125,1,0.0290248
-1.43522,8.93623,2.89663,1.49925,2,2.00658,-2.02306,7.01769,-0.997926,10.3634,-0.272207,10.149,-2.02306,7.01769,-1.32454,6.79913,0.0065763,1,-0.113067
-1.53211,8.96095,2.88618,1.49925,2,2.00292,-2.10547,7.04184,-1.10378,10.3947,-0.272207,10.149,-2.10547,7.04184,-1.40671,6.82863,0.00292253,1,-0.114803
-1.62872,8.98677,2.87471,1.49925,2,2.00044,-2.22331,7.07673,-1.18324,10.4178,-0.272207,10.149,-2.22331,7.07673,-1.52836,6.86549,0.000437737,1,-0.110759
-1.72504,9.01367,2.86361,1.49925,2,1.99919,-2.30712,7.1011,-1.28828,10.4487,-0.272207,10.149,-2.30712,7.1011,-1.6112,6.89302,-0.000807285,1,-0.0743829
-1.82109,9.0415,2.85588,1.49925,2,2.00028,-2.38485,7.12231,-1.39861,10.4797,-0.272207,10.149,-2.38485,7.12231,-3.11558,7.34655,0.000283718,1,0.0538774
-1.91708,9.06952,2.86024,1.49925,2,2.00035,-2.50594,7.1578,-1.47583,10.502,-0.272207,10.149,-2.50594,7.1578,-1.81054,6.9515,0.000354052,1,0.00989325
-2.01317,9.09721,2.86158,1.49925,2,2.00002,-2.59937,7.18502,-1.57375,10.5306,-0.272207,10.149,-2.59937,7.18502,-1.90375,6.97856,2.47955e-05,1,-0.0203125
-2.10925,9.12492,2.85979,1.49925,2,1.99976,-2.6988,7.21404,-1.66719,10.5578,-0.272207,10.149,-2.6988,7.21404,-2.00371,7.00785,-0.000241756,1,-0.0205979
-2.20528,9.15282,2.85774,1.49925,2,1.99971,-2.76532,7.23314,-1.78532,10.5924,-0.272207,10.149,-2.76532,7.23314,-2.06587,7.01794,-0.000288963,1,-0.00767869
-2.30126,9.18088,2.85677,1.49925,2,1.99981,-2.86318,7.26164,-1.87994,10.6199,-0.272207,10.149,-2.86318,7.26164,-2.16396,7.04661,-0.00019145,1,0.00330275
-2.39724,9.20897,2.85703,1.49925,2,1.99996,-2.95871,7.28945,-1.97632,10.648,-0.272207,10.149,-2.95871,7.28945,-2.25937,7.07435,-4.17233e-05,1,0.00753732
-2.49323,9.23701,2.85775,1.49925,2,2.00006,-3.05334,7.31698,-2.07338,10.6762,-0.272207,10.149,-3.05334,7.31698,-2.35376,7.10175,5.98431e-05,1,0.0069437
-2.58923,9.26498,2.85845,1.49925,2,2.00007,-3.18144,7.3546,-2.14534,10.6969,-0.272207,10.149,-3.18144,7.3546,-2.48651,7.14726,7.34329e-05,1,0.00193488
-2.68526,9.29291,2.85868,1.49925,2,2.00003,-3.277,7.38243,-2.24168,10.725,-0.272207,10.149,-3.277,7.38243,-2.58203,7.17506,2.67029e-05,1,-0.00197037
-2.78128,9.32083,2.85852,1.49925,2,2.00049,-3.30643,7.3905,-2.38784,10.767,-0.272207,10.149,-3.30643,7.3905,-2.60183,7.1752,0.000493288,1,0.0333958
-2.87734,9.34862,2.86161,1.49925,2,2.00522,-3.32984,7.39513,-2.54019,10.8041,-0.272207,10.149,-3.32984,7.39513,-2.61171,7.17206,0.0052166,1,0.232766
-2.97372,9.37527,2.88349,1.49925,2,2.01489,-3.31627,7.38971,-2.72137,10.838,-0.272207,10.149,-3.31627,7.38971,-2.57598,7.1673,0.0148909,1,0.364951
-3.07081,9.3992,2.918,1.49925,2,2.02704,-3.3112,7.38646,-2.89622,10.861,-0.272207,10.149,-3.3112,7.38646,-2.54217,7.14343,0.0270424,1,0.434381
-3.16876,9.4193,2.96089,1.49925,2,2.03795,-3.32347,7.38723,-3.05783,10.8764,-0.272207,10.149,-3.32347,7.38723,-2.52817,7.13206,0.0379531,1,0.445425
-3.2675,9.43508,3.00535,1.49925,2,2.04981,-3.33211,7.38629,-3.22182,10.8838,-0.272207,10.149,-3.33211,7.38629,-2.50557,7.11682,0.0498133,1,0.46873
-3.36685,9.44636,3.05199,1.49925,2,2.05379,-3.37165,7.39258,-3.36347,10.8918,-0.272207,10.149,-3.37165,7.39258,-2.52913,7.12789,0.053787,1,0.420557
-3.46661,9.45318,3.09443,1.49925,2,2.07009,-3.38362,7.38475,-3.52391,10.8812,-0.272207,10.149,-3.38362,7.38475,-2.50664,7.11227,0.0700924,1,0.508692
-3.56658,9.45541,-3.1385,1.49925,2,2.07837,-3.37904,7.38552,-3.69479,10.8705,-0.272207,10.149,-3.37904,7.38552,-2.45229,7.08495,0.0783703,1,0.485227
-3.66653,9.45265,-3.08979,1.49925,2,2.0945,-3.37619,7.37838,-3.86125,10.8438,-0.272207,10.149,-3.37619,7.37838,-2.39405,7.05623,0.0944991,1,0.528055
-3.76622,9.44488,-3.03733,1.49925,2,2.09812,-3.40282,7.37846,-4.00889,10.8248,-0.272207,10.149,-3.40282,7.37846,-2.37128,7.02623,0.0981226,1,0.490218
-3.86537,9.43201,-2.98804,1.49925,2,2.10497,-3.435,7.3715,-4.15044,10.7968,-0.272207,10.149,-3.435,7.3715,-2.35585,6.99719,0.104971,1,0.502142
-3.96377,9.41425,-2.93791,1.49925,2,2.11341,-3.42855,7.36974,-4.31474,10.7549,-0.272207,10.149,-3.42855,7.36974,-2.2579,6.94789,0.113407,1,0.508526
-4.06115,9.39154,-2.8871,1.49925,2,2.11343,-3.45802,7.366,-4.45663,10.7197,-0.272207,10.149,-3.45802,7.366,-2.25281,6.95497,0.113429,1,0.476524
-4.15729,9.36404,-2.83915,1.49925,2,2.12469,-3.45405,7.3591,-4.61224,10.6611,-0.272207,10.149,-3.45405,7.3591,-2.13771,6.89908,0.124693,1,0.517707
-4.25194,9.33183,-2.78771,1.49925,2,2.14918,-3.43727,7.34304,-4.7637,10.5811,-0.272207,10.149,-3.43727,7.34304,-1.96927,6.82106,0.14918,1,0.546225
-4.34476,9.29466,-2.73332,1.49925,2,2.13292,-3.46391,7.35212,-4.90903,10.539,-0.272207,10.149,-3.46391,7.35212,-1.84642,6.74274,0.13292,1,0.355619
-4.43576,9.25321,-2.69642,1.49925,2,2.14567,-3.47817,7.33309,-5.03986,10.4645,-0.272207,10.149,-3.47817,7.33309,-1.72024,6.67683,0.145665,1,0.521552
-4.52491,9.20792,-2.64543,1.49925,2,2.13173,-3.47753,7.35124,-5.19681,10.399,-0.272207,10.149,-3.47753,7.35124,-1.39783,6.53033,0.131726,1,0.374842
-4.61189,9.15859,-2.60692,1.49925,2,2.14013,-3.48939,7.33646,-5.32474,10.3158,-0.272207,10.149,-3.48939,7.33646,-1.13304,6.40469,0.140128,1,0.508779
-4.69666,9.10556,-2.55725,1.49925,2,2.14763,-3.48083,7.33523,-5.46185,10.2197,-0.272207,10.149,-3.48083,7.33523,-0.557657,6.15111,0.147625,1,0.50712
-4.77863,9.04831,-2.50652,1.49925,2,2.14312,-3.50726,7.32303,-5.58313,10.14,-0.272207,10.149,-3.50726,7.32303,-0.00541223,5.87541,0.14312,1,0.45078
-4.85775,8.98716,-2.4611,1.49925,2,2.14219,-3.50994,7.32211,-5.71157,10.042,-0.272207,10.149,-3.50994,7.32211,1.23145,5.32682,0.142187,1,0.471704
-4.93397,8.92245,-2.41406,1.49925,2,2.15258,-3.53072,7.29012,-5.81186,9.94364,-0.272207,10.149,-3.53072,7.29012,1.84017,5.11856,0.152579,1,0.513815
-5.00693,8.85407,-2.36297,1.49925,2,2.1427,-3.52897,7.30269,-5.94263,9.83626,-0.272207,10.149,-3.52897,7.30269,-13.2841,17.5425,0.142697,1,0.42151
-5.07657,8.78232,-2.32008,1.49925,2,2.14548,-3.53144,7.2938,-6.05152,9.72155,-0.272207,10.149,-3.53144,7.2938,-13.7187,17.1078,0.145482,1,0.489692
-5.14288,8.70748,-2.27145,1.49925,2,2.14694,-3.55103,7.26687,-6.14556,9.61489,-0.272207,10.149,-3.55103,7.26687,-14.0403,16.7596,0.146939,1,0.483038
-5.20548,8.62951,-2.22311,1.49925,2,2.14057,-3.55079,7.27154,-6.25575,9.49144,-0.272207,10.149,-3.55079,7.27154,-3.93206,6.39016,0.140575,1,0.448186
-5.26436,8.54869,-2.17801,1.49925,2,2.1448,-3.56943,7.2344,-6.33472,9.37868,-0.272207,10.149,-3.56943,7.2344,-3.94982,6.3789,0.144798,1,0.494265
-5.3194,8.46521,-2.12895,1.49925,2,2.13778,-3.5678,7.23963,-6.43491,9.24573,-0.272207,10.149,-3.5678,7.23963,-3.93765,6.4182,0.137785,1,0.440073
-5.37044,8.37923,-2.08451,1.49925,2,2.13315,-3.57004,7.23516,-6.52344,9.11191,-0.272207,10.149,-3.57004,7.23516,-3.93237,6.44046,0.133147,1,0.4511
-5.41761,8.29106,-2.03949,1.49925,2,2.12873,-3.57138,7.23139,-6.60626,8.97331,-0.272207,10.149,-3.57138,7.23139,-3.92716,6.46004,0.128726,1,0.454071
-5.46074,8.20085,-1.99411,1.49925,2,2.12603,-3.58801,7.19442,-6.67035,8.85091,-0.272207,10.149,-3.58801,7.19442,-3.94412,6.44046,0.126033,1,0.462606
-5.4997,8.10876,-1.94791,1.49925,2,2.12039,-3.58758,7.19234,-6.74313,8.7047,-0.272207,10.149,-3.58758,7.19234,-3.93846,6.45739,0.120392,1,0.449508
-5.53441,8.01499,-1.90284,1.49925,2,2.11313,-3.61966,7.12112,-6.79042,8.60134,-0.272207,10.149,-3.61966,7.12112,-3.9686,6.39214,0.113127,1,0.438299
-5.56492,7.91977,-1.85893,1.49925,2,2.10059,-3.66911,7.01514,-6.82724,8.52211,-0.272207,10.149,-3.66911,7.01514,-16.3951,13.0876,0.100588,1,0.394017
-5.59141,7.82335,-1.81922,1.49925,2,2.08372,-3.72232,6.90227,-6.86114,8.44906,-0.272207,10.149,-3.72232,6.90227,-16.3554,13.1278,0.0837221,1,0.267486
-5.61461,7.72608,-1.79146,1.49925,2,2.06333,-3.77037,6.80081,-6.89806,8.36999,-0.272207,10.149,-3.77037,6.80081,-16.3404,13.1073,0.0633302,1,-0.194874
-5.6371,7.62864,-1.80725,1.49925,2,2.04155,-3.81081,6.71618,-6.9411,8.28015,-0.272207,10.149,-3.81081,6.71618,-16.3718,12.992,0.041548,1,-0.343137
-5.66204,7.53181,-1.83993,1.49925,2,2.02255,-3.85074,6.63187,-6.98451,8.18887,-0.272207,10.149,-3.85074,6.63187,-16.4087,12.8712,0.0225477,1,-0.384317
-5.69044,7.43593,-1.87803,1.49925,2,2.00732,-3.88023,6.56849,-7.03588,8.08065,-0.272207,10.149,-3.88023,6.56849,-16.5121,12.6216,0.00731635,1,-0.341242
-5.72233,7.34116,-1.91246,1.49925,2,1.99618,-3.92175,6.47939,-7.07812,7.99004,-0.272207,10.149,-3.92175,6.47939,-3.61141,7.13508,-0.00381625,1,-0.344426
-5.75745,7.24753,-1.94688,1.49925,2,1.98872,-3.96319,6.38985,-7.12029,7.89898,-0.272207,10.149,-3.96319,6.38985,-3.64994,7.04281,-0.0112786,1,-0.319163
-5.79567,7.15513,-1.97895,1.49925,2,1.98512,-3.98765,6.33552,-7.17472,7.78028,-0.272207,10.149,-3.98765,6.33552,-3.68292,6.99309,-0.0148783,1,-0.265374
-5.83661,7.0639,-2.00587,1.49925,2,1.98811,-3.99233,6.32146,-7.23843,7.62821,-0.272207,10.149,-3.99233,6.32146,-3.67519,6.99114,-0.0118934,1,-0.0419925
-5.87912,6.97338,-2.01208,1.49925,2,1.99584,-3.99526,6.31427,-7.29818,7.46987,-0.272207,10.149,-3.99526,6.31427,-3.67113,7.00099,-0.00415897,1,0.217707
-5.92107,6.88261,-1.9929,1.49925,2,2.00955,-3.99117,6.32246,-7.35173,7.29785,-0.272207,10.149,-3.99117,6.32246,-3.65043,7.03402,0.0095489,1,0.389859
-5.96036,6.79065,-1.95512,1.49925,2,2.02766,-3.98483,6.33383,-7.39411,7.1222,-0.272207,10.149,-3.98483,6.33383,-3.63252,7.07564,0.0276601,1,0.464769
-5.99572,6.69713,-1.90909,1.49925,2,2.04478,-3.98443,6.32859,-7.42637,6.95927,-0.272207,10.149,-3.98443,6.32859,-3.61312,7.10083,0.0447817,1,0.490526
-6.0266,6.60202,-1.8602,1.49925,2,2.05465,-3.99495,6.29543,-7.45502,6.81758,-0.272207,10.149,-3.99495,6.29543,-3.59888,7.09235,0.0546546,1,0.465583
-6.05288,6.50555,-1.81346,1.49925,2,2.07184,-3.99203,6.29244,-7.47272,6.65237,-0.272207,10.149,-3.99203,6.29244,-3.57069,7.12885,0.071835,1,0.510886
-6.07445,6.40791,-1.76274,1.49925,2,2.08902,-3.99051,6.26228,-7.48125,6.50622,-0.272207,10.149,-3.99051,6.26228,-3.57444,7.1249,0.0890229,1,0.529989
-6.09093,6.30929,-1.70985,1.49925,2,2.10335,-3.98788,6.27378,-7.48663,6.33286,-0.272207,10.149,-3.98788,6.27378,-18.0892,6.51191,0.103352,1,0.528609
-6.10217,6.20994,-1.65698,1.49925,2,2.11134,-3.99119,6.24906,-7.48984,6.18422,-0.272207,10.149,-3.99119,6.24906,1.63902,3.4018,0.111342,1,0.506486
-6.10823,6.11013,-1.60618,1.49925,2,2.12066,-3.99043,6.2201,-7.48497,6.03864,-0.272207,10.149,-3.99043,6.2201,0.253506,4.0397,0.120656,1,0.511761
-6.10922,6.01015,-1.55504,1.49925,2,2.1376,-3.98295,6.22998,-7.46365,5.87011,-0.272207,10.149,-3.98295,6.22998,-0.891015,4.60244,0.1376,1,0.528199
-6.10501,5.91025,-1.50232,1.49925,2,2.14125,-3.9842,6.20542,-7.45004,5.72305,-0.272207,10.149,-3.9842,6.20542,-1.37409,4.81137,0.141254,1,0.491515
-6.0957,5.81069,-1.45294,1.49925,2,2.15095,-3.97583,6.17504,-7.42452,5.5823,-0.272207,10.149,-3.97583,6.17504,-1.6748,4.93151,0.150948,1,0.510385
-6.08142,5.71173,-1.40202,1.49925,2,2.16148,-3.97257,6.18582,-7.38661,5.41831,-0.272207,10.149,-3.97257,6.18582,-2.07138,5.12459,0.161483,1,0.509816
-6.06212,5.61362,-1.35103,1.49925,2,2.15687,-3.97481,6.15698,-7.3612,5.27544,-0.272207,10.149,-3.97481,6.15698,-2.10677,5.16935,0.156873,1,0.45451
-6.03807,5.51656,-1.30514,1.49925,2,2.17277,-3.9627,6.15982,-7.30508,5.12385,-0.272207,10.149,-3.9627,6.15982,-2.32586,5.27135,0.172771,1,0.526277
-6.00933,5.42079,-1.25302,1.49925,2,2.1934,-3.93804,6.14239,-7.2425,4.99118,-0.272207,10.149,-3.93804,6.14239,-2.45048,5.30941,0.193395,1,0.537296
-5.97556,5.32668,-1.19936,1.49925,2,2.17228,-3.96547,6.15032,-7.20344,4.82355,-0.272207,10.149,-3.96547,6.15032,-2.64408,5.4012,0.172284,1,0.315886
-5.93768,5.23414,-1.16645,1.49925,2,2.18906,-3.94048,6.13035,-7.13303,4.69774,-0.272207,10.149,-3.94048,6.13035,-2.68892,5.41392,0.189061,1,0.530762
-5.89605,5.14323,-1.11487,1.49925,2,2.17623,-3.95912,6.13535,-7.07358,4.54008,-0.272207,10.149,-3.95912,6.13535,-2.81516,5.47369,0.176233,1,0.394999
-5.85018,5.05438,-1.07442,1.49925,2,2.17948,-3.95213,6.12562,-6.99952,4.4057,-0.272207,10.149,-3.95213,6.12562,-2.87501,5.49583,0.179483,1,0.489244
-5.80048,4.96762,-1.02616,1.49925,2,2.1923,-3.92537,6.10346,-6.91833,4.29048,-0.272207,10.149,-3.92537,6.10346,-2.89866,5.49001,0.192299,1,0.521031
-5.74648,4.88346,-0.974246,1.49925,2,2.19182,-3.93323,6.1148,-6.82809,4.14896,-0.272207,10.149,-3.93323,6.1148,-2.98408,5.53034,0.191815,1,0.474141
-5.68834,4.80211,-0.926598,1.49925,2,2.19028,-3.91434,6.08673,-6.74853,4.03439,-0.272207,10.149,-3.91434,6.08673,-2.95929,5.52875,0.190284,1,0.46947
-5.62643,4.72359,-0.879618,1.49925,2,2.18477,-3.91902,6.08667,-6.6537,3.90349,-0.272207,10.149,-3.91902,6.08667,-3.01433,5.55227,0.184767,1,0.443778
-5.56098,4.64799,-0.835112,1.49925,2,2.193,-3.88478,6.06206,-6.55941,3.80571,-0.272207,10.149,-3.88478,6.06206,-3.01056,5.53372,0.193001,1,0.511616
-5.49204,4.57557,-0.784357,1.49925,2,2.18445,-3.89598,6.06702,-6.45269,3.67789,-0.272207,10.149,-3.89598,6.06702,-3.06632,5.55856,0.184451,1,0.42507
-5.41973,4.50651,-0.741245,1.49925,2,2.18103,-3.89183,6.06292,-6.3432,3.5658,-0.272207,10.149,-3.89183,6.06292,-3.09356,5.56806,0.181028,1,0.460342
-5.34446,4.44069,-0.695457,1.49925,2,2.18306,-3.85988,6.04125,-6.23952,3.47569,-0.272207,10.149,-3.85988,6.04125,-3.08488,5.55024,0.183061,1,0.485718
-5.26617,4.37849,-0.647063,1.49925,2,2.17681,-3.86478,6.04421,-6.11753,3.36654,-0.272207,10.149,-3.86478,6.04421,-3.11753,5.56586,0.176808,1,0.439114
-5.18507,4.32,-0.602919,1.49925,2,2.17231,-3.8613,6.04237,-5.99369,3.26789,-0.272207,10.149,-3.8613,6.04237,-3.1361,5.5734,0.172306,1,0.451795
-5.10145,4.26516,-0.557828,1.49925,2,2.16936,-3.82752,6.02107,-5.88242,3.18873,-0.272207,10.149,-3.82752,6.02107,-3.11953,5.55414,0.16936,1,0.46176
-5.01542,4.2142,-0.511722,1.49925,2,2.16374,-3.82686,6.02226,-5.74903,3.09822,-0.272207,10.149,-3.82686,6.02226,-3.1369,5.56308,0.163743,1,0.446994
-4.92716,4.16721,-0.466904,1.49925,2,2.15564,-3.7295,5.95952,-5.67367,3.05006,-0.272207,10.149,-3.7295,5.95952,-3.03542,5.50407,0.155638,1,0.42634
-4.83693,4.12412,-0.424146,1.49925,2,2.14266,-3.6605,5.91493,-5.58177,2.9903,-0.272207,10.149,-3.6605,5.91493,-2.97382,5.46281,0.142656,1,0.385158
-4.74501,4.08475,-0.385383,1.49925,2,2.12526,-3.55409,5.84499,-5.51495,2.94675,-0.272207,10.149,-3.55409,5.84499,-2.87689,5.3889,0.12526,1,0.349733
-4.6517,4.04881,-0.350198,1.49925,2,2.1039,-3.47324,5.79168,-5.43328,2.8929,-0.272207,10.149,-3.47324,5.79168,-2.80694,5.33741,0.103896,1,0.207849
-4.5574,4.01555,-0.328703,1.49925,2,2.07944,-3.36963,5.72238,-5.36838,2.85014,-0.272207,10.149,-3.36963,5.72238,-2.70472,5.27304,0.0794382,1,-0.0746345
-4.46283,3.98304,-0.334754,1.49925,2,2.05393,-3.30893,5.68221,-5.2748,2.78737,-0.272207,10.149,-3.30893,5.68221,-2.65723,5.23889,0.0539334,1,-0.288665
-4.36881,3.94897,-0.362123,1.49925,2,2.03041,-3.21154,5.61728,-5.20601,2.74207,-0.272207,10.149,-3.21154,5.61728,-2.56587,5.17663,0.0304093,1,-0.37866
-4.27597,3.91183,-0.399359,1.49925,2,2.00987,-3.1555,5.58041,-5.10627,2.67537,-0.272207,10.149,-3.1555,5.58041,-3.76335,5.98607,0.00987458,1,-0.37732
-4.18459,3.87122,-0.4371,1.49925,2,1.99354,-3.06855,5.52308,-5.02754,2.62358,-0.272207,10.149,-3.06855,5.52308,-3.66958,5.93006,-0.00646448,1,-0.408677
-4.09488,3.82707,-0.477748,1.49925,2,1.98156,-3.00484,5.48188,-4.92974,2.55964,-0.272207,10.149,-3.00484,5.48188,-3.60701,5.87918,-0.0184392,1,-0.396345
-4.00701,3.77934,-0.517481,1.49925,2,1.97501,-2.91263,5.42342,-4.85161,2.5105,-0.272207,10.149,-2.91263,5.42342,-3.5112,5.82104,-0.0249879,1,-0.368578
-3.92105,3.72826,-0.554534,1.49925,2,1.97164,-2.85378,5.38607,-4.74795,2.44381,-0.272207,10.149,-2.85378,5.38607,-3.45708,5.77495,-0.0283555,1,-0.336398
-3.83695,3.67417,-0.588399,1.49925,2,1.97213,-2.77115,5.3335,-4.66225,2.38927,-0.272207,10.149,-2.77115,5.3335,-2.13898,4.92086,-0.0278687,1,-0.263657
-3.75454,3.61753,-0.615346,1.49925,2,1.97603,-2.67089,5.26992,-4.58986,2.34378,-0.272207,10.149,-2.67089,5.26992,-3.2744,5.65547,-0.0239698,1,-0.121858
-3.67329,3.55923,-0.628525,1.49925,2,1.98219,-2.59336,5.22141,-4.4998,2.28709,-0.272207,10.149,-2.59336,5.22141,-3.19842,5.61416,-0.01781,1,0.0557171
-3.59231,3.50055,-0.624374,1.49925,2,1.98894,-2.51565,5.17287,-4.40989,2.23066,-0.272207,10.149,-2.51565,5.17287,-1.8798,4.75511,-0.0110648,1,0.151213
-3.51078,3.44265,-0.609921,1.49925,2,1.9946,-2.42602,5.11649,-4.32908,2.17998,-0.272207,10.149,-2.42602,5.11649,-3.03641,5.50626,-0.00539541,1,0.184704
-3.4283,3.38611,-0.591718,1.49925,2,1.99846,-2.3427,5.064,-4.24356,2.12606,-0.272207,10.149,-2.3427,5.064,-2.95315,5.46023,-0.00154066,1,0.151059
-3.34487,3.33098,-0.576377,1.49925,2,2.00044,-2.25465,5.00824,-4.16171,2.07432,-0.272207,10.149,-2.25465,5.00824,-1.61467,4.58694,0.000442982,1,0.105916
-3.26072,3.27696,-0.565424,1.49925,2,1.99892,-2.16045,4.94582,-4.08655,2.02436,-0.272207,10.149,-2.16045,4.94582,-2.76922,5.34063,-0.00107694,1,-0.0947774
-3.17649,3.22306,-0.573898,1.49925,2,1.9992,-2.0911,4.90197,-3.99089,1.96333,-0.272207,10.149,-2.0911,4.90197,-1.45069,4.48236,-0.000804543,1,0.00226817
-3.09253,3.16873,-0.574254,1.49925,2,2.00009,-2.00606,4.84801,-3.90689,1.91005,-0.272207,10.149,-2.00606,4.84801,-1.36523,4.42819,9.44138e-05,1,0.0476148
-3.00847,3.11458,-0.569946,1.49925,2,2.00078,-1.92887,4.79909,-3.81702,1.85298,-0.272207,10.149,-1.92887,4.79909,-1.29006,4.37892,0.000783443,1,0.0450952
-2.92415,3.06081,-0.565416,1.49925,2,2.00099,-1.82276,4.73141,-3.74883,1.80993,-0.272207,10.149,-1.82276,4.73141,-2.4321,5.12683,0.000989437,1,0.0277587
-2.83963,3.00736,-0.562502,1.49925,2,2.00071,-1.74327,4.68093,-3.66082,1.75385,-0.272207,10.149,-1.74327,4.68093,-2.35312,5.0769,0.000709057,1,-0.00297117
-2.75504,2.95404,-0.562553,1.49925,2,2.0003,-1.65881,4.6272,-3.57651,1.70023,-0.272207,10.149,-1.65881,4.6272,-2.26852,5.02309,0.000298738,1,-0.0179315
-2.67049,2.90064,-0.564226,1.49925,2,2.00001,-1.57163,4.57172,-3.49422,1.64796,-0.272207,10.149,-1.57163,4.57172,-2.18091,4.96721,6.67572e-06,1,-0.0162473
-2.58603,2.84709,-0.565866,1.49925,2,1.99991,-1.48448,4.51629,-3.41187,1.59569,-0.272207,10.149,-1.48448,4.51629,-2.09392,4.90926,-9.13143e-05,1,-0.0064307
-2.50164,2.79344,-0.566598,1.49925,2,1.99992,-1.42815,4.48084,-3.30643,1.52841,-0.272207,10.149,-1.42815,4.48084,-0.790581,4.06124,-8.15392e-05,1,-0.000777259
-2.41727,2.73976,-0.566709,1.49925,2,1.99884,-1.31491,4.40713,-3.24476,1.48816,-0.272207,10.149,-1.31491,4.40713,-1.92357,4.80091,-0.00116479,1,-0.0724942
-2.33308,2.68581,-0.573457,1.49925,2,1.99916,-1.24845,4.36516,-3.14694,1.42569,-0.272207,10.149,-1.24845,4.36516,-0.608177,3.94562,-0.000838876,1,0.00472216
-2.24909,2.63153,-0.573525,1.49925,2,1.99999,-1.1639,4.31151,-3.06258,1.37217,-0.272207,10.149,-1.1639,4.31151,-0.523321,3.8918,-8.58307e-06,1,0.0479338
-2.16497,2.57745,-0.568991,1.49925,2,2.00059,-1.08709,4.26284,-2.97243,1.31491,-0.272207,10.149,-1.08709,4.26284,-0.451925,3.84038,0.000587702,1,0.0382838
-2.08062,2.52374,-0.565095,1.49925,2,2.00071,-0.979922,4.19445,-2.90506,1.27236,-0.272207,10.149,-0.979922,4.19445,-1.58947,4.58894,0.000705004,1,0.0179749
-1.99611,2.47028,-0.563155,1.49925,2,2.00045,-0.898796,4.14291,-2.81826,1.21709,-0.272207,10.149,-0.898796,4.14291,-1.50866,4.53775,0.000450134,1,-0.00719067
-1.91157,2.41687,-0.563749,1.49925,2,2.00015,-0.813422,4.08861,-2.73462,1.16392,-0.272207,10.149,-0.813422,4.08861,-1.42307,4.48326,0.000152349,1,-0.0142965
-1.82708,2.36338,-0.565129,1.49925,2,1.99998,-0.726723,4.03345,-2.65195,1.11142,-0.272207,10.149,-0.726723,4.03345,-1.33604,4.42779,-2.40803e-05,1,-0.00874877
-1.74265,2.30979,-0.566048,1.49925,2,1.99993,-0.640788,3.9788,-2.5687,1.05855,-0.272207,10.149,-0.640788,3.9788,-1.25019,4.37175,-7.11679e-05,1,-0.0034671
-1.65826,2.25614,-0.566468,1.49925,2,1.99985,-0.442036,3.84365,-2.57013,1.06589,-2.57013,1.06589,-0.442036,3.84365,-1.03384,4.24183,-0.000147343,2,-0.667
-1.57552,2.20002,-0.629187,1.49925,2,1.99767,-0.456988,3.85519,-2.41627,0.955887,-2.57013,1.06589,-0.456988,3.85519,-1.06173,4.25306,-0.00232613,1,-0.132016
-1.49533,2.14027,-0.647204,1.49925,2,2.00531,-0.400746,3.8205,-2.31078,0.888516,-2.57013,1.06589,-0.400746,3.8205,-1.01157,4.22202,0.00531363,1,0.286877
-1.41517,2.08049,-0.627313,1.49925,2,2.01327,-0.320355,3.77006,-2.22324,0.833433,-2.57013,1.06589,-0.320355,3.77006,0.324588,3.34717,0.0132706,1,0.350473
-1.33322,2.02318,-0.592838,1.49925,2,2.01799,-0.235116,3.71624,-2.13927,0.78043,-2.57013,1.06589,-0.235116,3.71624,-0.849731,4.12289,0.0179901,1,0.305787
-1.24943,1.96861,-0.561902,1.49925,2,2.01904,-0.14403,3.65818,-2.05982,0.729955,-2.57013,1.06589,-0.14403,3.65818,-0.758598,4.06214,0.0190427,1,0.240131
-1.16414,1.9164,-0.537298,1.49925,2,2.01706,-0.0425007,3.59284,-1.98836,0.684509,-2.57013,1.06589,-0.0425007,3.59284,-0.65243,4.00208,0.0170579,1,0.134678
-1.07786,1.86585,-0.523197,1.49925,2,2.01288,0.047064,3.53506,-1.90853,0.633271,-2.57013,1.06589,0.047064,3.53506,-0.559946,3.94664,0.0128849,1,-0.0370491
-0.991265,1.81584,-0.525528,1.49925,2,2.00803,0.134823,3.4784,-1.82753,0.581176,-2.57013,1.06589,0.134823,3.4784,-0.470206,3.88863,0.0080266,1,-0.136466
-0.905075,1.76514,-0.538578,1.49925,2,2.00399,0.211432,3.42928,-1.73815,0.523446,-2.57013,1.06589,0.211432,3.42928,-0.395438,3.83091,0.00398707,1,-0.147986
-0.81961,1.71322,-0.553296,1.49925,2,2.00152,0.290969,3.37836,-1.65066,0.467197,-2.57013,1.06589,0.290969,3.37836,-0.316613,3.77633,0.00151563,1,-0.108399
-0.734833,1.66018,-0.564453,1.49925,2,2.00045,0.364655,3.33139,-1.5586,0.408066,-2.57013,1.06589,0.364655,3.33139,-0.244814,3.72652,0.00045228,1,-0.0556931
-0.650518,1.60642,-0.570497,1.49925,2,2.00121,0.430242,3.2907,-1.45954,0.345622,-2.57013,1.06589,0.430242,3.2907,1.06882,2.86999,0.00121498,1,0.0628989
-0.566229,1.55261,-0.565037,1.49925,2,2.0012,0.534646,3.2238,-1.39032,0.301595,-2.57013,1.06589,0.534646,3.2238,-0.075153,3.61802,0.00119972,1,0.0185881
-0.481704,1.49917,-0.562823,1.49925,2,2.0007,0.615193,3.17237,-1.3033,0.245916,-2.57013,1.06589,0.615193,3.17237,0.00510311,3.56696,0.000696898,1,-0.0157141
-0.397162,1.44576,-0.564223,1.49925,2,2.00018,0.701793,3.11699,-1.22079,0.193226,-2.57013,1.06589,0.701793,3.11699,0.0921426,3.51119,0.000179768,1,-0.0263505
-0.312727,1.39218,-0.566773,1.49925,2,1.9999,0.790332,3.06037,-1.1397,0.141518,-2.57013,1.06589,0.790332,3.06037,0.181276,3.454,-9.82285e-05,1,-0.0165298
-0.228411,1.33841,-0.568485,1.49925,2,1.99986,0.848228,3.02373,-1.03562,0.0748507,-2.57013,1.06589,0.848228,3.02373,1.48516,2.60306,-0.000144243,1,-0.00504861
-0.144157,1.28455,-0.569059,1.49925,2,1.99991,0.933479,2.96929,-0.952064,0.0214978,-2.57013,1.06589,0.933479,2.96929,1.57059,2.54855,-8.9407e-05,1,0.00148461
-0.0599145,1.23067,-0.568963,1.49925,2,2,1.01761,2.91559,-0.867651,-0.032386,-2.57013,1.06589,1.01761,2.91559,1.65472,2.49484,7.15256e-07,1,0.00542795
0.0243449,1.17682,-0.568444,1.49925,2,2.00006,1.10103,2.86235,-0.782703,-0.0866076,-2.57013,1.06589,1.10103,2.86235,1.73801,2.44164,6.29425e-05,1,0.00417177
0.108631,1.123,-0.568019,1.49925,2,1.99974,1.2426,2.77014,-0.741679,-0.112116,-2.57013,1.06589,1.2426,2.77014,0.638545,3.16537,-0.000262737,1,-0.0201719
0.192883,1.06914,-0.569841,1.49925,2,1.9993,1.27151,2.75252,-0.61634,-0.193799,-2.57013,1.06589,1.27151,2.75252,1.90934,2.33232,-0.000698209,1,-0.0364013
0.276989,1.01504,-0.573384,1.49925,2,1.99963,1.36175,2.69487,-0.536524,-0.24474,-2.57013,1.06589,1.36175,2.69487,2.0007,2.27418,-0.000366569,1,0.0109926
0.361006,0.960809,-0.572664,1.49925,2,2.00018,1.44485,2.64188,-0.451302,-0.299096,-2.57013,1.06589,1.44485,2.64188,2.08303,2.22062,0.000182629,1,0.0330873
0.445133,0.906748,-0.56951,1.49925,2,2.00054,1.52387,2.59153,-0.363005,-0.355414,-2.57013,1.06589,1.52387,2.59153,2.16126,2.17057,0.000537634,1,0.0275751
0.529426,0.852945,-0.566719,1.49925,2,2.00052,1.63274,2.52171,-0.297141,-0.397245,-2.57013,1.06589,1.63274,2.52171,1.02388,2.91715,0.000522137,1,0.00772062
0.613818,0.799299,-0.565848,1.49925,2,2.00029,1.71555,2.46884,-0.211785,-0.451802,-2.57013,1.06589,1.71555,2.46884,1.10659,2.8644,0.000292778,1,-0.00836742
0.698213,0.745657,-0.566604,1.49925,2,2.00008,1.80109,2.41418,-0.128454,-0.504999,-2.57013,1.06589,1.80109,2.41418,1.19235,2.80955,7.7486e-05,1,-0.0107962
0.782558,0.691936,-0.567669,1.49925,2,1.99997,1.88715,2.3592,-0.0454995,-0.557928,-2.57013,1.06589,1.88715,2.3592,1.27845,2.7535,-2.83718e-05,1,-0.00643642
0.866855,0.638139,-0.568344,1.49925,2,1.99996,1.94331,2.32369,0.0598758,-0.625455,-2.57013,1.06589,1.94331,2.32369,2.58018,1.90298,-4.43459e-05,1,-0.00151291
0.951128,0.584306,-0.568529,1.49925,2,1.99963,2.08587,2.23078,0.100125,-0.650469,-2.57013,1.06589,2.08587,2.23078,1.48196,2.62594,-0.000374794,1,-0.0237973
1.03534,0.530379,-0.570753,1.49925,2,1.99923,2.11546,2.21272,0.224929,-0.731875,-2.57013,1.06589,2.11546,2.21272,2.75353,1.79243,-0.000767946,1,-0.0314532
1.11941,0.476225,-0.573845,1.49925,2,1.99965,2.20495,2.15557,0.305325,-0.783167,-2.57013,1.06589,2.20495,2.15557,2.84404,1.73482,-0.000349283,1,0.0163627
1.20342,0.42198,-0.572543,1.49925,2,2.00022,2.28708,2.10321,0.391281,-0.837993,-2.57013,1.06589,2.28708,2.10321,2.92869,1.68448,0.000218153,1,0.034819
1.28756,0.367939,-0.569191,1.49925,2,2.00055,2.36576,2.05308,0.47983,-0.894469,-2.57013,1.06589,2.36576,2.05308,3.0065,1.63468,0.000551701,1,0.0274578
1.37187,0.314164,-0.566393,1.49925,2,2.00049,2.47462,1.98327,0.545692,-0.936322,-2.57013,1.06589,2.47462,1.98327,1.86572,2.37882,0.000490904,1,0.00487155
1.45627,0.26054,-0.565725,1.49925,2,2.00024,2.55777,1.93017,0.630794,-0.99071,-2.57013,1.06589,2.55777,1.93017,1.94882,2.3258,0.000236034,1,-0.00935408
1.54068,0.206908,-0.566533,1.49925,2,2.00001,2.64339,1.87545,0.714059,-1.04387,-2.57013,1.06589,2.64339,1.87545,2.03467,2.27088,7.39098e-06,1,-0.0117954
1.62502,0.153188,-0.567695,1.49925,2,1.9999,2.72962,1.82036,0.796893,-1.09671,-2.57013,1.06589,2.72962,1.82036,2.12095,2.21464,-9.94205e-05,1,-0.00745669
1.70931,0.0993851,-0.568476,1.49925,2,1.99989,2.78596,1.78473,0.902133,-1.16416,-2.57013,1.06589,2.78596,1.78473,3.42627,1.36656,-0.000110507,1,-0.00249418
1.79358,0.0455373,-0.568755,1.49925,2,1.99993,2.87071,1.73062,0.986065,-1.21775,-2.57013,1.06589,2.87071,1.73062,3.51112,1.3124,-7.15256e-05,1,0.001144
1.87784,-0.00831798,-0.568662,1.49925,2,2.00287,2.89684,1.71595,1.11652,-1.29656,-2.57013,1.06589,2.89684,1.71595,3.53369,1.30494,0.00286603,1,0.157091
1.96247,-0.0615813,-0.553889,1.49925,2,2.00245,3.04532,1.62283,1.15306,-1.32065,-2.57013,1.06589,3.04532,1.62283,2.43226,2.01702,0.00245142,1,0.0170239
2.04761,-0.114039,-0.551346,1.49925,2,2.00068,3.15447,1.55256,1.21853,-1.36238,-2.57013,1.06589,3.15447,1.55256,2.5459,1.94724,0.000680447,1,-0.0858495
2.13259,-0.166745,-0.559417,1.49925,2,1.99923,3.22298,1.50895,1.31447,-1.42402,-2.57013,1.06589,3.22298,1.50895,2.61207,1.9015,-0.000773907,1,-0.079559
2.21713,-0.220155,-0.567423,1.49925,2,1.99875,3.32064,1.44636,1.38871,-1.47124,-2.57013,1.06589,3.32064,1.44636,2.71147,1.83718,-0.0012517,1,-0.0454401
2.30133,-0.274109,-0.572171,1.49925,2,1.9989,3.38365,1.40642,1.48895,-1.53549,-2.57013,1.06589,3.38365,1.40642,4.02064,0.985015,-0.0011009,1,-0.00917114
2.38536,-0.328317,-0.573379,1.49925,2,1.99941,3.46999,1.35133,1.57173,-1.58829,-2.57013,1.06589,3.46999,1.35133,4.10749,0.92968,-0.00058794,1,0.0206405
2.46941,-0.382492,-0.571494,1.49925,2,1.9999,3.55114,1.29961,1.65843,-1.64358,-2.57013,1.06589,3.55114,1.29961,4.18826,0.878081,-9.58443e-05,1,0.0248762
2.55359,-0.436479,-0.56904,1.49925,2,2.00017,3.63133,1.2485,1.74584,-1.69933,-2.57013,1.06589,3.63133,1.2485,4.26783,0.827198,0.000167847,1,0.0165914
2.63788,-0.490286,-0.567314,1.49925,2,1.99896,3.77024,1.15702,1.788,-1.72664,-2.57013,1.06589,3.77024,1.15702,3.16651,1.55306,-0.00103533,1,-0.0704652
2.72205,-0.54427,-0.573752,1.49925,2,1.99868,3.80692,1.13436,1.90756,-1.80455,-2.57013,1.06589,3.80692,1.13436,4.44568,0.713834,-0.00131834,1,-0.0370593
2.80593,-0.598718,-0.577625,1.49925,2,1.99951,3.89774,1.07639,1.98702,-1.85514,-2.57013,1.06589,3.89774,1.07639,4.53792,0.655234,-0.000487924,1,0.0372514
2.88979,-0.653202,-0.574345,1.49925,2,2.00039,3.97657,1.02622,2.07547,-1.91157,-2.57013,1.06589,3.97657,1.02622,4.61525,0.604672,0.000388622,1,0.0503322
2.97387,-0.707328,-0.56943,1.49925,2,2.00085,4.05264,0.977798,2.166,-1.9693,-2.57013,1.06589,4.05264,0.977798,4.69005,0.556742,0.000845194,1,0.0388633
3.0582,-0.761073,-0.565463,1.49925,2,2.00075,4.15954,0.909268,2.23333,-2.01211,-2.57013,1.06589,4.15954,0.909268,3.55056,1.30584,0.000746012,1,0.00720481
3.14266,-0.81461,-0.564584,1.49925,2,2.00038,4.24233,0.856397,2.31869,-2.06668,-2.57013,1.06589,4.24233,0.856397,3.63329,1.25308,0.000384808,1,-0.0127031
3.22712,-0.868156,-0.565676,1.49925,2,2.00005,4.32843,0.801372,2.4016,-2.1196,-2.57013,1.06589,4.32843,0.801372,3.71971,1.19776,5.19753e-05,1,-0.0175804
3.3115,-0.921827,-0.567404,1.49925,2,1.99989,4.4156,0.745663,2.48373,-2.17197,-2.57013,1.06589,4.4156,0.745663,3.80687,1.13995,-0.000106812,1,-0.0101742
3.3958,-0.975618,-0.568474,1.49925,2,1.99988,4.47243,0.709722,2.58861,-2.23917,-2.57013,1.06589,4.47243,0.709722,5.10925,0.288978,-0.000123501,1,-0.00295737
3.48006,-1.02947,-0.568827,1.49925,2,1.99949,4.61521,0.616548,2.62861,-2.26411,-2.57013,1.06589,4.61521,0.616548,4.01142,1.01169,-0.000513077,1,-0.0274573
3.56425,-1.08343,-0.571377,1.49925,2,1.99912,4.64536,0.598139,2.75299,-2.34528,-2.57013,1.06589,4.64536,0.598139,5.28361,0.177824,-0.000878215,1,-0.0324727
3.64828,-1.13765,-0.574589,1.49925,2,1.99963,4.73506,0.540869,2.83324,-2.39645,-2.57013,1.06589,4.73506,0.540869,5.3744,0.120063,-0.000372291,1,0.0197853
3.73225,-1.19194,-0.572976,1.49925,2,2.00027,4.81667,0.488862,2.9196,-2.45152,-2.57013,1.06589,4.81667,0.488862,5.45377,0.0666694,0.000267982,1,0.0372195
3.81637,-1.24601,-0.569411,1.49925,2,2.00064,4.895,0.438965,3.00842,-2.50816,-2.57013,1.06589,4.895,0.438965,5.5312,0.0171141,0.000644207,1,0.0298589
3.90068,-1.29979,-0.566366,1.49925,2,2.0006,5.00345,0.369433,3.0746,-2.55021,-2.57013,1.06589,5.00345,0.369433,4.39453,0.765076,0.00060463,1,0.00785438
3.98509,-1.35341,-0.565449,1.49925,2,2.00034,5.08618,0.31661,3.16002,-2.6048,-2.57013,1.06589,5.08618,0.31661,4.47716,0.71239,0.000339508,1,-0.00889174
4.06951,-1.40701,-0.566187,1.49925,2,2.00008,5.17169,0.261976,3.24337,-2.65801,-2.57013,1.06589,5.17169,0.261976,4.5629,0.657555,8.13007e-05,1,-0.013965
4.15387,-1.46071,-0.567558,1.49925,2,1.99996,5.25827,0.20666,3.32594,-2.71068,-2.57013,1.06589,5.25827,0.20666,4.64955,0.600931,-4.37498e-05,1,-0.00761361
4.23817,-1.51451,-0.568371,1.49925,2,1.99994,5.31466,0.171002,3.43115,-2.77809,-2.57013,1.06589,5.31466,0.171002,5.95035,-0.250582,-5.74589e-05,1,-0.0016353
4.32244,-1.56834,-0.568594,1.49925,2,1.99819,5.45648,0.0768751,3.47054,-2.80424,-2.57013,1.06589,5.45648,0.0768751,4.85338,0.473166,-0.00180614,1,-0.101964
