-4.65722,-0.34091,-2.91835,1,1.5,1.2675,-5.0445,0.865975,-4.28063,-1.51447,0,0,-5.0445,0.865975,-4.58169,1.00622,-0.2325,1,-0.05
-4.65722,-0.34091,-2.91835,1,1.5,1.26725,-5.06542,0.858796,-4.26013,-1.50795,-4.26013,-1.50795,-5.06542,0.858796,-4.58152,1.00922,-0.23275,2,-0.1
-4.65722,-0.34091,-2.91835,1,1.5,1.268,-5.02352,0.873029,-4.30132,-1.52038,-4.26013,-1.50795,-5.02352,0.873029,-5.46049,0.733198,-0.23275,2,-0.15
-4.65722,-0.34091,-2.91835,1,1.5,1.2675,-5.02337,0.872551,-4.30117,-1.52086,-4.26013,-1.50795,-5.02337,0.872551,-5.48447,0.72593,-0.23275,2,-0.2
-4.65722,-0.34091,-2.91835,1,1.5,1.2685,-5.08672,0.852665,-4.24025,-1.49967,-4.26013,-1.50795,-5.08672,0.852665,-4.62901,0.995542,-0.23275,2,-0.25
-4.65722,-0.34091,-2.91835,1,1.5,1.267,-5.04434,0.865499,-4.28048,-1.51495,-4.26013,-1.50795,-5.04434,0.865499,-4.55723,1.01767,-0.23275,2,-0.3
-4.65722,-0.34091,-2.91835,1,1.5,1.26775,-5.02345,0.87279,-4.30125,-1.52062,-4.26013,-1.50795,-5.02345,0.87279,-5.46034,0.732998,-0.23275,2,-0.35
-4.65722,-0.34091,-2.91835,1,1.5,1.26725,-5.0233,0.872311,-4.3011,-1.5211,-4.26013,-1.50795,-5.0233,0.872311,-5.46468,0.738804,-0.23275,2,-0.4
-4.65722,-0.34091,-2.91835,1,1.5,1.267,-5.04434,0.865499,-4.28048,-1.51495,-4.26013,-1.50795,-5.04434,0.865499,-4.55723,1.01767,-0.23275,2,-0.45
-4.65722,-0.34091,-2.91835,1,1.5,1.26725,-5.0233,0.872311,-4.3011,-1.5211,-4.26013,-1.50795,-5.0233,0.872311,-5.48355,0.724745,-0.23275,2,-0.5
-4.65722,-0.34091,-2.91835,1,1.5,1.268,-5.04465,0.866452,-4.28079,-1.51399,-4.26013,-1.50795,-5.04465,0.866452,-5.50751,0.716981,-0.23275,2,-0.5
-4.65722,-0.34091,-2.91835,1,1.5,1.267,-5.04434,0.865499,-4.28048,-1.51495,-4.26013,-1.50795,-5.04434,0.865499,-4.55734,1.01617,-0.23275,2,-0.5
-4.65722,-0.34091,-2.91835,1,1.5,1.26675,-5.04427,0.865261,-4.2804,-1.51518,-4.26013,-1.50795,-5.04427,0.865261,-4.58169,1.00622,-0.23275,2,-0.5
-4.65722,-0.34091,-2.91835,1,1.5,1.26775,-5.04457,0.866214,-4.28071,-1.51423,-4.26013,-1.50795,-5.04457,0.866214,-4.58146,1.01022,-0.23275,2,-0.5
-4.65722,-0.34091,-2.91835,1,1.5,1.26725,-5.0233,0.872311,-4.3011,-1.5211,-4.26013,-1.50795,-5.0233,0.872311,-5.46034,0.732998,-0.23275,2,-0.5
-4.65722,-0.34091,-2.91835,1,1.5,1.26775,-5.04457,0.866214,-4.28071,-1.51423,-4.26013,-1.50795,-5.04457,0.866214,-4.55734,1.01617,-0.23275,2,-0.5
-4.65722,-0.34091,-2.91835,1,1.5,1.26725,-5.0233,0.872311,-4.3011,-1.5211,-4.26013,-1.50795,-5.0233,0.872311,-5.48355,0.724745,-0.23275,2,-0.5
-4.65722,-0.34091,-2.91835,1,1.5,1.267,-5.02323,0.872072,-4.30103,-1.52134,-4.26013,-1.50795,-5.02323,0.872072,-5.46034,0.732998,-0.23275,2,-0.5
-4.65722,-0.34091,-2.91835,1,1.5,1.2675,-5.02337,0.872551,-4.30117,-1.52086,-4.26013,-1.50795,-5.02337,0.872551,-5.46483,0.739004,-0.23275,2,-0.5
-4.65722,-0.34091,-2.91835,1,1.5,1.268,-5.04465,0.866452,-4.28079,-1.51399,-4.26013,-1.50795,-5.04465,0.866452,-4.58114,1.01596,-0.23275,2,-0.5
-4.65722,-0.34091,-2.91835,1,1.5,1.267,-5.04434,0.865499,-4.28048,-1.51495,-4.26013,-1.50795,-5.04434,0.865499,-4.55723,1.01767,-0.23275,2,-0.5
-4.65722,-0.34091,-2.91835,1,1.5,1.26725,-5.04442,0.865737,-4.28056,-1.51471,-4.26013,-1.50795,-5.04442,0.865737,-4.58169,1.00622,-0.23275,2,-0.5
-4.65722,-0.34091,-2.91835,1,1.5,1.26725,-5.06542,0.858796,-4.26013,-1.50795,-4.26013,-1.50795,-5.06542,0.858796,-4.58149,1.00972,-0.23275,2,-0.5
-4.65722,-0.34091,-2.91835,1,1.5,1.2675,-5.02337,0.872551,-4.30117,-1.52086,-4.26013,-1.50795,-5.02337,0.872551,-5.46288,0.736402,-0.23275,2,-0.5
-4.65722,-0.34091,-2.91835,1,1.5,1.26725,-5.0233,0.872311,-4.3011,-1.5211,-4.26013,-1.50795,-5.0233,0.872311,-5.46034,0.732998,-0.23275,2,-0.5
-4.65722,-0.34091,-2.91835,1,1.5,1.2685,-5.0448,0.866928,-4.28094,-1.51352,-4.26013,-1.50795,-5.0448,0.866928,-4.58128,1.01346,-0.23275,2,-0.5
-4.65722,-0.34091,-2.91835,1,1.5,1.26775,-5.02345,0.87279,-4.30125,-1.52062,-4.26013,-1.50795,-5.02345,0.87279,-5.46318,0.736802,-0.23275,2,-0.5
-4.65782,-0.341046,-2.91835,1,1.5,1.2685,-5.00301,0.879582,-4.32269,-1.52607,-4.26013,-1.50795,-5.00301,0.879582,-5.44149,0.745904,-0.2315,1,-0.5
-4.68676,-0.348236,-2.89058,1,1.5,1.26925,-5.10798,0.849084,-4.27833,-1.50924,-4.27833,-1.50924,-5.10798,0.849084,-4.64853,1.00497,-0.23075,2,-0.5
-4.73774,-0.361138,-2.89311,1,1.5,1.278,-5.1588,0.845507,-4.33513,-1.51491,-4.27833,-1.50924,-5.1588,0.845507,-4.69601,0.99422,-0.222,1,-0.5
-4.79382,-0.375154,-2.89816,1,1.5,1.28125,-5.16731,0.850452,-4.43856,-1.54097,-4.43856,-1.54097,-5.16731,0.850452,-5.61446,0.715931,-0.21875,2,-0.5
-4.84786,-0.388487,-2.90068,1,1.5,1.28775,-5.1551,0.862074,-4.55863,-1.56573,-4.43856,-1.54097,-5.1551,0.862074,-5.61767,0.718995,-0.223011,2,-0.5
-5.00016,-0.425856,-2.90068,1,1.5,1.29175,-5.37359,0.810741,-4.65088,-1.58252,-4.43856,-1.54097,-5.37359,0.810741,-4.89945,0.946704,-0.248557,2,-0.5
-5.04735,-0.437447,-2.90068,1,1.5,1.29175,-5.39913,0.805478,-4.7183,-1.60003,-4.43856,-1.54097,-5.39913,0.805478,-4.92282,0.931652,-0.20825,1,-0.4
-5.0948,-0.449209,-2.89816,1,1.5,1.2915,-5.4061,0.804213,-4.80351,-1.62208,-4.80351,-1.62208,-5.4061,0.804213,-3.32236,-3.52565,-0.2085,2,-0.4
-5.15269,-0.463588,-2.89816,1,1.5,1.2925,-5.50782,0.779168,-4.82092,-1.62461,-4.80351,-1.62208,-5.50782,0.779168,-3.5044,-3.57042,-0.2075,1,-0.4
-5.20075,-0.475472,-2.90068,1,1.5,1.29325,-5.50931,0.78043,-4.91284,-1.64737,-4.91284,-1.64737,-5.50931,0.78043,-3.62578,-3.59296,-0.20675,2,-0.4
-5.2515,-0.487994,-2.90068,1,1.5,1.29375,-5.58206,0.762816,-4.94331,-1.65421,-4.91284,-1.64737,-5.58206,0.762816,-3.75936,-3.5742,-0.20625,1,-0.4
-5.28856,-0.496965,-2.90573,1,1.5,1.292,-5.59048,0.759264,-5.00628,-1.67152,-5.00628,-1.67152,-5.59048,0.759264,-4.21776,-3.69469,-0.208,2,-0.4
-5.31011,-0.502065,-2.91078,1,1.5,1.294,-5.64992,0.74652,-4.99341,-1.66574,-5.00628,-1.67152,-5.64992,0.74652,-4.37969,-3.69944,-0.206,1,-0.4
-5.33015,-0.506815,-2.90824,1,1.5,1.29425,-5.62943,0.752358,-5.05134,-1.67989,-5.05134,-1.67989,-5.62943,0.752358,-4.44298,-3.73435,-0.20575,2,-0.4
-5.33015,-0.506815,-2.90824,1,1.5,1.2945,-5.5409,0.770414,-5.13389,-1.69623,-5.05134,-1.67989,-5.5409,0.770414,-4.49603,-3.76266,-0.20575,2,-0.4
-5.33015,-0.506815,-2.90824,1,1.5,1.295,-5.58545,0.762771,-5.0926,-1.68817,-5.05134,-1.67989,-5.58545,0.762771,-4.21079,-3.69078,-0.20575,2,-0.4
-5.33015,-0.506815,-2.90824,1,1.5,1.29475,-5.60751,0.757878,-5.07197,-1.68409,-5.05134,-1.67989,-5.60751,0.757878,-4.4396,-3.74665,-0.20575,2,-0.5
-5.33015,-0.506815,-2.90824,1,1.5,1.295,-5.54099,0.770907,-5.13397,-1.69574,-5.05134,-1.67989,-5.54099,0.770907,-4.49621,-3.76194,-0.20575,2,-0.5
-5.33015,-0.506815,-2.90824,1,1.5,1.294,-5.62937,0.752115,-5.05129,-1.68013,-5.05134,-1.67989,-5.62937,0.752115,-4.49392,-3.7709,-0.20575,2,-0.5
-5.33015,-0.506815,-2.90824,1,1.5,1.29475,-5.60751,0.757878,-5.07197,-1.68409,-5.05134,-1.67989,-5.60751,0.757878,-4.4892,-3.7893,-0.20575,2,-0.5
-5.33015,-0.506815,-2.90824,1,1.5,1.2945,-5.62949,0.752601,-5.0514,-1.67964,-5.05134,-1.67989,-5.62949,0.752601,-4.44092,-3.74183,-0.20575,2,-0.5
-5.33015,-0.506815,-2.90824,1,1.5,1.2945,-5.62949,0.752601,-5.0514,-1.67964,-5.05134,-1.67989,-5.62949,0.752601,-4.44066,-3.74279,-0.20575,2,-0.5
-5.33015,-0.506815,-2.90824,1,1.5,1.29425,-5.62943,0.752358,-5.05134,-1.67989,-5.05134,-1.67989,-5.62943,0.752358,-4.4386,-3.75026,-0.20575,2,-0.5
-5.33015,-0.506815,-2.90824,1,1.5,1.295,-5.56325,0.767033,-5.11325,-1.69213,-5.05134,-1.67989,-5.56325,0.767033,-4.43854,-3.7505,-0.20575,2,-0.5
-5.33015,-0.506815,-2.90824,1,1.5,1.29475,-5.5854,0.762526,-5.09255,-1.68841,-5.05134,-1.67989,-5.5854,0.762526,-4.4386,-3.75026,-0.20575,2,-0.5
-5.33015,-0.506815,-2.90824,1,1.5,1.295,-5.60757,0.758122,-5.07202,-1.68384,-5.05134,-1.67989,-5.60757,0.758122,-4.43946,-3.74713,-0.20575,2,-0.5
-5.33015,-0.506815,-2.90824,1,1.5,1.2945,-5.62949,0.752601,-5.0514,-1.67964,-5.05134,-1.67989,-5.62949,0.752601,-4.48902,-3.79003,-0.20575,2,-0.5
-5.33015,-0.506815,-2.90824,1,1.5,1.295,-5.65154,0.74767,-5.0311,-1.67412,-5.05134,-1.67989,-5.65154,0.74767,-4.49565,-3.76412,-0.20575,2,-0.5
-5.35311,-0.512598,-2.89059,1,1.5,1.294,-5.67451,0.740855,-5.05358,-1.68081,-5.05134,-1.67989,-5.67451,0.740855,-4.51542,-3.77966,-0.206,1,-0.5
-5.39868,-0.524287,-2.9032,1,1.5,1.29425,-5.72621,0.727837,-5.09356,-1.69079,-5.09356,-1.69079,-5.72621,0.727837,-4.54797,-3.77662,-0.20575,2,-0.5
-5.41122,-0.527698,-3.0849,1,1.5,1.2925,-5.68542,0.735381,-5.15504,-1.70771,-5.09356,-1.69079,-5.68542,0.735381,-4.4573,-3.80077,-0.205691,2,-0.5
-5.43273,-0.528463,-3.11014,1,1.5,1.29575,-5.74185,0.729873,-5.14543,-1.69794,-5.09356,-1.69079,-5.74185,0.729873,-4.68343,-3.8259,-0.210801,2,-0.5
-5.48037,-0.529731,-3.11771,1,1.5,1.30725,-5.76037,0.747179,-5.22489,-1.6948,-5.09356,-1.69079,-5.76037,0.747179,-4.46565,-3.77399,-0.223798,2,-0.5
-5.53878,-0.53086,-3.12275,1,1.5,1.31775,-5.83699,0.752704,-5.27124,-1.68244,-5.09356,-1.69079,-5.83699,0.752704,-4.8381,-3.80497,-0.242442,2,-0.5
-5.59628,-0.531769,-3.12528,1,1.5,1.32925,-5.89381,0.763754,-5.33422,-1.67281,-5.09356,-1.69079,-5.89381,0.763754,-4.72843,-3.78552,-0.263351,2,-0.5
-5.64793,-0.532405,-3.13032,1,1.5,1.341,-5.91862,0.780991,-5.41398,-1.66755,-5.09356,-1.69079,-5.91862,0.780991,-5.14815,-3.81938,-0.284206,2,-0.5
-5.70574,-0.533006,-3.13033,1,1.5,1.35125,-5.95535,0.794988,-5.49353,-1.66199,-5.09356,-1.69079,-5.95535,0.794988,-5.26405,-3.82349,-0.309667,2,-0.5
-5.7534,-0.533664,-3.1278,1,1.5,1.36575,-5.98562,0.812198,-5.56053,-1.6514,-5.09356,-1.69079,-5.98562,0.812198,-5.4186,-3.83548,-0.332039,2,-0.5
-5.80167,-0.53445,-3.12527,1,1.5,1.37275,-5.99117,0.825156,-5.64605,-1.65091,-5.09356,-1.69079,-5.99117,0.825156,-5.28561,-3.81688,-0.355927,2,-0.5
-5.95908,-0.537069,-3.12528,1,1.5,1.39575,-6.15175,0.845319,-5.80665,-1.63075,-5.09356,-1.69079,-6.15175,0.845319,-5.55939,-3.82335,-0.442291,2,-0.5
-6.00858,-0.538001,-3.12276,1,1.5,1.40325,-6.32613,0.828847,-5.76039,-1.6063,-5.09356,-1.69079,-6.32613,0.828847,-5.71568,-3.83351,-0.471796,2,-0.5
-6.05715,-0.538892,-3.12276,1,1.5,1.41125,-6.25549,0.858351,-5.90414,-1.61684,-5.09356,-1.69079,-6.25549,0.858351,-6.05259,-3.84789,-0.501794,2,-0.5
-6.11557,-0.539969,-3.12276,1,1.5,1.41825,-6.36377,0.856393,-5.92625,-1.60502,-5.09356,-1.69079,-6.36377,0.856393,-6.2263,-3.84161,-0.53912,2,-0.5
-6.16476,-0.540896,-3.12276,1,1.5,1.42575,-6.38974,0.866992,-5.99524,-1.60169,-5.09356,-1.69079,-6.38974,0.866992,-6.10269,-3.83581,-0.571536,2,-0.5
-6.21426,-0.541778,-3.12528,1,1.5,1.43,-6.36211,0.880558,-6.10363,-1.60604,-5.09356,-1.69079,-6.36211,0.880558,-6.21804,-3.84603,-0.605052,2,-0.5
-6.26406,-0.542616,-3.12528,1,1.5,1.43675,-6.43753,0.883624,-6.13569,-1.59809,-5.09356,-1.69079,-6.43753,0.883624,-6.383,-3.84047,-0.639629,2,-0.5
-6.30588,-0.543023,3.13267,1,1.5,1.44225,-6.54364,0.879494,-6.1315,-1.5863,-5.09356,-1.69079,-6.54364,0.879494,-6.45047,-3.83985,-0.669457,2,-0.5
-6.41584,-0.537899,3.09735,1,1.5,1.461,-6.58034,0.913811,-6.29886,-1.57029,-5.09356,-1.69079,-6.58034,0.913811,-6.67712,-3.8318,-0.754305,2,-0.5
-6.47975,-0.535312,3.10239,1,1.5,1.47075,-6.67818,0.92199,-6.34088,-1.55515,-5.09356,-1.69079,-6.67818,0.92199,-6.78246,-3.83219,-0.804619,2,-0.5
-6.53198,-0.53329,3.10239,1,1.5,1.48,-6.65463,0.941619,-6.44746,-1.54978,-5.09356,-1.69079,-6.65463,0.941619,-6.89292,-3.83085,-0.846312,2,-0.5
-6.58237,-0.531339,3.10239,1,1.5,1.48775,-6.73152,0.948916,-6.4809,-1.53849,-5.09356,-1.69079,-6.73152,0.948916,-7.05907,-3.82047,-0.887033,2,-0.5
-6.63154,-0.529411,3.10239,1,1.5,1.49175,-6.7032,0.960617,-6.5831,-1.5365,-5.09356,-1.69079,-6.7032,0.960617,-7.22171,-3.79425,-0.927219,2,-0.5
-6.6893,-0.52717,3.10239,1,1.5,1.49975,-6.8136,0.967421,-6.6064,-1.52398,-5.09356,-1.69079,-6.8136,0.967421,-7.33795,-3.78931,-0.974944,2,-0.5
-6.73816,-0.525302,3.10492,1,1.5,1.50825,-6.8407,0.979458,-6.67073,-1.51476,-5.09356,-1.69079,-6.8407,0.979458,-7.43826,-3.79059,-1.0157,2,-0.5
-6.78732,-0.523435,3.09987,1,1.5,1.51225,-6.93514,0.981573,-6.69077,-1.50646,-5.09356,-1.69079,-6.93514,0.981573,-7.56123,-3.77434,-1.05707,2,-0.5
-6.90224,-0.513963,3.05696,1,1.5,1.52725,-7.03935,1.00712,-6.8149,-1.48278,-5.09356,-1.69079,-7.03935,1.00712,-7.82041,-3.74815,-1.15783,2,-0.5
-6.95496,-0.509814,3.06706,1,1.5,1.534,-7.02801,1.02245,-6.90896,-1.47472,-5.09356,-1.69079,-7.02801,1.02245,-7.95628,-3.7305,-1.20443,2,-0.5
-7.01814,-0.505151,3.06706,1,1.5,1.54375,-7.11855,1.03533,-6.95594,-1.45938,-5.09356,-1.69079,-7.11855,1.03533,-8.07809,-3.7157,-1.26047,2,-0.5
-7.06873,-0.501373,3.06454,1,1.5,1.5515,-7.11165,1.04953,-7.04249,-1.44951,-5.09356,-1.69079,-7.11165,1.04953,-8.25618,-3.69181,-1.30565,2,-0.5
-7.11628,-0.498113,3.07716,1,1.5,1.55825,-7.17903,1.05887,-7.07836,-1.4391,-5.09356,-1.69079,-7.17903,1.05887,-6.58452,1.07362,-1.34817,2,-0.5
-7.16475,-0.494814,3.07211,1,1.5,1.56325,-7.24708,1.06627,-7.11542,-1.43026,-5.09356,-1.69079,-7.24708,1.06627,-6.62279,1.08083,-1.3917,2,-0.5
-7.21351,-0.491173,3.06453,1,1.5,1.5665,-7.14749,1.07394,-7.25285,-1.42384,-5.09356,-1.69079,-7.14749,1.07394,-7.70853,1.07076,-1.43583,2,-0.5
-7.27206,-0.486578,3.06201,1,1.5,1.56875,-7.31149,1.08168,-7.24866,-1.41753,-5.09356,-1.69079,-7.31149,1.08168,-6.68259,1.08501,-1.48918,2,-0.5
-7.41951,-0.474945,3.06453,1,1.5,1.58475,-7.38037,1.10932,-7.44211,-1.38992,-5.09356,-1.69079,-7.38037,1.10932,-7.9527,1.11081,-1.62456,2,-0.5
-7.46825,-0.471083,3.06202,1,1.5,1.591,-7.48048,1.11987,-7.46126,-1.38006,-5.09356,-1.69079,-7.48048,1.11987,-6.87607,1.10777,-1.66961,2,-0.5
-7.5102,-0.467325,3.0292,1,1.5,1.59325,-7.49797,1.12588,-7.51717,-1.37405,-5.09356,-1.69079,-7.49797,1.12588,-6.88771,1.11783,-1.7087,2,-0.5
-7.53917,-0.463531,3.00649,1,1.5,1.59575,-7.49069,1.13148,-7.56664,-1.36736,-5.09356,-1.69079,-7.49069,1.13148,-8.06734,1.13734,-1.73627,2,-0.5
-7.58886,-0.456976,3.01406,1,1.5,1.602,-7.55232,1.14461,-7.60935,-1.35474,-5.09356,-1.69079,-7.55232,1.14461,-6.93771,1.13014,-1.78367,2,-0.5
-7.63951,-0.450614,3.01911,1,1.5,1.61,-7.58282,1.15839,-7.67085,-1.34006,-5.09356,-1.69079,-7.58282,1.15839,-8.19621,1.16781,-1.83194,2,-0.5
-7.69168,-0.444058,3.01659,1,1.5,1.617,-7.68709,1.17294,-7.69418,-1.32705,-5.09356,-1.69079,-7.68709,1.17294,-7.07407,1.15132,-1.88177,2,-0.5
-7.74263,-0.437655,3.01911,1,1.5,1.6235,-7.71379,1.18559,-7.7582,-1.31402,-5.09356,-1.69079,-7.71379,1.18559,-7.09687,1.15922,-1.93052,2,-0.5
-7.80184,-0.430367,3.01911,1,1.5,1.62775,-7.71614,1.19513,-7.84776,-1.30141,-5.09356,-1.69079,-7.71614,1.19513,-8.30654,1.22229,-1.98721,2,-0.5
-7.95718,-0.411246,3.02163,1,1.5,1.63375,-7.81839,1.2166,-8.03077,-1.27436,-5.09356,-1.69079,-7.81839,1.2166,-8.40687,1.2523,-2.13649,2,-0.5
-8.00633,-0.405296,3.01911,1,1.5,1.63525,-7.80653,1.2177,-8.11198,-1.26357,-5.09356,-1.69079,-7.80653,1.2177,-8.39081,1.26246,-2.18382,2,-0.5
-8.05516,-0.399309,3.01911,1,1.5,1.638,-7.94039,1.23466,-8.11556,-1.25919,-5.09356,-1.69079,-7.94039,1.23466,-8.53603,1.27969,-2.23094,2,-0.5
-8.10337,-0.393325,3.01912,1,1.5,1.641,-7.9884,1.24364,-8.16356,-1.25021,-5.09356,-1.69079,-7.9884,1.24364,-7.36468,1.18954,-2.27756,2,-0.5
-8.15159,-0.387365,3.01911,1,1.5,1.641,-8.00806,1.24735,-8.22673,-1.24307,-5.09356,-1.69079,-8.00806,1.24735,-8.6038,1.30242,-2.32423,2,-0.5
-8.19857,-0.381438,3.00397,1,1.5,1.64425,-8.08715,1.25903,-8.25656,-1.23522,-5.09356,-1.69079,-8.08715,1.25903,-7.45606,1.21923,-2.3698,2,-0.5
-8.21402,-0.378769,2.93583,1,1.5,1.648,-8.04778,1.26083,-8.29997,-1.22642,-5.09356,-1.69079,-8.04778,1.26083,-8.64172,1.31017,-2.38507,2,-0.5
-8.23385,-0.374405,2.92574,1,1.5,1.651,-8.0794,1.26936,-8.31327,-1.21968,-5.09356,-1.69079,-8.0794,1.26936,-7.42144,1.19505,-2.40504,2,-0.5
-8.39501,-0.341402,2.94341,1,1.5,1.6635,-8.23975,1.31484,-8.47308,-1.17425,-5.09356,-1.69079,-8.23975,1.31484,-7.61013,1.24283,-2.56657,2,-0.5
-8.44562,-0.331054,2.93835,1,1.5,1.669,-8.25249,1.32673,-8.54178,-1.15647,-5.09356,-1.69079,-8.25249,1.32673,-7.61949,1.24619,-2.61735,2,-0.5
-8.49469,-0.320863,2.93583,1,1.5,1.67125,-8.21053,1.32605,-8.63561,-1.13755,-5.09356,-1.69079,-8.21053,1.32605,-8.8073,1.41471,-2.66666,2,-0.5
-8.551,-0.30921,2.93836,1,1.5,1.6735,-8.29947,1.34528,-8.67523,-1.12632,-5.09356,-1.69079,-8.29947,1.34528,-8.90079,1.43251,-2.72326,2,-0.5
-8.5989,-0.299414,2.94089,1,1.5,1.6745,-8.32253,1.35212,-8.73514,-1.11359,-5.09356,-1.69079,-8.32253,1.35212,-8.92278,1.44807,-2.77139,2,-0.5
-8.64983,-0.289066,2.93836,1,1.5,1.6775,-8.42668,1.37353,-8.75924,-1.10426,-5.09356,-1.69079,-8.42668,1.37353,-7.78815,1.28844,-2.82255,2,-0.5
-8.6756,-0.283164,2.88284,1,1.5,1.6775,-8.4472,1.37871,-8.78759,-1.098,-5.09356,-1.69079,-8.4472,1.37871,-9.05288,1.4656,-2.84869,2,-0.5
-8.67503,-0.283413,2.82228,1,1.5,1.6785,-8.34626,1.36257,-8.83594,-1.089,-5.09356,-1.69079,-8.34626,1.36257,-8.94278,1.46546,-2.84807,2,-0.5
-8.77553,-0.247569,2.79451,1,1.5,1.69875,-8.51311,1.43079,-8.89931,-1.0392,-5.09356,-1.69079,-8.51311,1.43079,-9.12547,1.53389,-2.95472,2,-0.5
-8.83071,-0.227453,2.792,1,1.5,1.71425,-8.53213,1.46059,-8.96757,-1.00119,-5.09356,-1.69079,-8.53213,1.46059,-9.17736,1.56101,-3.01343,2,-0.5
-8.88089,-0.208873,2.78695,1,1.5,1.72275,-8.60189,1.49114,-9.00676,-0.975863,-5.09356,-1.69079,-8.60189,1.49114,-7.92014,1.37005,-3.06693,2,-0.5
-8.92702,-0.191788,2.78695,1,1.5,1.73575,-8.55667,1.50399,-9.09009,-0.938439,-5.09356,-1.69079,-8.55667,1.50399,-9.20286,1.61503,-3.11612,2,-0.5
-8.97144,-0.175366,2.78695,1,1.5,1.746,-8.65865,1.54239,-9.10651,-0.917169,-5.09356,-1.69079,-8.65865,1.54239,-8.00263,1.4168,-3.16346,2,-0.5
-9.02572,-0.155474,2.79199,1,1.5,1.758,-8.74977,1.58073,-9.14219,-0.888276,-5.09356,-1.69079,-8.74977,1.58073,-8.09572,1.45331,-3.22126,2,-0.5
-9.07225,-0.138588,2.79451,1,1.5,1.76725,-8.67812,1.58415,-9.23567,-0.852883,-5.09356,-1.69079,-8.67812,1.58415,-9.30271,1.70809,-3.27075,2,-0.5
-9.11913,-0.12174,2.79451,1,1.5,1.77375,-8.84513,1.63072,-9.23132,-0.839273,-5.09356,-1.69079,-8.84513,1.63072,-8.15688,1.48693,-3.32055,2,-0.5
-9.25646,-0.0720121,2.79199,1,1.5,1.78825,-8.82291,1.66289,-9.42902,-0.762527,-5.09356,-1.69079,-8.82291,1.66289,-9.45246,1.80252,-3.46656,2,-0.5
-9.3126,-0.051839,2.79705,1,1.5,1.795,-8.94733,1.7056,-9.45606,-0.742088,-5.09356,-1.69079,-8.94733,1.7056,-8.24462,1.54703,-3.5262,2,-0.5
-9.36125,-0.0344638,2.79704,1,1.5,1.8035,-8.93284,1.71741,-9.5267,-0.711027,-5.09356,-1.69079,-8.93284,1.71741,-9.57006,1.86962,-3.57784,2,-0.5
-9.40842,-0.0175098,2.79451,1,1.5,1.81,-9.03561,1.75368,-9.55054,-0.692715,-5.09356,-1.69079,-9.03561,1.75368,-8.36333,1.5988,-3.62794,2,-0.5
-9.45322,-0.00125301,2.792,1,1.5,1.81575,-9.01301,1.76033,-9.61911,-0.66509,-5.09356,-1.69079,-9.01301,1.76033,-9.65451,1.92375,-3.67559,2,-0.5
-9.49324,0.0137599,2.76423,1,1.5,1.8225,-9.12611,1.7989,-9.62971,-0.649852,-5.09356,-1.69079,-9.12611,1.7989,-8.44755,1.64752,-3.71833,2,-0.5
-9.52019,0.0250297,2.74152,1,1.5,1.82725,-9.14269,1.81286,-9.65917,-0.633207,-5.09356,-1.69079,-9.14269,1.81286,-8.43668,1.63607,-3.74753,2,-0.5
-9.559,0.0413944,2.74405,1,1.5,1.8345,-9.12211,1.82311,-9.7175,-0.604957,-5.09356,-1.69079,-9.12211,1.82311,-8.44146,1.65067,-3.78964,2,-0.5
-9.60557,0.0607545,2.7491,1,1.5,1.8405,-9.11407,1.83442,-9.78168,-0.574795,-5.09356,-1.69079,-9.11407,1.83442,-9.76009,2.01917,-3.84005,2,-0.5
-9.74994,0.120394,2.72386,1,1.5,1.86075,-9.14614,1.88046,-9.95737,-0.484265,-5.09356,-1.69079,-9.14614,1.88046,-9.82047,2.07637,-3.99622,2,-0.5
-9.75717,0.123809,2.65825,1,1.5,1.8605,-9.22273,1.9059,-9.94087,-0.488739,-5.09356,-1.69079,-9.22273,1.9059,-9.90605,2.10096,-4.0042,2,-0.5
-9.75102,0.120318,2.60021,1,1.5,1.8585,-9.23814,1.90665,-9.92805,-0.496272,-5.09356,-1.69079,-9.23814,1.90665,-9.88781,2.08606,-3.9972,2,-0.5
-9.76276,0.127638,2.58254,1,1.5,1.8665,-9.27868,1.93027,-9.92706,-0.484185,-5.09356,-1.69079,-9.27868,1.93027,-9.93597,2.12012,-4.0108,2,-0.5
-9.79763,0.149589,2.57748,1,1.5,1.88075,-9.30068,1.9635,-9.96126,-0.447653,-5.09356,-1.69079,-9.30068,1.9635,-9.96122,2.14841,-4.05127,2,-0.5
-9.85533,0.186062,2.57749,1,1.5,1.899,-9.25841,1.9888,-10.0443,-0.384474,-5.09356,-1.69079,-9.25841,1.9888,-9.91392,2.18445,-4.11831,2,-0.5
-9.90424,0.216895,2.57748,1,1.5,1.919,-9.36495,2.05856,-10.0675,-0.340691,-5.09356,-1.69079,-9.36495,2.05856,-8.66423,1.84338,-4.17512,2,-0.5
-9.94897,0.245105,2.57749,1,1.5,1.9365,-9.40479,2.10357,-10.1073,-0.295688,-5.09356,-1.69079,-9.40479,2.10357,-8.70868,1.87199,-4.22712,2,-0.5
-10.0796,0.326795,2.58506,1,1.5,1.9625,-9.44432,2.18363,-10.2536,-0.181765,-5.09356,-1.69079,-9.44432,2.18363,-10.1196,2.38641,-4.37877,2,-0.5
-10.1214,0.352784,2.58506,1,1.5,1.98275,-9.5454,2.25004,-10.2716,-0.142162,-5.09356,-1.69079,-9.5454,2.25004,-8.80474,1.98525,-4.42724,2,-0.5
-10.1631,0.378794,2.58506,1,1.5,1.9975,-9.45096,2.24503,-10.3423,-0.0906843,-5.09356,-1.69079,-9.45096,2.24503,-10.1308,2.46454,-4.47573,2,-0.5
-10.2138,0.410285,2.58506,1,1.5,2,-9.50073,2.27886,-10.392,-0.0568572,-5.09356,-1.69079,-9.50073,2.27886,-10.1813,2.50728,-4.53455,2,-0.5
-10.2558,0.436501,2.58254,1,1.5,2.016,-9.59838,2.3423,-10.4136,-0.021043,-5.09356,-1.69079,-9.59838,2.3423,-10.2921,2.58494,-4.58336,2,-0.5
-10.298,0.462922,2.58254,1,1.5,2.02375,-9.6048,2.36424,-10.4611,0.0154832,-5.09356,-1.69079,-9.6048,2.36424,-10.2968,2.61717,-4.63248,2,-0.5
-10.3395,0.488791,2.58506,1,1.5,2.033,-9.64794,2.40055,-10.4984,0.04964,-5.09356,-1.69079,-9.64794,2.40055,-10.3817,2.66138,-4.68071,2,-0.5
-10.3807,0.514455,2.58505,1,1.5,2.04625,-9.58492,2.39961,-10.5572,0.0964283,-5.09356,-1.69079,-9.58492,2.39961,-10.2724,2.66197,-4.72865,2,-0.5
-10.514,0.597752,2.58254,1,1.5,2.073,-9.53976,2.42756,-10.7147,0.220844,-5.09356,-1.69079,-9.53976,2.42756,-10.2168,2.70364,-4.88374,2,-0.5
-10.5554,0.623663,2.58506,1,1.5,2.07975,-9.68023,2.51029,-10.7323,0.242438,-5.09356,-1.69079,-9.68023,2.51029,-10.3701,2.79101,-4.93202,2,-0.5
-10.6058,0.655034,2.58254,1,1.5,2.078,-9.89403,2.60732,-10.7504,0.258564,-5.09356,-1.69079,-9.89403,2.60732,-9.1578,2.31894,-4.99065,2,-0.5
-10.6452,0.679716,2.56992,1,1.5,2.093,-9.8356,2.60982,-10.8026,0.304393,-5.09356,-1.69079,-9.8356,2.60982,-10.5766,2.91767,-5.03651,2,-0.5
-10.6566,0.687531,2.51692,1,1.5,2.1005,-9.94535,2.66396,-10.7918,0.311628,-5.09356,-1.69079,-9.94535,2.66396,-9.16962,2.3511,-5.05008,2,-0.5
-10.674,0.700667,2.49421,1,1.5,2.10125,-9.91781,2.66113,-10.8175,0.328633,-5.09356,-1.69079,-9.91781,2.66113,-9.17464,2.36047,-5.07128,2,-0.5
-10.7084,0.726552,2.49926,1,1.5,2.12575,-9.91886,2.70024,-10.8474,0.379074,-5.09356,-1.69079,-9.91886,2.70024,-9.14113,2.36072,-5.1131,2,-0.5
-10.7523,0.759229,2.5043,1,1.5,2.14225,-9.96668,2.75222,-10.8835,0.426405,-5.09356,-1.69079,-9.96668,2.75222,-9.22473,2.42547,-5.16637,2,-0.5
-10.8865,0.859673,2.49673,1,1.5,2.16225,-10.0783,2.86521,-11.0127,0.546402,-5.09356,-1.69079,-10.0783,2.86521,-9.32859,2.53333,-5.3295,2,-0.5
-10.9261,0.889353,2.50935,1,1.5,1.91725,-9.13889,0.195251,-11.4693,1.10033,-5.09356,-1.69079,-9.13889,0.195251,-10.5289,3.09132,-5.37773,2,-0.5
-10.9525,0.909005,2.51692,1,1.5,2.17375,-10.0756,2.89803,-11.0841,0.610479,-5.09356,-1.69079,-10.0756,2.89803,-9.32572,2.54766,-5.40982,2,-0.5
-10.9547,0.910635,2.55477,1,1.5,2.1805,-9.97761,2.85996,-11.0979,0.625008,-5.09356,-1.69079,-9.97761,2.85996,-10.7263,3.23092,-5.41252,2,-0.5
-10.9484,0.906743,2.61029,1,1.5,2.17775,-9.97872,2.85668,-11.0919,0.618204,-5.09356,-1.69079,-9.97872,2.85668,-9.20458,2.45277,-5.40521,2,-0.5
-10.9419,0.903264,2.68095,1,1.5,2.17875,-9.90589,2.81992,-11.0947,0.620659,-5.09356,-1.69079,-9.90589,2.81992,-10.6042,3.19223,-5.39786,2,-0.5
-10.9403,0.902491,2.74657,1,1.5,2.17675,-9.93065,2.83095,-11.0902,0.616112,-5.09356,-1.69079,-9.93065,2.83095,-10.6313,3.20813,-5.39601,2,-0.5
-10.9397,0.902273,2.80713,1,1.5,1.94425,-9.15216,0.137489,-11.4506,1.12088,-5.09356,-1.69079,-9.15216,0.137489,-10.3178,3.04773,-5.3954,2,-0.5
-10.9358,0.901383,3.0065,1,1.5,2.178,-10.0939,2.91007,-11.0603,0.604414,-5.09356,-1.69079,-10.0939,2.91007,-9.32773,2.52406,-5.39148,2,-0.5
-10.9336,0.901187,3.08472,1,1.5,2.178,-9.97005,2.85443,-11.0761,0.612415,-5.09356,-1.69079,-9.97005,2.85443,-9.23639,2.46964,-5.38944,2,-0.5
-10.9321,0.901158,-3.13537,1,1.5,2.17525,-9.88938,2.81019,-11.0878,0.616151,-5.09356,-1.69079,-9.88938,2.81019,-10.5837,3.19308,-5.38803,2,-0.5
-10.9306,0.901229,-3.07734,1,1.5,2.1755,-9.89858,2.81637,-11.0845,0.615564,-5.09356,-1.69079,-9.89858,2.81637,-9.13816,2.38834,-5.38665,2,-0.5
-10.9297,0.901326,-3.01424,1,1.5,2.177,-9.8181,2.77316,-11.0946,0.623603,-5.09356,-1.69079,-9.8181,2.77316,-10.4984,3.18293,-5.38585,2,-0.5
-10.9272,0.901747,-2.93349,1,1.5,2.1765,-9.8695,2.80394,-11.0845,0.619018,-5.09356,-1.69079,-9.8695,2.80394,-9.11997,2.36124,-5.38381,2,-0.5
-10.9254,0.902196,-2.86787,1,1.5,1.95,-9.16274,0.0683178,-11.4226,1.13739,-5.09356,-1.69079,-9.16274,0.0683178,-10.3266,3.08867,-5.38236,2,-0.5
-10.924,0.902667,-2.80479,1,1.5,2.179,-9.7467,2.73626,-11.0974,0.632551,-5.09356,-1.69079,-9.7467,2.73626,-10.415,3.16052,-5.38121,2,-0.5
-10.9198,0.904682,-2.61048,1,1.5,2.17775,-9.87839,2.81726,-11.074,0.62167,-5.09356,-1.69079,-9.87839,2.81726,-10.5725,3.20991,-5.37825,2,-0.5
-10.9183,0.905681,-2.53983,1,1.5,1.9185,-9.1592,0.140023,-11.4515,1.13775,-5.09356,-1.69079,-9.1592,0.140023,-10.385,3.12321,-5.37724,2,-0.5
-10.9171,0.906599,-2.47675,1,1.5,2.1855,-9.79448,2.78176,-11.0786,0.636758,-5.09356,-1.69079,-9.79448,2.78176,-10.5156,3.2053,-5.37649,2,-0.5
-10.9166,0.90699,-2.42122,1,1.5,2.18575,-9.83278,2.80511,-11.0724,0.634093,-5.09356,-1.69079,-9.83278,2.80511,-10.5587,3.23844,-5.37621,2,-0.5
-10.915,0.908488,-2.343,1,1.5,2.18625,-9.74862,2.75758,-11.0824,0.643123,-5.09356,-1.69079,-9.74862,2.75758,-10.4222,3.17938,-5.37541,2,-0.5
-10.9138,0.909855,-2.27739,1,1.5,2.1885,-9.77081,2.77616,-11.0765,0.644214,-5.09356,-1.69079,-9.77081,2.77616,-10.4467,3.20888,-5.37484,2,-0.5
-10.9127,0.9113,-2.21178,1,1.5,2.18775,-9.82786,2.81116,-11.0675,0.64014,-5.09356,-1.69079,-9.82786,2.81116,-9.08436,2.40636,-5.37438,2,-0.5
-10.91,0.915795,-2.01747,1,1.5,1.9225,-9.1482,0.146351,-11.4392,1.14693,-5.09356,-1.69079,-9.1482,0.146351,-10.1379,2.97078,-5.3738,2,-0.5
-10.9094,0.917211,-1.94934,1,1.5,1.919,-9.16582,0.115654,-11.4373,1.15989,-5.09356,-1.69079,-9.16582,0.115654,-10.3043,3.07135,-5.37383,2,-0.5
-10.9088,0.918948,-1.88373,1,1.5,2.19575,-9.91433,2.87659,-11.0466,0.64769,-5.09356,-1.69079,-9.91433,2.87659,-9.18084,2.47863,-5.37398,2,-0.5
-10.9084,0.920427,-1.82065,1,1.5,2.1985,-9.86556,2.85587,-11.0514,0.655002,-5.09356,-1.69079,-9.86556,2.85587,-9.12766,2.45123,-5.3742,2,-0.5
-10.908,0.92193,-1.7525,1,1.5,2.1995,-9.86153,2.85651,-11.051,0.657624,-5.09356,-1.69079,-9.86153,2.85651,-9.14036,2.43642,-5.37453,2,-0.5
-10.9078,0.923451,-1.69447,1,1.5,2.202,-9.73813,2.78909,-11.0661,0.67097,-5.09356,-1.69079,-9.73813,2.78909,-10.459,3.21414,-5.37494,2,-0.5
-10.9077,0.924981,-1.62633,1,1.5,1.958,-9.1982,-0.0297166,-11.3809,1.18925,-5.09356,-1.69079,-9.1982,-0.0297166,-10.2355,3.09893,-5.37544,2,-0.5
-10.9076,0.927133,-1.5582,1,1.5,2.206,-9.72956,2.79222,-11.0647,0.678568,-5.09356,-1.69079,-9.72956,2.79222,-9.0252,2.33136,-5.3763,2,-0.5
-10.9082,0.93201,-1.36137,1,1.5,1.95425,-9.167,0.044771,-11.3945,1.17978,-5.09356,-1.69079,-9.167,0.044771,-10.1764,3.05729,-5.37883,2,-0.5
-10.9086,0.9335,-1.29829,1,1.5,2.20825,-9.75853,2.81862,-11.0606,0.684442,-5.09356,-1.69079,-9.75853,2.81862,-10.4453,3.23381,-5.37979,2,-0.5
-10.9093,0.935548,-1.23015,1,1.5,1.922,-9.20417,0.0485825,-11.422,1.20228,-5.09356,-1.69079,-9.20417,0.0485825,-10.4059,3.20949,-5.38123,2,-0.5
-10.91,0.937261,-1.16454,1,1.5,1.9455,-9.22043,-0.0273456,-11.3915,1.21219,-5.09356,-1.69079,-9.22043,-0.0273456,-10.1453,3.07008,-5.38257,2,-0.5
-10.9108,0.938919,-1.09388,1,1.5,1.95125,-9.21543,-0.0271037,-11.3875,1.21059,-5.09356,-1.69079,-9.21543,-0.0271037,-10.2868,3.16253,-5.38399,2,-0.5
-10.9114,0.939987,-1.03333,1,1.5,1.9455,-9.23002,-0.0387942,-11.3906,1.21896,-5.09356,-1.69079,-9.23002,-0.0387942,-10.127,3.07123,-5.38498,2,-0.5
-10.9093,0.936954,-0.967712,1,1.5,1.9445,-9.23291,-0.0483743,-11.3882,1.21844,-5.09356,-1.69079,-9.23291,-0.0483743,-10.0466,3.02527,-5.38182,2,-0.5
-10.892,0.913759,-0.917232,1,1.5,2.208,-9.577,2.68744,-11.0659,0.679195,-5.09356,-1.69079,-9.577,2.68744,-10.2673,3.15843,-5.35657,2,-0.5
-10.8606,0.873968,-0.894533,1,1.5,2.18575,-9.59896,2.65887,-11.0419,0.617349,-5.09356,-1.69079,-9.59896,2.65887,-10.2476,3.12189,-5.3116,2,-0.4
-10.7902,0.764325,-1.31091,1,1.5,2.1575,-9.20952,2.23271,-11.0412,0.531221,-5.09356,-1.69079,-9.20952,2.23271,-9.73939,2.81697,-5.2032,2,-0.3
-10.7869,0.74185,-1.49765,1,1.5,2.14675,-9.24762,2.23824,-11.0402,0.495618,-5.09356,-1.69079,-9.24762,2.23824,-9.80369,2.77483,-5.19126,2,-0.3
-10.7878,0.717606,-1.68188,1,1.5,2.124,-9.35652,2.28697,-11.0411,0.439791,-5.09356,-1.69079,-9.35652,2.28697,-9.0826,-0.632185,-5.18259,2,-0.3
-10.7933,0.69273,-1.8661,1,1.5,2.09275,-9.5072,2.34364,-11.0436,0.371463,-5.09356,-1.69079,-9.5072,2.34364,-9.04893,-0.570923,-5.17806,2,-0.3
-10.7971,0.682343,-1.962,1,1.5,2.0785,-9.5343,2.33322,-11.0532,0.347561,-5.09356,-1.69079,-9.5343,2.33322,-10.2897,2.80992,-5.17759,2,-0.3
-10.7968,0.683186,-1.98471,1,1.5,2.07525,-9.61491,2.38902,-11.0387,0.334046,-5.09356,-1.69079,-9.61491,2.38902,-10.2438,2.78854,-5.17757,2,-0.3
-10.7947,0.687633,-2.03013,1,1.5,2.076,-9.56511,2.36035,-11.0458,0.345999,-5.09356,-1.69079,-9.56511,2.36035,-10.1811,2.78341,-5.17734,2,-0.3
-10.7925,0.691709,-2.08313,1,1.5,2.08175,-9.64791,2.43055,-11.0225,0.342353,-5.09356,-1.69079,-9.64791,2.43055,-9.05252,-0.589004,-5.17691,2,-0.3
-10.7907,0.694599,-2.14117,1,1.5,2.07625,-9.4101,2.24529,-11.0725,0.378113,-5.09356,-1.69079,-9.4101,2.24529,-9.07966,-0.626924,-5.17641,2,-0.3
-10.7897,0.696107,-2.20678,1,1.5,2.07725,-9.41491,2.25333,-11.0695,0.37919,-5.09356,-1.69079,-9.41491,2.25333,-9.14534,-0.705284,-5.17601,2,-0.4
-10.7886,0.697589,-2.40361,1,1.5,2.0755,-9.32825,2.17242,-11.0873,0.395943,-5.09356,-1.69079,-9.32825,2.17242,-9.91114,2.69484,-5.17557,2,-0.5
-10.7883,0.697787,-2.43138,1,1.5,2.07225,-9.34085,2.18068,-11.0871,0.39169,-5.09356,-1.69079,-9.34085,2.18068,-9.92193,2.70884,-5.17543,2,-0.5
-10.7874,0.698595,-2.41623,1,1.5,2.07375,-9.41494,2.25318,-11.0695,0.379058,-5.09356,-1.69079,-9.41494,2.25318,-9.19614,-0.756483,-5.17488,2,-0.5
-10.7858,0.70005,-2.38342,1,1.5,2.077,-9.49117,2.32417,-11.0495,0.369283,-5.09356,-1.69079,-9.49117,2.32417,-8.90826,1.80338,-5.17399,2,-0.5
-10.7841,0.701806,-2.3279,1,1.5,2.077,-9.38415,2.23609,-11.0692,0.389335,-5.09356,-1.69079,-9.38415,2.23609,-8.77509,1.70877,-5.17308,2,-0.5
-10.7825,0.703662,-2.2421,1,1.5,2.077,-9.57747,2.39536,-11.0279,0.359133,-5.09356,-1.69079,-9.57747,2.39536,-9.13988,-0.697439,-5.17231,2,-0.5
-10.7825,0.70365,-2.17649,1,1.5,2.079,-9.51101,2.34852,-11.04,0.370562,-5.09356,-1.69079,-9.51101,2.34852,-9.12164,-0.675403,-5.17229,2,-0.5
-10.7826,0.703387,-2.11845,1,1.5,2.07825,-9.40886,2.26282,-11.0614,0.386923,-5.09356,-1.69079,-9.40886,2.26282,-9.08642,-0.639982,-5.17234,2,-0.5
-10.7819,0.704731,-2.06041,1,1.5,2.084,-9.4689,2.32309,-11.044,0.381681,-5.09356,-1.69079,-9.4689,2.32309,-9.05845,-0.596481,-5.17217,2,-0.5
-10.7808,0.70695,-1.98471,1,1.5,2.0815,-9.62546,2.43835,-11.0131,0.35884,-5.09356,-1.69079,-9.62546,2.43835,-9.02627,-0.55456,-5.17206,2,-0.5
-10.7782,0.715768,-1.78787,1,1.5,2.09,-9.88046,2.60315,-10.9543,0.345517,-5.09356,-1.69079,-9.88046,2.60315,-9.20266,2.21413,-5.17304,2,-0.5
-10.7776,0.718792,-1.73235,1,1.5,2.0955,-9.75351,2.54699,-10.9753,0.365889,-5.09356,-1.69079,-9.75351,2.54699,-8.93242,-0.401184,-5.17371,2,-0.5
-10.7774,0.720929,-1.66927,1,1.5,2.1035,-9.67384,2.51173,-10.9854,0.383372,-5.09356,-1.69079,-9.67384,2.51173,-10.3243,2.91999,-5.1743,2,-0.5
-10.7772,0.723384,-1.58851,1,1.5,2.1105,-9.68977,2.53215,-10.9779,0.389571,-5.09356,-1.69079,-9.68977,2.53215,-10.3487,2.92506,-5.17514,2,-0.5
-10.7773,0.724922,-1.52038,1,1.5,2.11175,-9.65472,2.5136,-10.9836,0.396068,-5.09356,-1.69079,-9.65472,2.5136,-8.93052,-0.389615,-5.17577,2,-0.5
-10.7774,0.726452,-1.45729,1,1.5,2.115,-9.61014,2.49018,-10.9899,0.405395,-5.09356,-1.69079,-9.61014,2.49018,-8.95624,-0.433616,-5.17649,2,-0.5
-10.7777,0.728276,-1.39169,1,1.5,2.117,-9.57135,2.46795,-10.9959,0.41354,-5.09356,-1.69079,-9.57135,2.46795,-10.2067,2.89893,-5.17746,2,-0.5
-10.7779,0.729479,-1.32608,1,1.5,2.11925,-9.50317,2.42246,-11.007,0.425313,-5.09356,-1.69079,-9.50317,2.42246,-8.9849,-0.478971,-5.17817,2,-0.5
-10.7784,0.731252,-1.25542,1,1.5,2.11775,-9.56586,2.46749,-10.9973,0.417864,-5.09356,-1.69079,-9.56586,2.46749,-8.90801,1.99619,-5.17933,2,-0.5
-10.7788,0.73212,-1.19738,1,1.5,2.12,-9.5146,2.43398,-11.0053,0.427069,-5.09356,-1.69079,-9.5146,2.43398,-9.0244,-0.524115,-5.17996,2,-0.5
-10.7809,0.736178,-0.987928,1,1.5,2.12125,-9.63793,2.52314,-10.985,0.417114,-5.09356,-1.69079,-9.63793,2.52314,-10.3232,2.96541,-5.18356,2,-0.5
-10.7785,0.732985,-0.924847,1,1.5,2.12425,-9.56041,2.47328,-10.994,0.425151,-5.09356,-1.69079,-9.56041,2.47328,-10.2345,2.91673,-5.18009,2,-0.5
-10.7596,0.709547,-0.879425,1,1.5,2.1225,-9.56083,2.46111,-10.9728,0.39802,-5.09356,-1.69079,-9.56083,2.46111,-8.90019,1.99285,-5.15349,2,-0.5
-10.7252,0.669389,-0.854193,1,1.5,2.11,-9.42781,2.33341,-10.965,0.361821,-5.09356,-1.69079,-9.42781,2.33341,-10.0424,2.7781,-5.10618,2,-0.4
-10.6854,0.623691,-0.856708,1,1.5,2.093,-9.4233,2.29334,-10.9308,0.299015,-5.09356,-1.69079,-9.4233,2.29334,-8.77827,1.81143,-5.0519,2,-0.3
-10.6418,0.572803,-0.866804,1,1.5,2.0795,-9.37112,2.21894,-10.8987,0.239934,-5.09356,-1.69079,-9.37112,2.21894,-8.74559,1.72732,-4.9922,2,-0.2
-10.6141,0.540206,-0.874376,1,1.5,2.073,-9.39277,2.21521,-10.8657,0.195187,-5.09356,-1.69079,-9.39277,2.21521,-8.75534,1.69728,-4.95432,2,-0.1
-10.5974,0.520558,-0.839039,1,1.5,2.06425,-9.32439,2.14558,-10.8661,0.177527,-5.09356,-1.69079,-9.32439,2.14558,-8.72108,1.64467,-4.93143,2,-0.1
-10.6008,0.524107,-0.793615,1,1.5,2.069,-9.42974,2.22982,-10.8447,0.168785,-5.09356,-1.69079,-9.42974,2.22982,-8.80539,1.71375,-4.93592,2,-0.1
-10.5529,0.486481,-0.657347,1,1.5,2.071,-9.25904,2.10358,-10.8209,0.151505,-5.09356,-1.69079,-9.25904,2.10358,-9.8871,2.57728,-4.87748,2,-0.1
-10.4973,0.443735,-0.657347,1,1.5,2.071,-9.14782,2.0147,-10.7769,0.118317,-5.09356,-1.69079,-9.14782,2.0147,-9.73316,2.46993,-4.81005,2,0
-10.4526,0.408573,-0.669966,1,1.5,2.07125,-9.08322,1.96257,-10.7361,0.0868952,-5.09356,-1.69079,-9.08322,1.96257,-9.69241,2.45414,-4.75557,2,0.1
-10.4122,0.376332,-0.675013,1,1.5,2.07175,-9.0347,1.92377,-10.697,0.056463,-5.09356,-1.69079,-9.0347,1.92377,-9.64147,2.41874,-4.70625,2,0.2
-10.3748,0.3463,-0.675014,1,1.5,2.073,-9.05134,1.94183,-10.6474,0.0176499,-5.09356,-1.69079,-9.05134,1.94183,-8.44976,1.42767,-4.66053,2,0.2
-10.3305,0.31062,-0.677532,1,1.5,2.07175,-9.0318,1.92476,-10.599,-0.0230384,-5.09356,-1.69079,-9.0318,1.92476,-8.44559,1.4068,-4.60637,2,0.2
-10.2924,0.279971,-0.675007,1,1.5,2.0725,-8.96928,1.87512,-10.5654,-0.0490653,-5.09356,-1.69079,-8.96928,1.87512,-8.38023,1.35414,-4.55987,2,0.2
-10.2538,0.249054,-0.672483,1,1.5,2.07525,-8.85093,1.77834,-10.5409,-0.063951,-5.09356,-1.69079,-8.85093,1.77834,-9.44453,2.30019,-4.51278,2,0.2
-10.2134,0.216834,-0.672481,1,1.5,2.074,-8.8933,1.81648,-10.4845,-0.111734,-5.09356,-1.69079,-8.8933,1.81648,-8.29846,1.2989,-4.46366,2,0.3
-10.1752,0.1863,-0.675007,1,1.5,2.07575,-8.84997,1.78396,-10.4461,-0.140235,-5.09356,-1.69079,-8.84997,1.78396,-8.25929,1.26255,-4.41724,2,0.4
-10.1074,0.132689,-0.611921,1,1.5,2.08175,-8.71285,1.67826,-10.3876,-0.177835,-5.09356,-1.69079,-8.71285,1.67826,-9.27214,2.19386,-4.33518,2,0.4
-10.0834,0.116663,-0.576584,1,1.5,2.08225,-8.77198,1.73405,-10.3465,-0.207825,-5.09356,-1.69079,-8.77198,1.73405,-8.19196,1.2071,-4.3071,2,0.3
-10.0408,0.0896477,-0.561449,1,1.5,2.087,-8.66698,1.66069,-10.3127,-0.221248,-5.09356,-1.69079,-8.66698,1.66069,-8.08468,1.12236,-4.25788,2,0.3
-9.98153,0.0522315,-0.5564,1,1.5,2.11025,-8.54559,1.59859,-10.2467,-0.233372,-5.09356,-1.69079,-8.54559,1.59859,-7.95436,1.04623,-4.18944,2,0.3
-9.95034,0.0313821,-0.622017,1,1.5,2.12225,-8.35746,1.43376,-10.2339,-0.218235,-5.09356,-1.69079,-8.35746,1.43376,-8.87637,1.99799,-4.15308,2,0.3
-9.94663,0.0286415,-0.690147,1,1.5,2.1245,-8.37922,1.46277,-10.2237,-0.224836,-5.09356,-1.69079,-8.37922,1.46277,-8.90679,2.02253,-4.14867,2,0.2
-9.95284,0.034158,-0.753237,1,1.5,2.12225,-8.34733,1.42207,-10.2386,-0.212884,-5.09356,-1.69079,-8.34733,1.42207,-8.87098,1.97329,-4.15636,2,0.1
-9.94849,0.0298086,-0.783516,1,1.5,2.12275,-8.4503,1.53364,-10.2147,-0.237448,-5.09356,-1.69079,-8.4503,1.53364,-8.99301,2.08893,-4.15081,2,0
-9.92187,0.00337253,-0.778467,1,1.5,2.12225,-8.43165,1.51439,-10.1871,-0.265581,-5.09356,-1.69079,-8.43165,1.51439,-7.86254,0.937396,-4.11691,2,0
-9.79243,-0.123748,-0.778477,1,1.5,2.12275,-8.25001,1.33467,-10.0666,-0.382935,-5.09356,-1.69079,-8.25001,1.33467,-8.77533,1.90704,-3.95329,2,0
-9.75742,-0.158313,-0.778477,1,1.5,2.12575,-8.26473,1.35518,-10.0202,-0.424772,-5.09356,-1.69079,-8.26473,1.35518,-7.70673,0.771767,-3.90919,2,0.1
-9.7179,-0.197494,-0.780992,1,1.5,2.13125,-8.09131,1.17962,-9.99933,-0.435764,-5.09356,-1.69079,-8.09131,1.17962,-8.61029,1.74059,-3.85947,2,0.2
-9.6845,-0.230631,-0.783516,1,1.5,2.12825,-8.18243,1.27709,-9.94687,-0.493992,-5.09356,-1.69079,-8.18243,1.27709,-7.63143,0.688082,-3.81755,2,0.2
-9.65043,-0.264401,-0.778475,1,1.5,2.132,-8.15335,1.25355,-9.90884,-0.526411,-5.09356,-1.69079,-8.15335,1.25355,-7.6027,0.66434,-3.7749,2,0.2
-9.6154,-0.298949,-0.778475,1,1.5,2.128,-7.99476,1.08015,-9.89871,-0.540032,-5.09356,-1.69079,-7.99476,1.08015,-8.497,1.66952,-3.7312,2,0.2
-9.57313,-0.340603,-0.775951,1,1.5,2.13425,-7.95123,1.04665,-9.85108,-0.578338,-5.09356,-1.69079,-7.95123,1.04665,-8.46289,1.62502,-3.67863,2,0.3
-9.54104,-0.371998,-0.770895,1,1.5,2.14225,-7.94481,1.05674,-9.8076,-0.610593,-5.09356,-1.69079,-7.94481,1.05674,-7.3779,0.408094,-3.63889,2,0.4
-9.51521,-0.397043,-0.753235,1,1.5,2.142,-7.87057,0.975297,-9.79009,-0.626407,-5.09356,-1.69079,-7.87057,0.975297,-8.40218,1.59798,-3.60704,2,0.4
-9.51431,-0.397882,-0.712858,1,1.5,2.1445,-7.92455,1.0414,-9.77785,-0.636477,-5.09356,-1.69079,-7.92455,1.0414,-7.38682,0.425443,-3.60594,2,0.3
-9.42107,-0.469294,-0.642193,1,1.5,2.15825,-7.82235,0.980584,-9.67422,-0.698876,-5.09356,-1.69079,-7.82235,0.980584,-7.25744,0.326976,-3.4966,2,0.3
-9.37595,-0.503429,-0.652288,1,1.5,2.169,-7.63524,0.790587,-9.64159,-0.700902,-5.09356,-1.69079,-7.63524,0.790587,-8.11747,1.40708,-3.44395,2,0.3
-9.32486,-0.542919,-0.662384,1,1.5,2.18025,-7.63164,0.830577,-9.57318,-0.744352,-5.09356,-1.69079,-7.63164,0.830577,-8.12238,1.46215,-3.38423,2,0.3
-9.28637,-0.573065,-0.664902,1,1.5,2.205,-7.57043,0.811707,-9.51594,-0.758329,-5.09356,-1.69079,-7.57043,0.811707,-8.07665,1.43261,-3.33923,2,0.3
-9.24842,-0.602909,-0.667425,1,1.5,2.209,-7.57519,0.839306,-9.46884,-0.792897,-5.09356,-1.69079,-7.57519,0.839306,-7.04455,0.188762,-3.29492,2,0.3
-9.21067,-0.632506,-0.662386,1,1.5,2.23325,-7.5011,0.80443,-9.41487,-0.80414,-5.09356,-1.69079,-7.5011,0.80443,-6.94682,0.105158,-3.25095,2,0.3
-9.16408,-0.668771,-0.657337,1,1.5,2.2465,-7.45169,0.785354,-9.35731,-0.832858,-5.09356,-1.69079,-7.45169,0.785354,-6.92825,0.115834,-3.19686,2,0.3
-9.13177,-0.693842,-0.659861,1,1.5,2.2605,-7.35516,0.703842,-9.32,-0.841926,-5.09356,-1.69079,-7.35516,0.703842,-7.85271,1.36847,-3.15945,2,0.3
-9.08495,-0.730319,-0.662384,1,1.5,2.27675,-7.26781,0.641388,-9.26314,-0.864823,-5.09356,-1.69079,-7.26781,0.641388,-7.76944,1.29911,-3.10533,2,0.4
-8.96808,-0.820962,-0.659861,1,1.5,2.30225,-7.18378,0.633897,-9.12134,-0.945927,-5.09356,-1.69079,-7.18378,0.633897,-6.6548,-0.0607248,-2.97096,2,0.5
-8.92919,-0.851102,-0.659861,1,1.5,2.31575,-6.99129,0.416668,-9.08338,-0.95197,-5.09356,-1.69079,-6.99129,0.416668,-7.47122,1.09729,-2.92647,2,0.5
-8.88227,-0.887441,-0.657337,1,1.5,2.323,-6.98726,0.456153,-9.02666,-0.989816,-5.09356,-1.69079,-6.98726,0.456153,-7.49998,1.18814,-2.87295,2,0.5
-8.84333,-0.917503,-0.657337,1,1.5,2.3495,-7.00044,0.539865,-8.96138,-1.01086,-5.09356,-1.69079,-7.00044,0.539865,-6.49533,-0.18451,-2.82867,2,0.5
-8.80481,-0.94711,-0.657337,1,1.5,2.3705,-6.84741,0.39,-8.91174,-1.02016,-5.09356,-1.69079,-6.84741,0.39,-7.33576,1.10009,-2.78503,2,0.5
-8.76588,-0.977188,-0.667425,1,1.5,2.38975,-6.75621,0.315928,-8.85859,-1.03685,-5.09356,-1.69079,-6.75621,0.315928,-7.23314,1.03913,-2.74101,2,0.5
-8.75124,-0.9894,-0.727991,1,1.5,2.393,-6.77413,0.358739,-8.83964,-1.04968,-5.09356,-1.69079,-6.77413,0.358739,-7.28807,1.12282,-2.72432,2,0.4
-8.75057,-0.990042,-0.770901,1,1.5,2.3955,-6.78424,0.378149,-8.83635,-1.04973,-5.09356,-1.69079,-6.78424,0.378149,-6.24962,-0.420439,-2.72355,2,0.3
-8.72829,-1.01167,-0.768368,1,1.5,2.3965,-6.71786,0.292697,-8.81512,-1.06801,-5.09356,-1.69079,-6.71786,0.292697,-7.19867,1.01641,-2.69763,2,0.2
-8.60747,-1.12957,-0.780994,1,1.5,2.42925,-6.55303,0.166792,-8.6673,-1.16732,-5.09356,-1.69079,-6.55303,0.166792,-7.02358,0.916203,-2.55844,2,0.2
-8.58951,-1.14813,-0.836504,1,1.5,2.43375,-6.46238,0.0344398,-8.64741,-1.18032,-5.09356,-1.69079,-6.46238,0.0344398,-6.89244,0.809072,-2.53782,2,0.1
-8.58456,-1.15401,-0.879412,1,1.5,2.4435,-6.57355,0.233982,-8.63106,-1.1861,-5.09356,-1.69079,-6.57355,0.233982,-6.0656,-0.590344,-2.53203,2,0
-8.56614,-1.17588,-0.866791,1,1.5,2.4395,-6.48249,0.0928074,-8.61781,-1.20735,-5.09356,-1.69079,-6.48249,0.0928074,-6.94445,0.850949,-2.51054,2,-0.1
-8.53296,-1.21467,-0.861742,1,1.5,2.45775,-6.56049,0.251585,-8.56686,-1.23988,-5.09356,-1.69079,-6.56049,0.251585,-6.07262,-0.526545,-2.47219,2,-0.1
-8.48769,-1.2678,-0.869312,1,1.5,2.46775,-6.3547,-0.0267736,-8.51556,-1.28402,-5.09356,-1.69079,-6.3547,-0.0267736,-6.82328,0.72931,-2.42038,2,-0.1
-8.45256,-1.30937,-0.871836,1,1.5,2.47575,-6.33148,-0.032516,-8.47333,-1.32188,-5.09356,-1.69079,-6.33148,-0.032516,-6.79269,0.743857,-2.38058,2,-0.1
-8.41984,-1.34815,-0.869312,1,1.5,2.472,-6.2618,-0.142464,-8.44428,-1.36181,-5.09356,-1.69079,-6.2618,-0.142464,-6.70318,0.640046,-2.34388,2,0
-8.38792,-1.386,-0.871838,1,1.5,2.49175,-6.23103,-0.138342,-8.39506,-1.39013,-5.09356,-1.69079,-6.23103,-0.138342,-6.67754,0.655774,-2.30843,2,0.1
-8.34477,-1.44467,-0.955116,1,1.5,2.49075,-6.23887,-0.114623,-8.35259,-1.44961,-5.09356,-1.69079,-6.23887,-0.114623,-5.75769,-0.92886,-2.26051,2,0.1
-8.30794,-1.49583,-0.942505,1,1.5,2.49525,-6.21521,-0.13688,-8.31193,-1.49841,-5.09356,-1.69079,-6.21521,-0.13688,-5.74542,-0.951227,-2.22029,2,0.1
-8.2745,-1.54147,-0.937448,1,1.5,2.499,-6.11661,-0.281105,-8.27537,-1.54197,-5.09356,-1.69079,-6.11661,-0.281105,-5.6511,-1.11243,-2.18445,2,0.2
-8.24321,-1.58449,-0.945019,1,1.5,2.5105,-6.04439,-0.372963,-8.23402,-1.57942,-5.09356,-1.69079,-6.04439,-0.372963,-5.57993,-1.21709,-2.15145,2,0.3
-8.21423,-1.62463,-0.947544,1,1.5,2.52975,-6.01702,-0.370874,-8.18839,-1.60988,-5.09356,-1.69079,-6.01702,-0.370874,-5.5681,-1.21926,-2.12137,2,0.3
-8.18023,-1.67176,-0.945019,1,1.5,2.53775,-5.8965,-0.565091,-8.14626,-1.6553,-5.09356,-1.69079,-5.8965,-0.565091,-6.31348,0.251506,-2.08673,2,0.3
-8.15188,-1.71083,-0.942495,1,1.5,2.5395,-5.88914,-0.55797,-8.11668,-1.6929,-5.09356,-1.69079,-5.88914,-0.55797,-6.33163,0.31067,-2.05838,2,0.2
-8.12332,-1.75014,-0.942495,1,1.5,2.55625,-5.78805,-0.710466,-8.07193,-1.72726,-5.09356,-1.69079,-5.78805,-0.710466,-6.19563,0.111333,-2.03034,2,0.1
-8.09426,-1.79022,-0.945021,1,1.5,2.56425,-5.8271,-0.592146,-8.03745,-1.7602,-5.09356,-1.69079,-5.8271,-0.592146,-5.41107,-1.4677,-2.00235,2,0
-8.06006,-1.83759,-0.945028,1,1.5,2.56625,-10.6004,-1.47395,-8.12564,-1.8282,-5.09356,-1.69079,-10.6004,-1.47395,-5.78405,-0.634857,-1.97013,2,0
-7.97479,-1.95617,-0.947536,1,1.5,2.495,-10.4496,-1.63958,-7.96983,-1.95681,-5.09356,-1.69079,-10.4496,-1.63958,-5.62012,-0.87265,-1.89342,2,0
-7.93975,-2.00483,-0.945026,1,1.5,2.44025,-10.361,-1.70126,-7.88046,-2.01226,-5.09356,-1.69079,-10.361,-1.70126,-5.57144,-0.957624,-1.86346,2,-0.1
-7.91007,-2.04598,-0.947544,1,1.5,2.39975,-10.2954,-1.78305,-7.81042,-2.05697,-5.09356,-1.69079,-10.2954,-1.78305,-5.46708,-1.12239,-1.83882,2,-0.2
-7.88067,-2.08658,-0.945021,1,1.5,2.37,-10.2411,-1.87401,-7.7512,-2.09824,-5.09356,-1.69079,-10.2411,-1.87401,-5.46105,-1.06677,-1.81507,2,-0.3
-7.85136,-2.12723,-0.947546,1,1.5,2.3385,-10.1758,-1.871,-7.69083,-2.14493,-5.09356,-1.69079,-10.1758,-1.871,-5.37609,-1.19144,-1.79212,2,-0.3
-7.82258,-2.16713,-0.947546,1,1.5,2.285,-10.0978,-1.95644,-7.60849,-2.18696,-5.09356,-1.69079,-10.0978,-1.95644,-5.36263,-1.18773,-1.77028,2,-0.4
-7.79446,-2.206,-0.942507,1,1.5,2.24875,-10.0377,-2.04907,-7.54382,-2.22354,-5.09356,-1.69079,-10.0377,-2.04907,-5.20214,-1.51148,-1.7496,2,-0.4
-7.76007,-2.25361,-0.95512,1,1.5,2.2165,-9.97602,-2.30295,-7.47664,-2.2473,-5.09356,-1.69079,-9.97602,-2.30295,-5.21406,-1.41281,-1.72526,2,-0.4
-7.74378,-2.28072,-1.11411,1,1.5,2.208,-9.92939,-2.59434,-7.45474,-2.23925,-5.09356,-1.69079,-9.92939,-2.59434,-5.17551,-1.48739,-1.71508,2,-0.4
-7.73668,-2.30294,-1.34122,1,1.5,2.201,-9.93435,-2.42402,-7.43813,-2.28649,-5.09356,-1.69079,-9.93435,-2.42402,-5.22747,-1.33203,-1.71308,2,-0.5
-7.72342,-2.38613,-1.41693,1,1.5,2.2015,-9.92491,-2.37906,-7.42492,-2.38709,-5.09356,-1.69079,-9.92491,-2.37906,-5.19859,-1.47634,-1.72023,2,-0.5
-7.71429,-2.43978,-1.39422,1,1.5,2.19475,-9.90863,-2.48256,-7.4091,-2.43384,-5.09356,-1.69079,-9.90863,-2.48256,-5.19602,-1.56693,-1.72566,2,-0.5
-7.70471,-2.49211,-1.38665,1,1.5,2.18175,-9.88566,-2.55115,-7.38658,-2.4835,-5.09356,-1.69079,-9.88566,-2.55115,-5.19097,-1.64856,-1.73134,2,-0.5
-7.69376,-2.55075,-1.38664,1,1.5,2.1665,-9.8561,-2.68495,-7.3609,-2.53009,-5.09356,-1.69079,-9.8561,-2.68495,-5.19378,-1.71178,-1.73872,2,-0.5
-7.68472,-2.59943,-1.38916,1,1.5,2.167,-9.84789,-2.7282,-7.35231,-2.57964,-5.09356,-1.69079,-9.84789,-2.7282,-5.16445,-1.85735,-1.74586,2,-0.5
-7.67588,-2.64689,-1.38664,1,1.5,2.21675,-9.89192,-2.59084,-7.39272,-2.65405,-5.09356,-1.69079,-9.89192,-2.59084,-5.17402,-1.90337,-1.75363,2,-0.5
-7.66696,-2.69465,-1.38664,1,1.5,2.157,-9.80987,-2.94074,-7.3262,-2.65551,-5.09356,-1.69079,-9.80987,-2.94074,-5.18633,-1.91006,-1.76226,2,-0.5
-7.6562,-2.75238,-1.38917,1,1.5,2.1485,-9.79129,-2.9921,-7.3069,-2.71316,-5.09356,-1.69079,-9.79129,-2.9921,-5.16399,-2.01859,-1.77383,2,-0.5
-7.64706,-2.80135,-1.38413,1,1.5,2.14375,-9.7715,-3.0884,-7.29402,-2.75365,-5.09356,-1.69079,-9.7715,-3.0884,-5.15218,-2.10031,-1.78455,2,-0.5
-7.61803,-2.95609,-1.38918,1,1.5,2.142,-9.7248,-3.34298,-7.26592,-2.89143,-5.09356,-1.69079,-9.7248,-3.34298,-5.13266,-2.27123,-1.82382,2,-0.5
-7.60922,-3.00356,-1.38665,1,1.5,2.1415,-9.70735,-3.43235,-7.25798,-2.93177,-5.09356,-1.69079,-9.70735,-3.43235,-5.12043,-2.35757,-1.83758,2,-0.5
-7.60006,-3.05283,-1.38918,1,1.5,2.144,-9.694,-3.51344,-7.25237,-2.97635,-5.09356,-1.69079,-9.694,-3.51344,-5.14022,-2.32858,-1.85267,2,-0.5
-7.59131,-3.10062,-1.38918,1,1.5,2.1415,-9.6828,-3.5607,-7.24118,-3.0236,-5.09356,-1.69079,-9.6828,-3.5607,-5.11229,-2.46384,-1.86817,2,-0.5
-7.58256,-3.14841,-1.38917,1,1.5,2.148,-9.71715,-3.38807,-7.23276,-3.10914,-5.09356,-1.69079,-9.71715,-3.38807,-5.11201,-2.51381,-1.8844,2,-0.5
-7.57188,-3.20617,-1.38664,1,1.5,2.142,-9.6953,-3.48765,-7.21698,-3.15912,-5.09356,-1.69079,-9.6953,-3.48765,-5.12823,-2.52613,-1.90489,2,-0.5
-7.5626,-3.25542,-1.38412,1,1.5,2.142,-9.67998,-3.57927,-7.20871,-3.2013,-5.09356,-1.69079,-9.67998,-3.57927,-5.07044,-2.73951,-1.92305,2,-0.5
-7.55346,-3.30408,-1.38664,1,1.5,2.145,-9.66872,-3.65999,-7.20338,-3.24517,-5.09356,-1.69079,-9.66872,-3.65999,-5.09687,-2.66642,-1.94173,2,-0.5
-7.54431,-3.35304,-1.38664,1,1.5,2.15025,-9.65821,-3.74679,-7.20048,-3.289,-5.09356,-1.69079,-9.65821,-3.74679,-5.10091,-2.67308,-1.9613,2,-0.5
-7.53349,-3.41077,-1.38412,1,1.5,2.14325,-9.62433,-3.8818,-7.18546,-3.33237,-5.09356,-1.69079,-9.62433,-3.8818,-5.08287,-2.76806,-1.98523,2,-0.5
-7.50691,-3.55439,-1.39169,1,1.5,2.14875,-9.58943,-4.08375,-7.16648,-3.46786,-5.09356,-1.69079,-9.58943,-4.08375,-5.04171,-3.01861,-2.04914,2,-0.5
-7.49814,-3.6028,-1.39169,1,1.5,2.1445,-9.56701,-4.16731,-7.15518,-3.50923,-5.09356,-1.69079,-9.56701,-4.16731,-5.01124,-3.19726,-2.0721,2,-0.5
-7.48751,-3.6615,-1.3917,1,1.5,2.153,-9.55438,-4.26439,-7.1544,-3.56434,-5.09356,-1.69079,-9.55438,-4.26439,-5.01053,-3.21308,-2.10076,2,-0.5
-7.48085,-3.69811,-1.38917,1,1.5,2.15975,-9.5417,-4.3442,-7.15618,-3.59632,-5.09356,-1.69079,-9.5417,-4.3442,-5.00599,-3.2436,-2.11905,2,-0.5
-7.47884,-3.70837,-1.35385,1,1.5,2.1635,-9.554,-4.32031,-7.15608,-3.61319,-5.09356,-1.69079,-9.554,-4.32031,-5.02109,-3.16664,-2.12413,2,-0.5
-7.47988,-3.70419,-1.31347,1,1.5,2.1655,-9.57408,-4.2553,-7.15639,-3.61906,-5.09356,-1.69079,-9.57408,-4.2553,-5.00774,-3.23513,-2.12223,2,-0.5
-7.48137,-3.69918,-1.25542,1,1.5,2.1625,-9.5695,-4.26142,-7.15548,-3.61143,-5.09356,-1.69079,-9.5695,-4.26142,-5.00954,-3.26023,-2.12014,2,-0.5
-7.48211,-3.69716,-1.18728,1,1.5,2.16775,-9.55543,-4.33,-7.16433,-3.60017,-5.09356,-1.69079,-9.55543,-4.33,-5.01629,-3.21903,-2.11941,2,-0.5
-7.47635,-3.70872,-1.08634,1,1.5,2.16375,-9.40841,-4.68286,-7.1761,-3.55733,-5.09356,-1.69079,-9.40841,-4.68286,-5.08331,-2.94237,-2.12245,2,-0.5
-7.38694,-3.81856,-0.788565,1,1.5,2.16475,-8.53989,-5.65072,-7.20838,-3.53481,-5.09356,-1.69079,-8.53989,-5.65072,-5.70168,-1.95878,-2.12841,2,-0.5
-7.35084,-3.85289,-0.748182,1,1.5,2.17525,-8.1257,-5.88545,-7.23516,-3.54944,-5.09356,-1.69079,-8.1257,-5.88545,-6.09837,-1.67194,-2.1257,2,-0.5
-7.31732,-3.88412,-0.750706,1,1.5,2.19275,-8.06774,-5.94447,-7.21218,-3.59542,-5.09356,-1.69079,-8.06774,-5.94447,-6.14317,-1.67701,-2.12343,2,-0.5
-7.27186,-3.92414,-0.692671,1,1.5,2.21225,-7.98067,-6.01976,-7.17967,-3.65156,-5.09356,-1.69079,-7.98067,-6.01976,-6.15434,-1.70096,-2.11975,2,-0.5
-7.23868,-3.95008,-0.649773,1,1.5,2.2265,-7.93517,-6.06484,-7.15312,-3.69031,-5.09356,-1.69079,-7.93517,-6.06484,-6.06622,-1.76615,-2.11543,2,-0.5
-7.22025,-3.96396,-0.642199,1,1.5,2.23225,-7.86527,-6.10098,-7.14288,-3.70763,-5.09356,-1.69079,-7.86527,-6.10098,-6.10417,-1.75405,-2.11289,2,-0.5
-7.21065,-3.97114,-0.639673,1,1.5,2.22825,-7.88628,-6.09449,-7.12825,-3.71218,-5.09356,-1.69079,-7.88628,-6.09449,-5.98723,-1.82196,-2.1116,2,-0.5
-7.20621,-3.97444,-0.639681,1,1.5,2.23575,-7.88413,-6.10493,-7.12608,-3.72263,-5.09356,-1.69079,-7.88413,-6.10493,-6.02058,-1.80446,-2.111,2,-0.5
-7.20645,-3.97426,-0.637157,1,1.5,2.23,-7.87727,-6.10097,-7.12523,-3.71676,-5.09356,-1.69079,-7.87727,-6.10097,-6.06407,-1.78037,-2.11103,2,-0.5
-7.20645,-3.97426,-0.637157,1,1.5,2.23325,-7.84098,-6.11547,-7.13066,-3.7185,-5.09356,-1.69079,-7.84098,-6.11547,-6.06245,-1.77726,-2.11103,2,-0.5
-7.20645,-3.97426,-0.637157,1,1.5,2.24075,-7.8805,-6.11122,-7.12847,-3.72701,-5.09356,-1.69079,-7.8805,-6.11122,-6.02512,-1.7991,-2.11103,2,-0.5
-7.20645,-3.97426,-0.637157,1,1.5,2.23325,-7.87825,-6.10407,-7.12621,-3.71986,-5.09356,-1.69079,-7.87825,-6.10407,-6.10297,-1.76166,-2.11103,2,-0.5
-7.20645,-3.97426,-0.637157,1,1.5,2.23925,-7.91722,-6.09771,-7.12369,-3.72699,-5.09356,-1.69079,-7.91722,-6.09771,-6.02559,-1.79998,-2.11103,2,-0.5
-7.20645,-3.97426,-0.637157,1,1.5,2.23725,-7.91659,-6.09581,-7.12305,-3.72509,-5.09356,-1.69079,-7.91659,-6.09581,-6.02631,-1.8013,-2.11103,2,-0.5
-7.20645,-3.97426,-0.637157,1,1.5,2.2325,-7.87802,-6.10335,-7.12598,-3.71915,-5.09356,-1.69079,-7.87802,-6.10335,-6.02655,-1.80174,-2.11103,2,-0.5
-7.20645,-3.97426,-0.637157,1,1.5,2.24075,-7.9177,-6.09913,-7.12416,-3.72841,-5.09356,-1.69079,-7.9177,-6.09913,-6.10264,-1.76099,-2.11103,2,-0.5
-7.20645,-3.97426,-0.637157,1,1.5,2.23475,-7.8787,-6.1055,-7.12666,-3.72129,-5.09356,-1.69079,-7.8787,-6.1055,-6.06349,-1.77926,-2.11103,2,-0.5
-7.20645,-3.97426,-0.637157,1,1.5,2.23675,-7.91643,-6.09534,-7.12289,-3.72462,-5.09356,-1.69079,-7.91643,-6.09534,-5.98906,-1.82309,-2.11103,2,-0.5
-7.20645,-3.97426,-0.637157,1,1.5,2.2325,-7.91508,-6.09131,-7.12154,-3.72059,-5.09356,-1.69079,-7.91508,-6.09131,-6.0636,-1.77948,-2.11103,2,-0.5
-7.20645,-3.97426,-0.637157,1,1.5,2.23575,-7.91611,-6.09439,-7.12258,-3.72367,-5.09356,-1.69079,-7.91611,-6.09439,-5.98943,-1.82375,-2.11103,2,-0.5
-7.20645,-3.97426,-0.637157,1,1.5,2.23375,-7.8784,-6.10454,-7.12636,-3.72034,-5.09356,-1.69079,-7.8784,-6.10454,-6.10253,-1.76076,-2.11103,2,-0.5
-7.20645,-3.97426,-0.637157,1,1.5,2.23775,-7.91675,-6.09629,-7.12321,-3.72557,-5.09356,-1.69079,-7.91675,-6.09629,-6.06395,-1.78014,-2.11103,2,-0.5
