-3.0148e-18,2.80478e-36,2.35161e-18,1.5,2,2.00012,0.0349123,1.99982,-0.0261805,-1.49965,0,0,0.0349123,1.99982,-0.317056,2.00185,0,1,0,0,0,0,1
0.00456,-4.35653e-17,-1.44441e-14,1.5,2,2.00012,0.0394723,1.99982,-0.0216205,-1.49965,-0.0216205,-1.49965,0.0394723,1.99982,-0.312496,2.00185,0.000122547,2,0.666667,0.00122971,0,0.0996555,1
0.0190988,0.000502082,0.064,1.5,2,1.99963,0.0656243,1.99959,-0.0158103,-1.49946,-0.0216205,-1.49965,0.0656243,1.99959,-0.286455,2.00508,-0.000367284,1,-0.666667,-0.00489599,0,0.100047,1
0.0436305,0.00132792,0.00266667,1.5,2,1.99853,0.0731861,1.99964,0.0214256,-1.49998,0.0214256,-1.49998,0.0731861,1.99964,0.460488,1.9885,-0.00147319,2,-0.666667,-0.0110633,0,0.0999614,1
0.0781561,0.000213235,-0.064,1.5,2,1.99924,0.136318,1.99861,0.0344961,-1.49991,0.0214256,-1.49998,0.136318,1.99861,-0.215566,2.00554,-0.00126656,2,-0.666667,0.00198219,0,0.104241,1
0.122482,-0.0041706,-0.130667,1.5,2,2.00338,0.139503,1.99913,0.109766,-1.50074,0.0214256,-1.49998,0.139503,1.99913,0.528414,1.9934,0.000779777,2,0.666667,0.0213831,0,0.0956991,1
0.176741,-0.00969969,-0.0693333,1.5,2,2.00954,0.175782,1.99984,0.177452,-1.50016,0.0214256,-1.49998,0.175782,1.99984,-0.17841,1.99885,0.00164711,2,0.666667,0.00766538,0,0.11315,1
0.241239,-0.0119671,-0.00266667,1.5,2,2.01232,0.24661,2.00034,0.237268,-1.49965,0.0214256,-1.49998,0.24661,2.00034,0.63721,1.99649,0.0123165,1,0.666667,0.108629,0,0.0982187,1
0.315738,-0.00962612,0.064,1.5,2,2.01011,0.362508,1.99994,0.281073,-1.49911,0.281073,-1.49911,0.362508,1.99994,0.00854395,2.00571,0.0101144,2,0.666667,-0.0199261,0,0.11051,1
0.399867,-0.00135581,0.130667,1.5,2,2.00156,0.417806,2.00013,0.386438,-1.49973,0.281073,-1.49911,0.417806,2.00013,0.806279,1.99382,0.00156188,1,-0.666667,-0.0859332,0,0.0995256,1
0.493909,0.00826775,0.0693333,1.5,2,1.99005,0.56432,1.99707,0.440484,-1.50074,0.440484,-1.50074,0.56432,1.99707,0.213668,2.00929,-0.00995398,2,-0.666667,-0.102922,0,0.111889,1
0.593816,0.0118656,0.00266667,1.5,2,1.98483,0.623169,1.99648,0.571408,-1.50314,0.440484,-1.50074,0.623169,1.99648,1.00782,1.98545,-0.0151676,1,-0.666667,-0.0520478,0,0.10017,1
0.69375,0.0088,-0.064,1.5,2,1.98687,0.751552,1.99482,0.64973,-1.50369,0.64973,-1.50369,0.751552,1.99482,0.401849,2.00169,-0.0131345,2,-0.666667,0.0185967,0,0.109327,1
0.793258,-0.000916169,-0.130667,1.5,2,1.99615,0.810218,1.99516,0.780481,-1.50471,0.64973,-1.50369,0.810218,1.99516,1.19773,1.98947,-0.00385165,1,0.666667,0.0837421,0,0.11085,1
0.892702,-0.011279,-0.0706667,1.5,2,2.00765,0.894421,1.99637,0.891424,-1.50363,0.891424,-1.50363,0.894421,1.99637,0.54063,1.99547,0.00765252,2,0.666667,0.115371,0,0.0997142,1
0.992614,-0.0150108,-0.004,1.5,2,2.01218,1.00067,1.99715,0.986658,-1.50282,0.891424,-1.50363,1.00067,1.99715,1.39132,1.99322,0.0121758,1,0.666667,0.0404988,0,0.111689,1
1.09255,-0.0120784,0.0626667,1.5,2,2.00942,1.14198,1.99673,1.05588,-1.50221,1.05588,-1.50221,1.14198,1.99673,0.788212,2.00256,0.00942135,2,-0.666667,-0.0249164,0,0.110547,1
1.19247,-0.00849647,0.00266667,1.5,2,2.00448,1.25709,1.99494,1.14426,-1.50324,1.05588,-1.50221,1.25709,1.99494,0.904378,2.0025,0.00448203,1,-0.666667,-0.0493018,0,0.100185,1
1.2924,-0.0115621,-0.064,1.5,2,2.00641,1.35077,1.994,1.24895,-1.50452,1.24895,-1.50452,1.35077,1.994,0.997583,2.00127,0.00641036,2,0.666667,0.0174123,0,0.110745,1
1.39232,-0.0152772,-0.004,1.5,2,2.01058,1.40037,1.99528,1.38636,-1.50469,1.24895,-1.50452,1.40037,1.99528,1.79071,1.99138,0.0105753,1,0.666667,0.0370285,0,0.112479,1
1.49226,-0.0123449,0.0626667,1.5,2,2.00783,1.54165,1.99488,1.45555,-1.50407,1.45555,-1.50407,1.54165,1.99488,1.18816,2.00068,0.007828,2,-0.666667,-0.0275534,0,0.099708,1
1.59217,-0.00863704,0.004,1.5,2,2.00276,1.65406,1.99316,1.5459,-1.50516,1.45555,-1.50407,1.65406,1.99316,1.30158,2.00072,0.00275707,1,-0.666667,-0.0458972,0,0.110484,1
1.69211,-0.0115694,-0.0626667,1.5,2,2.00456,1.74775,1.99222,1.6506,-1.50643,1.6506,-1.50643,1.74775,1.99222,1.39481,1.99949,0.00456071,2,0.666667,0.0163853,0,0.110077,1
1.79203,-0.0151513,-0.00266667,1.5,2,2.00859,1.79739,1.99344,1.78804,-1.50655,1.6506,-1.50643,1.79739,1.99344,2.18725,1.98954,0.00859404,1,0.666667,0.0404333,0,0.0997525,1
1.89196,-0.0120857,0.064,1.5,2,2.0057,1.93863,1.99307,1.85719,-1.50598,1.85719,-1.50598,1.93863,1.99307,1.58543,1.99887,0.00569844,2,-0.666667,-0.0255766,0,0.113212,1
1.99186,-0.00812011,0.00666667,1.5,2,2.00036,2.04835,1.99144,1.94952,-1.50716,1.85719,-1.50598,2.04835,1.99144,1.69613,1.99902,0.000359058,1,-0.666667,-0.0485686,0,0.109935,1
2.09181,-0.010786,-0.06,1.5,2,2.00192,2.14204,1.9905,2.05422,-1.5084,2.05422,-1.5084,2.14204,1.9905,1.7894,1.99777,0.00191665,2,0.666667,0.0155773,0,0.0999906,1
2.19173,-0.0142273,-0.00133333,1.5,2,2.00579,2.19441,1.99156,2.18974,-1.50843,2.05422,-1.5084,2.19441,1.99156,2.58365,1.98771,0.00579286,1,0.666667,0.035115,0,0.110386,1
2.29166,-0.0110285,0.0653333,1.5,2,2.00276,2.33559,1.99125,2.25882,-1.50791,2.25882,-1.50791,2.33559,1.99125,1.98284,1.99701,0.00275564,2,-0.666667,-0.0264124,0,0.114992,1
2.39156,-0.00680646,0.00933333,1.5,2,1.99718,2.44263,1.98972,2.35312,-1.50914,2.25882,-1.50791,2.44263,1.98972,2.09081,1.99728,-0.00282311,1,-0.666667,-0.05618,0,0.0993015,1
2.49151,-0.00920579,-0.0573333,1.5,2,1.99849,2.53633,1.98878,2.45783,-1.51034,2.45783,-1.51034,2.53633,1.98878,2.18413,1.99603,-0.00151145,2,0.666667,0.0119908,0,0.109389,1
2.59144,-0.0123807,0.00133333,1.5,2,2.0021,2.58878,1.98972,2.59343,-1.51028,2.45783,-1.51034,2.58878,1.98972,2.97711,1.98589,0.0021019,1,0.666667,0.032776,0,0.110244,1
2.69136,-0.00891536,0.068,1.5,2,1.99877,2.72987,1.98948,2.66244,-1.50987,2.66244,-1.50987,2.72987,1.98948,2.37766,1.99524,-0.0012306,2,-0.666667,-0.033502,0,0.0994715,1
2.79126,-0.0048006,0.008,1.5,2,1.99329,2.84489,1.98776,2.75072,-1.51097,2.66244,-1.50987,2.84489,1.98776,2.49385,1.9952,-0.00671458,1,-0.666667,-0.0485454,0,0.112966,1
2.89121,-0.00733319,-0.0586667,1.5,2,1.99475,2.93861,1.98685,2.85544,-1.51216,2.85544,-1.51216,2.93861,1.98685,2.58716,1.99398,-0.00525224,2,0.666667,0.0132017,0,0.110769,1
2.99113,-0.0107659,-0.00133333,1.5,2,1.99864,2.9938,1.98787,2.98913,-1.51213,2.85544,-1.51216,2.9938,1.98787,3.38168,1.9842,-0.00136232,1,0.666667,0.0393949,0,0.0987417,1
3.09106,-0.00756706,0.0653333,1.5,2,1.99565,3.13484,1.9876,3.05807,-1.51156,3.05807,-1.51156,3.13484,1.9876,2.78336,1.99319,-0.00435317,2,-0.666667,-0.0270093,0,0.110734,1
3.19097,-0.0037187,0.00533333,1.5,2,1.99049,3.24983,1.9859,3.14633,-1.51257,3.05807,-1.51156,3.24983,1.9859,2.89946,1.99319,-0.0095098,1,-0.666667,-0.0516674,0,0.0998044,1
3.29091,-0.00651782,-0.0613333,1.5,2,1.99223,3.34356,1.98502,3.25107,-1.51376,3.25107,-1.51376,3.34356,1.98502,2.99274,1.99202,-0.0077672,2,-0.666667,0.0154147,0,0.113048,1
3.39045,-0.0159686,-0.128,1.5,2,2.00123,3.40211,1.98523,3.38171,-1.51471,3.25107,-1.51376,3.40211,1.98523,3.79039,1.9794,0.00123334,1,0.666667,0.0817971,0,0.110035,1
3.4899,-0.0261915,-0.0693333,1.5,2,2.01255,3.48894,1.98636,3.49061,-1.51364,3.49061,-1.51364,3.48894,1.98636,3.1342,1.98552,0.0125511,2,0.666667,0.113353,0,0.099845,1
3.58982,-0.0297901,-0.00266667,1.5,2,2.0169,3.59521,1.9871,3.58586,-1.51288,3.49061,-1.51364,3.59521,1.9871,3.98666,1.98308,0.0169017,1,0.666667,0.0393298,0,0.11062,1
3.68976,-0.0267245,0.064,1.5,2,2.01398,3.73662,1.98671,3.65518,-1.51235,3.65518,-1.51235,3.73662,1.98671,3.38195,1.99263,0.0139754,2,0.666667,-0.0256556,0,0.114063,1
3.78926,-0.0170083,0.130667,1.5,2,2.00386,3.84219,1.98615,3.74975,-1.51262,3.65518,-1.51235,3.84219,1.98615,3.48957,1.99155,0.00386214,1,-0.666667,-0.101904,0,0.0992424,1
3.88868,-0.0063962,0.0733333,1.5,2,1.99128,3.95118,1.9839,3.84133,-1.51437,3.84133,-1.51437,3.95118,1.9839,3.60004,1.99626,-0.00872147,2,-0.666667,-0.114746,0,0.109665,1
3.98858,-0.00239801,0.00666667,1.5,2,1.98553,4.04465,1.98234,3.94582,-1.51626,3.84133,-1.51437,4.04465,1.98234,3.69508,1.98961,-0.0144664,1,-0.666667,-0.0520828,0,0.110304,1
4.08853,-0.00506387,-0.06,1.5,2,1.98716,4.13839,1.98147,4.05057,-1.51743,4.05057,-1.51743,4.13839,1.98147,3.78839,1.98843,-0.0128433,2,-0.666667,0.0163217,0,0.0994477,1
4.18808,-0.0143819,-0.126667,1.5,2,1.99605,4.19705,1.98165,4.18131,-1.51832,4.05057,-1.51743,4.19705,1.98165,4.58423,1.97585,-0.00394964,1,0.666667,0.0779821,0,0.114047,1
4.28752,-0.024719,-0.0706667,1.5,2,2.00743,4.28924,1.98271,4.28624,-1.51728,4.28624,-1.51728,4.28924,1.98271,3.93549,1.98181,0.00743413,2,0.666667,0.103882,0,0.109584,1
4.38743,-0.0284507,-0.004,1.5,2,2.01196,4.39549,1.98349,4.38148,-1.51648,4.28624,-1.51728,4.39549,1.98349,4.7861,1.97956,0.0119562,1,0.666667,0.0454424,0,0.0995125,1
4.48737,-0.0255184,0.0626667,1.5,2,2.0092,4.5368,1.98307,4.4507,-1.51587,4.4507,-1.51587,4.5368,1.98307,4.18307,1.9889,0.00919819,2,-0.666667,-0.0249553,0,0.110519,1
4.58729,-0.0219365,0.00266667,1.5,2,2.00426,4.6519,1.98128,4.53907,-1.5169,4.4507,-1.51587,4.6519,1.98128,4.29923,1.98884,0.00426102,1,-0.666667,-0.04333,0,0.113943,1
4.68723,-0.0250021,-0.064,1.5,2,2.00619,4.74559,1.98034,4.64377,-1.51818,4.64377,-1.51818,4.74559,1.98034,4.39244,1.98762,0.00619364,2,0.666667,0.0193538,0,0.0998577,1
4.78712,-0.0290909,-0.008,1.5,2,2.01073,4.80322,1.98157,4.77521,-1.51832,4.64377,-1.51818,4.80322,1.98157,4.44833,1.9865,0.0107274,1,0.666667,0.0415512,0,0.109113,1
4.88707,-0.0265583,0.0586667,1.5,2,2.0084,4.90947,1.98172,4.87044,-1.51807,4.87044,-1.51807,4.90947,1.98172,4.5552,1.98661,0.00840044,2,0.666667,-0.0184273,0,0.126278,1
4.98663,-0.017373,0.125333,1.5,2,1.9988,5.01521,1.98122,4.96517,-1.51842,4.87044,-1.51807,5.01521,1.98122,4.66198,1.99135,-0.00120246,1,-0.666667,-0.105404,0,0.0911058,1
5.08603,-0.00657509,0.076,1.5,2,1.98652,5.14308,1.97913,5.04257,-1.51943,5.04257,-1.51943,5.14308,1.97913,4.79265,1.99121,-0.0134795,2,-0.666667,-0.109399,0,0.112223,1
5.18592,-0.00231051,0.00933333,1.5,2,1.9852,5.13276,1.98218,5.22649,-1.51657,5.04257,-1.51943,5.13276,1.98218,4.77924,1.99044,-0.0148013,1,-0.666667,-0.0121557,0,0.108738,1
5.28588,-0.00470984,-0.0573333,1.5,2,1.99352,5.12201,1.98206,5.4097,-1.50609,5.04257,-1.51943,5.12201,1.98206,4.76315,1.9857,-0.00648105,1,0.666667,0.0878024,0,0.0947607,1
5.38581,-0.00788474,0.00133333,1.5,2,2.00685,5.20824,1.9911,5.51792,-1.49518,5.51792,-1.49518,5.20824,1.9911,4.84884,1.9855,0.0068531,2,0.666667,0.121115,0,0.110095,1
5.48573,-0.00441941,0.068,1.5,2,2.014,5.27884,1.99893,5.63837,-1.48255,5.51792,-1.49518,5.27884,1.99893,4.91881,1.9863,0.0140045,1,0.666667,0.0640041,0,0.111733,1
5.5852,0.00569471,0.134667,1.5,2,2.01722,5.27952,1.99962,5.80988,-1.45996,5.51792,-1.49518,5.27952,1.99962,4.9116,1.99397,0.0172224,1,0.666667,0.0317071,0,0.101489,1
5.68377,0.0224127,0.201333,1.5,2,2.01697,5.31498,2.00538,5.95493,-1.43562,5.51792,-1.49518,5.31498,2.00538,4.94615,1.99155,0.0169673,1,0.666667,-0.00232026,0,0.109948,1
5.78101,0.0456603,0.268,1.5,2,2.01563,5.34973,2.01461,6.09862,-1.40433,5.51792,-1.49518,5.34973,2.01461,4.97701,2.00067,0.0156348,1,0.666667,-0.0120266,0,0.110798,1
5.87649,0.0753341,0.334667,1.5,2,2.01061,5.38413,2.02473,6.24121,-1.36871,5.51792,-1.49518,5.38413,2.02473,5.75944,2.18545,0.0106089,1,-0.666667,-0.0501905,0,0.100136,1
5.97173,0.105748,0.276,1.5,2,2.0051,5.49299,2.05286,6.32866,-1.34592,5.51792,-1.49518,5.49299,2.05286,5.13238,2.0076,0.00510144,1,-0.666667,-0.048269,0,0.1141,1
6.06878,0.129773,0.209333,1.5,2,2.00658,5.54966,2.06803,6.45515,-1.31281,5.51792,-1.49518,5.54966,2.06803,5.19394,2.00642,0.00657558,1,0.666667,0.0134488,0,0.109611,1
6.16605,0.152923,0.266667,1.5,2,2.01435,5.53427,2.06564,6.63201,-1.25776,5.51792,-1.49518,5.53427,2.06564,5.17282,1.9992,0.0143545,1,0.666667,0.0786809,0,0.0988662,1
6.26157,0.182469,0.333333,1.5,2,2.02213,5.53366,2.06904,6.79356,-1.19633,5.51792,-1.49518,5.53366,2.06904,5.16021,2.00832,0.0221324,1,0.666667,0.0706092,0,0.110155,1
6.3549,0.218313,0.4,1.5,2,2.02404,5.53429,2.06854,6.9533,-1.1309,5.51792,-1.49518,5.53429,2.06854,5.88275,2.27684,0.0240366,1,0.666667,0.0167921,0,0.113402,1
6.44564,0.260295,0.466667,1.5,2,2.0244,5.56654,2.08386,7.08643,-1.06891,5.51792,-1.49518,5.56654,2.08386,5.91158,2.29055,0.0244021,1,0.666667,0.00370715,0,0.0985921,1
6.53338,0.308229,0.533333,1.5,2,2.01932,5.69414,2.14489,7.14876,-1.03851,5.51792,-1.49518,5.69414,2.14489,5.33686,2.04544,0.0193248,1,0.666667,-0.0452369,0,0.112239,1
6.61774,0.361901,0.6,1.5,2,2.0075,5.75737,2.17569,7.25739,-0.986577,5.51792,-1.49518,5.75737,2.17569,5.41695,2.05299,0.00750375,1,-0.666667,-0.106444,0,0.111053,1
6.70167,0.416227,0.541333,1.5,2,1.99752,5.7634,2.17967,7.40741,-0.910184,5.51792,-1.49518,5.7634,2.17967,5.41522,2.06186,-0.0024761,1,-0.666667,-0.100978,0,0.0988316,1
6.78903,0.464861,0.474667,1.5,2,1.99795,5.78413,2.1917,7.54451,-0.833373,5.51792,-1.49518,5.78413,2.1917,5.43927,2.0623,-0.002051,1,-0.666667,0.00376052,0,0.113043,1
6.87943,0.507568,0.408,1.5,2,2.01,5.77365,2.18606,7.69914,-0.736695,5.51792,-1.49518,5.77365,2.18606,6.06904,2.47601,0.00999594,1,0.666667,0.114003,0,0.105672,1
6.96994,0.550036,0.472,1.5,2,2.02933,5.77589,2.19089,7.83528,-0.639106,5.51792,-1.49518,5.77589,2.19089,6.06594,2.48485,0.0293298,1,0.666667,0.182251,0,0.106083,1
7.05743,0.598437,0.538667,1.5,2,2.04323,5.8604,2.25431,7.91088,-0.582159,5.51792,-1.49518,5.8604,2.25431,5.52079,2.08946,0.0432274,1,0.666667,0.126345,0,0.109998,1
7.1415,0.652558,0.605333,1.5,2,2.05105,5.91623,2.29741,8.00708,-0.509432,5.51792,-1.49518,5.91623,2.29741,5.59455,2.1112,0.0510516,1,0.666667,0.0785368,0,0.0996245,1
7.22177,0.71216,0.672,1.5,2,2.05539,5.91431,2.29809,8.14071,-0.402495,5.51792,-1.49518,5.91431,2.29809,5.57499,2.11851,0.0553899,1,0.666667,0.0382487,0,0.113423,1
7.2979,0.776976,0.738667,1.5,2,2.05731,5.93947,2.32203,8.2505,-0.306494,5.51792,-1.49518,5.93947,2.32203,5.61057,2.1277,0.0573106,1,0.666667,0.0174977,0,0.109769,1
7.36953,0.84672,0.805333,1.5,2,2.05701,5.96293,2.34764,8.35627,-0.206176,5.51792,-1.49518,5.96293,2.34764,5.63031,2.15057,0.0570064,1,0.666667,-0.00305219,0,0.0996735,1
7.43637,0.921082,0.872,1.5,2,2.05299,5.98565,2.37373,8.45887,-0.102792,5.51792,-1.49518,5.98565,2.37373,6.22818,2.71487,0.0529897,1,0.666667,-0.0359974,0,0.111581,1
7.4981,0.99973,0.938667,1.5,2,2.04382,6.05842,2.45043,8.52384,-0.0338643,5.51792,-1.49518,6.05842,2.45043,5.76508,2.22308,0.0438197,1,0.666667,-0.0810107,0,0.113196,1
7.55445,1.08232,1.00533,1.5,2,2.02768,6.1057,2.50098,8.6064,0.0522127,5.51792,-1.49518,6.1057,2.50098,5.82256,2.26812,0.0276837,1,-0.666667,-0.16123,0,0.10008,1
7.61006,1.16541,0.948,1.5,2,2.01392,6.10601,2.5047,8.7199,0.177138,5.51792,-1.49518,6.10601,2.5047,5.81066,2.27604,0.0139227,1,-0.666667,-0.125234,0,0.109882,1
7.67106,1.24463,0.881333,1.5,2,2.00792,6.09972,2.49468,8.83871,0.315715,5.51792,-1.49518,6.09972,2.49468,6.29699,2.85366,0.0079186,1,-0.666667,-0.0538655,0,0.111465,1
7.73719,1.31961,0.814667,1.5,2,2.01592,6.11299,2.51372,8.9329,0.440532,5.51792,-1.49518,6.11299,2.51372,6.29785,2.88068,0.0159211,1,0.666667,0.0800925,0,0.0999159,1
7.80391,1.39408,0.873333,1.5,2,2.03016,6.10054,2.49865,9.03715,0.594366,5.51792,-1.49518,6.10054,2.49865,6.28329,2.86057,0.030159,1,0.666667,0.127989,0,0.111243,1
7.86553,1.47281,0.94,1.5,2,2.04029,6.1769,2.61791,9.07366,0.653548,5.51792,-1.49518,6.1769,2.61791,5.9274,2.34149,0.0402863,1,0.666667,0.0899114,0,0.112637,1
7.92178,1.55547,1.00667,1.5,2,2.04378,6.19468,2.64824,9.15237,0.776851,5.51792,-1.49518,6.19468,2.64824,5.94021,2.36908,0.0437751,1,0.666667,0.034813,0,0.100215,1
7.97239,1.64169,1.07333,1.5,2,2.04323,6.21193,2.6788,9.22755,0.902271,5.51792,-1.49518,6.21193,2.6788,5.97257,2.3895,0.0432346,1,0.666667,-0.00488778,0,0.110581,1
8.01715,1.7311,1.14,1.5,2,2.03946,6.22795,2.70996,9.29846,1.03009,5.51792,-1.49518,6.22795,2.70996,5.98497,2.41828,0.0394607,1,0.666667,-0.0336688,0,0.11209,1
8.05585,1.82329,1.20667,1.5,2,2.03402,6.24132,2.74239,9.36363,1.16087,5.51792,-1.49518,6.24132,2.74239,6.35651,3.14444,0.0340221,1,0.666667,-0.0508964,0,0.106856,1
8.08832,1.91785,1.27333,1.5,2,2.02482,6.23918,2.74282,9.43551,1.31681,5.51792,-1.49518,6.23918,2.74282,6.36568,3.12601,0.024823,1,-0.666667,-0.0808244,0,0.113816,1
8.11893,2.01303,1.228,1.5,2,2.014,6.30327,2.88455,9.4586,1.36999,5.51792,-1.49518,6.30327,2.88455,6.10283,2.57749,0.0139968,1,-0.666667,-0.105937,0,0.102194,1
8.15566,2.10602,1.16133,1.5,2,2.00985,6.31195,2.90618,9.52262,1.51277,5.51792,-1.49518,6.31195,2.90618,6.12312,2.59252,0.0098536,1,-0.666667,-0.0415981,0,0.0996017,1
8.1985,2.19636,1.09467,1.5,2,2.0169,6.30663,2.89545,9.58966,1.6823,5.51792,-1.49518,6.30663,2.89545,6.11967,2.57341,0.0169005,1,0.666667,0.063448,0,0.111066,1
8.24204,2.28637,1.15333,1.5,2,2.03166,6.29832,2.87762,9.64683,1.85905,5.51792,-1.49518,6.29832,2.87762,6.35438,3.28663,0.0316567,1,0.666667,0.127684,0,0.115568,1
8.27951,2.37906,1.22,1.5,2,2.0421,6.3079,2.91102,9.68707,1.99929,5.51792,-1.49518,6.3079,2.91102,6.36079,3.319,0.0421042,1,0.666667,0.107283,0,0.0973824,1
8.31072,2.47405,1.28667,1.5,2,2.05113,6.31443,2.9452,9.72085,2.14124,5.51792,-1.49518,6.31443,2.9452,6.34675,3.35997,0.0511277,1,0.666667,0.0815887,0,0.110597,1
8.33553,2.5709,1.35333,1.5,2,2.05432,6.33764,3.04907,9.7415,2.2344,5.51792,-1.49518,6.33764,3.04907,6.195,2.70032,0.054318,1,0.666667,0.0286571,0,0.111326,1
8.35383,2.66919,1.42,1.5,2,2.05053,6.36114,3.15275,9.76243,2.32737,5.51792,-1.49518,6.36114,3.15275,6.2405,2.80364,0.0505254,1,0.666667,-0.0384959,0,0.0985177,1
8.36555,2.76848,1.48667,1.5,2,2.04333,6.35855,3.15208,9.79632,2.49502,5.51792,-1.49518,6.35855,3.15208,6.22848,2.79909,0.043334,1,0.666667,-0.061215,0,0.117478,1
8.37063,2.86834,1.55333,1.5,2,2.03228,6.35813,3.1512,9.82406,2.66405,5.51792,-1.49518,6.35813,3.1512,6.35206,3.56341,0.0322795,1,-0.666667,-0.0974978,0,0.113382,1
8.37468,2.96824,1.49733,1.5,2,2.02397,6.36258,3.18715,9.84205,2.80859,5.51792,-1.49518,6.36258,3.18715,6.35748,3.59302,0.0239713,1,-0.666667,-0.0842791,0,0.0985793,1
8.38534,3.06765,1.43067,1.5,2,2.02674,6.36361,3.21005,9.85496,2.96414,5.51792,-1.49518,6.36361,3.21005,6.32249,3.62151,0.0267384,1,0.666667,0.024967,0,0.11083,1
8.39664,3.16699,1.49067,1.5,2,2.03428,6.36444,3.25896,9.86087,3.10072,5.51792,-1.49518,6.36444,3.25896,6.27332,2.89089,0.0342793,1,0.666667,0.0674218,0,0.111847,1
8.40132,3.26686,1.55733,1.5,2,2.03456,6.36914,3.36524,9.86504,3.196,5.51792,-1.49518,6.36914,3.36524,6.31738,3.00255,0.0345645,1,0.666667,0.00287735,0,0.0991012,1
8.39933,3.36682,1.624,1.5,2,2.0322,6.36713,3.36512,9.86713,3.36806,5.51792,-1.49518,6.36713,3.36512,6.30709,2.99609,0.0322022,1,0.666667,-0.0207384,0,0.113907,1
8.39069,3.46643,1.69067,1.5,2,2.02564,6.36613,3.40041,9.86427,3.51449,5.51792,-1.49518,6.36613,3.40041,6.30392,3.0279,0.0256426,1,0.666667,-0.0591675,0,0.110865,1
8.37543,3.56524,1.75733,1.5,2,2.0188,6.36082,3.4354,9.85357,3.66051,5.51792,-1.49518,6.36082,3.4354,6.26416,3.83617,0.0187976,1,-0.666667,-0.0693663,0,0.0986791,1
8.35954,3.66395,1.69733,1.5,2,2.01084,6.36065,3.44504,9.83985,3.82607,5.51792,-1.49518,6.36065,3.44504,6.2716,3.83745,0.0108376,1,-0.666667,-0.0702114,0,0.113373,1
8.35023,3.7635,1.63067,1.5,2,2.01347,6.34943,3.53801,9.82741,3.92998,5.51792,-1.49518,6.34943,3.53801,6.33603,3.16954,0.0134697,1,0.666667,0.0237967,0,0.11061,1
8.3417,3.86312,1.68933,1.5,2,2.01995,6.34548,3.55439,9.80436,4.08933,5.51792,-1.49518,6.34548,3.55439,6.34591,3.18403,0.0199528,1,0.666667,0.0647468,0,0.10013,1
8.32657,3.96195,1.756,1.5,2,2.02088,6.34025,3.58982,9.7804,4.23432,5.51792,-1.49518,6.34025,3.58982,6.33775,3.21395,0.0208778,1,0.666667,0.00760272,0,0.121675,1
8.3049,4.05955,1.82267,1.5,2,2.02042,6.33184,3.62463,9.74979,4.37805,5.51792,-1.49518,6.33184,3.62463,6.34579,3.25083,0.0204175,1,0.666667,-0.00428267,0,0.1075,1
8.27677,4.15549,1.88933,1.5,2,2.01762,6.32123,3.65883,9.71353,4.5204,5.51792,-1.49518,6.32123,3.65883,6.33631,3.28136,0.0176187,1,0.666667,-0.0297153,0,0.0941871,1
8.24231,4.24935,1.956,1.5,2,2.01112,6.31978,3.65899,9.66559,4.6864,5.51792,-1.49518,6.31978,3.65899,6.15599,4.02748,0.0111227,1,-0.666667,-0.0585122,0,0.111019,1
8.20712,4.34294,1.89733,1.5,2,2.00462,6.28714,3.76658,9.63936,4.77287,5.51792,-1.49518,6.28714,3.76658,6.3357,3.40134,0.0046196,1,-0.666667,-0.0652967,0,0.0995932,1
8.17822,4.43865,1.83067,1.5,2,2.00533,6.26985,3.82266,9.60063,4.89778,5.51792,-1.49518,6.26985,3.82266,6.34252,3.46713,0.0053277,1,0.666667,0.00624089,0,0.113462,1
8.15019,4.53462,1.888,1.5,2,2.01228,6.26137,3.84063,9.54663,5.0477,5.51792,-1.49518,6.26137,3.84063,6.34325,3.48404,0.0122814,1,0.666667,0.0632098,0,0.11001,1
8.11586,4.62852,1.95467,1.5,2,2.01807,6.25813,3.84019,9.48004,5.20741,5.51792,-1.49518,6.25813,3.84019,6.33441,3.47191,0.0180743,1,0.666667,0.0576651,0,0.100457,1
8.07534,4.71993,2.02133,1.5,2,2.01886,6.25793,3.84082,9.40868,5.36488,5.51792,-1.49518,6.25793,3.84082,6.03308,4.17982,0.0188642,1,0.666667,0.00704516,0,0.112117,1
8.02883,4.80843,2.088,1.5,2,2.01933,6.23984,3.87184,9.34061,5.49519,5.51792,-1.49518,6.23984,3.87184,6.01718,4.20746,0.0193279,1,0.666667,0.0041074,0,0.1129,1
7.97653,4.89364,2.15467,1.5,2,2.01453,6.18886,3.9649,9.29471,5.57848,5.51792,-1.49518,6.18886,3.9649,6.2951,3.60562,0.0145304,1,-0.666667,-0.0477672,0,0.100434,1
7.92356,4.97844,2.096,1.5,2,2.00662,6.15333,4.03355,9.24101,5.68165,5.51792,-1.49518,6.15333,4.03355,6.28629,3.69504,0.00661922,1,-0.666667,-0.0715819,0,0.11052,1
7.87634,5.06657,2.02933,1.5,2,2.00888,6.14139,4.05388,9.16414,5.81826,5.51792,-1.49518,6.14139,4.05388,6.2852,3.71852,0.00887871,1,0.666667,0.0202239,0,0.111724,1
7.82992,5.15512,2.08667,1.5,2,2.01818,6.1481,4.03954,9.06477,5.97422,5.51792,-1.49518,6.1481,4.03954,6.29665,3.6972,0.0181806,1,0.666667,0.0930098,0,0.10001,1
7.77773,5.2404,2.15333,1.5,2,2.02725,6.12478,4.06672,8.97855,6.09305,5.51792,-1.49518,6.12478,4.06672,6.27585,3.71864,0.0272493,1,0.666667,0.0818894,0,0.110744,1
7.71997,5.32201,2.22,1.5,2,2.03264,6.12253,4.06511,8.87316,6.22937,5.51792,-1.49518,6.12253,4.06511,5.82956,4.35062,0.0326433,1,0.666667,0.0473986,0,0.1138,1
7.65691,5.3996,2.28667,1.5,2,2.03284,6.05536,4.1476,8.81279,6.30319,5.51792,-1.49518,6.05536,4.1476,6.233,3.81729,0.0328422,1,0.666667,0.00198838,0,0.100002,1
7.58881,5.47281,2.35333,1.5,2,2.02677,6.01007,4.20184,8.73638,6.39666,5.51792,-1.49518,6.01007,4.20184,6.19816,3.88226,0.0267668,1,0.666667,-0.0550362,0,0.110389,1
7.51599,5.54132,2.42,1.5,2,2.01625,5.98639,4.22771,8.64163,6.508,5.51792,-1.49518,5.98639,4.22771,6.17613,3.9069,0.0162501,1,-0.666667,-0.0951646,0,0.11051,1
7.44265,5.60926,2.36133,1.5,2,2.00778,5.9813,4.23244,8.52875,6.63254,5.51792,-1.49518,5.9813,4.23244,5.65957,4.4823,0.00777793,1,-0.666667,-0.0790599,0,0.107162,1
7.37397,5.68192,2.29467,1.5,2,2.01023,5.96434,4.24875,8.41863,6.74404,5.51792,-1.49518,5.96434,4.24875,6.17247,3.93539,0.0102315,1,0.666667,0.0216325,0,0.11342,1
7.30656,5.75577,2.34267,1.5,2,2.02075,5.96032,4.24876,8.29205,6.85894,5.51792,-1.49518,5.96032,4.24876,5.60557,4.46349,0.0207527,1,0.666667,0.101188,0,0.103976,1
7.23448,5.82505,2.40933,1.5,2,2.02701,5.90583,4.29421,8.19998,6.93748,5.51792,-1.49518,5.90583,4.29421,6.13338,3.98928,0.027014,1,0.666667,0.0626772,0,0.0998984,1
7.15794,5.88938,2.476,1.5,2,2.02615,5.82504,4.36338,8.12751,6.99941,5.51792,-1.49518,5.82504,4.36338,6.07399,4.09502,0.0261519,1,0.666667,-0.0076157,0,0.113203,1
7.07729,5.94847,2.54267,1.5,2,2.02293,5.79556,4.3834,8.01315,7.09122,5.51792,-1.49518,5.79556,4.3834,6.04684,4.11345,0.022933,1,0.666667,-0.0287243,0,0.112062,1
6.99287,6.00205,2.60933,1.5,2,2.01553,5.7941,4.38178,7.8758,7.19541,5.51792,-1.49518,5.7941,4.38178,6.04439,4.09939,0.0155258,1,-0.666667,-0.0741102,0,0.0999482,1
6.90805,6.05497,2.55067,1.5,2,2.01001,5.78821,4.38581,7.73817,7.2923,5.51792,-1.49518,5.78821,4.38581,5.42736,4.56691,0.0100112,1,-0.666667,-0.0496337,0,0.111106,1
6.82692,6.11341,2.484,1.5,2,2.01658,5.76794,4.39727,7.60592,7.37583,5.51792,-1.49518,5.76794,4.39727,5.40274,4.56882,0.0165794,1,0.666667,0.0582355,0,0.112787,1
6.74633,6.17258,2.54133,1.5,2,2.02704,5.69045,4.44226,7.51359,7.42992,5.51792,-1.49518,5.69045,4.44226,5.97621,4.20671,0.0270441,1,0.666667,0.105654,0,0.0990464,1
6.66199,6.22627,2.608,1.5,2,2.03162,5.65933,4.45932,7.38668,7.50337,5.51792,-1.49518,5.65933,4.45932,5.94812,4.21847,0.0316155,1,0.666667,0.0409882,0,0.111531,1
6.57426,6.27423,2.67467,1.5,2,2.03224,5.62792,4.47578,7.25774,7.57315,5.51792,-1.49518,5.62792,4.47578,5.92625,4.25023,0.0322382,1,0.666667,0.00553286,0,0.112555,1
6.48353,6.31624,2.74133,1.5,2,2.02912,5.59614,4.49144,7.12678,7.63901,5.51792,-1.49518,5.59614,4.49144,5.20476,4.61514,0.0291185,1,0.666667,-0.0312486,0,0.0998351,1
6.3902,6.3521,2.808,1.5,2,2.02483,5.56296,4.50397,6.99288,7.69855,5.51792,-1.49518,5.56296,4.50397,5.17948,4.63029,0.0248291,1,0.666667,-0.0376149,0,0.114034,1
6.29469,6.38168,2.87467,1.5,2,2.01692,5.52956,4.51552,6.85731,7.75389,6.85731,7.75389,5.52956,4.51552,5.15385,4.6445,0.0169239,2,-0.666667,-0.0714713,0,0.110607,1
6.19892,6.41039,2.81733,1.5,2,2.00776,5.42803,4.55652,6.77188,7.78825,6.85731,7.75389,5.42803,4.55652,5.04845,4.6774,0.00384381,2,-0.666667,-0.1311,0,0.0997717,1
6.10527,6.44538,2.75067,1.5,2,2.00717,5.40567,4.56408,6.62559,7.8446,6.85731,7.75389,5.40567,4.56408,5.02723,4.67918,0.00717187,1,0.666667,0.0299611,0,0.111079,1
6.01188,6.4811,2.80933,1.5,2,2.01077,5.38928,4.56915,6.473,7.89714,6.473,7.89714,5.38928,4.56915,5.01084,4.67794,0.0107715,2,0.666667,0.0321042,0,0.112124,1
5.91634,6.51055,2.876,1.5,2,2.01195,5.35443,4.57866,6.33193,7.93939,6.473,7.89714,5.35443,4.57866,4.98012,4.69024,0.00583559,2,-0.666667,-0.0484782,0,0.101818,1
5.82049,6.53901,2.82,1.5,2,2.0124,5.21783,4.61897,6.26599,7.95833,6.473,7.89714,5.21783,4.61897,4.8434,4.73388,0.0124032,1,0.666667,0.0594625,0,0.110451,1
5.72489,6.5683,2.87733,1.5,2,2.0146,5.16483,4.63311,6.13784,7.99514,6.13784,7.99514,5.16483,4.63311,4.7902,4.74498,0.0146,2,0.666667,0.0196937,0,0.111548,1
5.62757,6.59118,2.944,1.5,2,2.01009,5.0291,4.67225,6.07116,8.01352,6.13784,7.99514,5.0291,4.67225,5.36757,4.56759,0.00618323,2,-0.666667,-0.0848109,0,0.0992421,1
5.53006,6.61331,2.88533,1.5,2,2.00327,4.92158,4.70468,5.98469,8.03932,6.13784,7.99514,4.92158,4.70468,5.25848,4.60004,0.00327229,1,-0.666667,-0.025342,0,0.114866,1
5.43424,6.64186,2.81867,1.5,2,2.00358,4.83167,4.73104,5.88429,8.069,5.88429,8.069,4.83167,4.73104,5.16886,4.6267,0.00358129,2,0.666667,0.00274848,0,0.112422,1
5.33876,6.67151,2.87333,1.5,2,2.00616,4.77333,4.74667,5.75979,8.10478,5.88429,8.069,4.77333,4.74667,5.11302,4.64956,0.00616479,1,0.666667,0.0266557,0,0.0969212,1
5.24152,6.69478,2.94,1.5,2,2.00219,4.67118,4.77555,5.66819,8.13054,5.66819,8.13054,4.67118,4.77555,5.00942,4.67347,0.00218725,2,-0.666667,-0.0349912,0,0.113673,1
5.14405,6.71706,2.884,1.5,2,1.99561,4.53536,4.81655,5.60292,8.14976,5.66819,8.13054,4.53536,4.81655,4.87093,4.71256,-0.00439417,1,-0.666667,-0.054034,0,0.121802,1
5.04827,6.74573,2.81733,1.5,2,1.99609,4.47872,4.83263,5.47739,8.18713,5.47739,8.18713,4.47872,4.83263,4.10774,4.94505,-0.00391126,2,-0.666667,0.00497998,0,0.0969716,1
4.95462,6.78073,2.75067,1.5,2,2.00344,4.38901,4.85879,5.37712,8.21642,5.47739,8.18713,4.38901,4.85879,4.01693,4.97165,-0.000413453,2,0.666667,0.0314062,0,0.111373,1
4.86158,6.81735,2.79867,1.5,2,2.01421,4.28451,4.88757,5.28725,8.24085,5.47739,8.18713,4.28451,4.88757,4.62534,4.79055,0.0142126,1,0.666667,0.133016,0,0.109957,1
4.76635,6.84781,2.86533,1.5,2,2.01829,4.21584,4.90605,5.1705,8.27334,5.1705,8.27334,4.21584,4.90605,3.84026,5.01674,0.0182872,2,0.666667,0.0428136,0,0.09517,1
4.6693,6.87186,2.932,1.5,2,2.01505,4.07986,4.94495,5.10368,8.29186,5.1705,8.27334,4.07986,4.94495,4.41979,4.84237,0.0115967,2,-0.666667,-0.060265,0,0.111018,1
4.57207,6.89516,2.87333,1.5,2,2.00953,3.97214,4.97727,5.01705,8.31765,5.1705,8.27334,3.97214,4.97727,4.31055,4.87332,0.00953031,1,0.666667,-0.020752,0,0.0995758,1
4.47493,6.91881,2.936,1.5,2,2.00571,3.89589,4.9985,4.90632,8.34947,4.90632,8.34947,3.89589,4.9985,4.23451,4.89653,0.00571489,2,-0.666667,-0.0334353,0,0.114113,1
4.37758,6.9416,2.87867,1.5,2,1.99974,3.79075,5.0299,4.81784,8.37581,4.90632,8.34947,3.79075,5.0299,3.42114,5.14768,-0.000264049,1,-0.666667,-0.0543516,0,0.110005,1
4.28195,6.97079,2.812,1.5,2,2.00071,3.70086,5.05632,4.71741,8.40545,4.71741,8.40545,3.70086,5.05632,4.03836,4.95323,0.000706911,2,0.666667,0.00973666,0,0.099722,1
4.18652,7.0006,2.872,1.5,2,2.00379,3.6192,5.07879,4.61013,8.43559,4.71741,8.40545,3.6192,5.07879,3.95844,4.98209,0.00378966,1,0.666667,0.0272916,0,0.112956,1
4.08932,7.024,2.93867,1.5,2,1.99997,3.51704,5.10765,4.51853,8.46131,4.51853,8.46131,3.51704,5.10765,3.85486,5.00599,-2.64645e-05,2,-0.666667,-0.034133,0,0.111802,1
3.99193,7.04665,2.88,1.5,2,1.99385,3.40937,5.1398,4.43199,8.48707,4.51853,8.46131,3.40937,5.1398,3.04087,5.25709,-0.00614834,1,-0.666667,-0.0613388,0,0.0998043,1
3.89627,7.07571,2.81333,1.5,2,1.99473,3.31946,5.16619,4.33154,8.51667,4.33154,8.51667,3.31946,5.16619,3.65604,5.0635,-0.00526679,2,-0.666667,0.00774117,0,0.113879,1
3.80275,7.11108,2.74667,1.5,2,2.00269,3.22968,5.19213,4.23121,8.54577,4.33154,8.51667,3.22968,5.19213,3.56792,5.09007,0.00269437,1,0.666667,0.0717743,0,0.110919,1
3.70951,7.14717,2.80533,1.5,2,2.01303,3.14565,5.21472,4.12602,8.57461,4.12602,8.57461,3.14565,5.21472,3.48667,5.11775,0.0130339,2,0.666667,0.103154,0,0.100233,1
3.61408,7.177,2.872,1.5,2,2.01648,3.04317,5.24302,4.0341,8.59982,4.12602,8.57461,3.04317,5.24302,3.38453,5.14548,0.0164824,1,0.666667,0.0304132,0,0.113388,1
3.51688,7.2004,2.93867,1.5,2,2.01261,2.94099,5.27194,3.94248,8.6256,3.94248,8.6256,2.94099,5.27194,3.28092,5.1694,0.0126145,2,-0.666667,-0.0345834,0,0.111842,1
3.41947,7.22293,2.88133,1.5,2,2.00633,2.83582,5.30337,3.85398,8.652,3.94248,8.6256,2.83582,5.30337,2.46523,5.4216,0.00632739,1,-0.666667,-0.0638285,0,0.0984999,1
3.32376,7.25186,2.81467,1.5,2,2.00702,2.74596,5.32981,3.75358,8.68164,3.75358,8.68164,2.74596,5.32981,3.08467,5.22621,0.00701809,2,0.666667,0.00603815,0,0.114389,1
3.22836,7.28177,2.87067,1.5,2,2.01009,2.65669,5.35469,3.65209,8.71016,3.75358,8.68164,2.65669,5.35469,2.99691,5.25765,0.0100923,1,0.666667,0.0265132,0,0.115949,1
3.13119,7.30531,2.93733,1.5,2,2.00637,2.55452,5.38359,3.56048,8.73591,3.56048,8.73591,2.55452,5.38359,2.89333,5.28158,0.00637007,2,-0.666667,-0.0376577,0,0.0988428,1
3.0337,7.32749,2.88533,1.5,2,1.99981,2.42626,5.42216,3.48937,8.7568,3.56048,8.73591,2.42626,5.42216,2.76262,5.31804,-0.000185132,1,-0.666667,-0.0611798,0,0.107147,1
2.93788,7.35604,2.81867,1.5,2,2.00023,2.3697,5.4382,3.3639,8.79403,3.3639,8.79403,2.3697,5.4382,1.998,5.55074,0.000234365,2,0.666667,0.00373975,0,0.112172,1
2.84228,7.38533,2.87733,1.5,2,2.00254,2.28557,5.46173,3.25858,8.82376,3.3639,8.79403,2.28557,5.46173,2.6249,5.36499,-0.0021635,2,-0.666667,-0.0240024,0,0.0999012,1
2.74647,7.41391,2.81867,1.5,2,2.00328,2.14399,5.50337,3.19661,8.84134,3.3639,8.79403,2.14399,5.50337,2.48115,5.39926,0.00327945,1,0.666667,0.0477198,0,0.114061,1
2.65095,7.44344,2.87467,1.5,2,2.00578,2.0882,5.51822,3.07017,8.87764,3.07017,8.87764,2.0882,5.51822,2.42792,5.42126,0.0057826,2,0.666667,0.0226097,0,0.110711,1
2.55368,7.46658,2.94133,1.5,2,2.00171,1.95262,5.55724,3.00358,8.89573,3.07017,8.87764,1.95262,5.55724,2.28975,5.45484,0.00171494,1,-0.666667,-0.0406727,0,0.100009,1
2.45624,7.48897,2.88267,1.5,2,1.9953,1.87835,5.57919,2.89204,8.92918,2.89204,8.92918,1.87835,5.57919,1.5098,5.69659,-0.00469935,2,-0.666667,-0.0572571,0,0.112026,1
2.3605,7.51778,2.816,1.5,2,1.99591,1.78845,5.6056,2.79159,8.95876,2.89204,8.92918,1.78845,5.6056,2.12538,5.50271,-0.00817459,2,-0.666667,-0.0309583,0,0.112256,1
2.26689,7.5529,2.74933,1.5,2,2.00351,1.6987,5.63165,2.69129,8.98795,2.89204,8.92918,1.6987,5.63165,1.3264,5.74431,0.00350785,1,0.666667,0.116142,0,0.100588,1
2.1736,7.58886,2.80667,1.5,2,2.01367,1.61214,5.65505,2.58802,9.01624,2.58802,9.01624,1.61214,5.65505,1.95333,5.55798,0.0136714,2,0.666667,0.0913787,0,0.111224,1
2.07813,7.61856,2.87333,1.5,2,2.01695,1.50966,5.68338,2.49612,9.04149,2.58802,9.01624,1.50966,5.68338,1.85118,5.58573,0.0169494,1,0.666667,0.0288331,0,0.113689,1
1.98089,7.64183,2.94,1.5,2,2.01296,1.40748,5.71227,2.40449,9.06726,2.40449,9.06726,1.40748,5.71227,1.74754,5.60963,0.0129645,2,-0.666667,-0.0404257,0,0.0985742,1
1.88348,7.66435,2.88133,1.5,2,2.00662,1.29975,5.74451,2.3179,9.09314,2.40449,9.06726,1.29975,5.74451,0.929116,5.86278,0.00662327,1,-0.666667,-0.0561827,0,0.112868,1
1.78778,7.69328,2.81467,1.5,2,2.00731,1.20989,5.77095,2.21751,9.12278,2.21751,9.12278,1.20989,5.77095,1.54865,5.66732,0.00731063,2,0.666667,0.00606702,0,0.113295,1
1.69234,7.72308,2.872,1.5,2,2.01024,1.12319,5.79508,2.11412,9.15188,2.21751,9.12278,1.12319,5.79508,1.46351,5.69798,0.0102448,1,0.666667,0.0292848,0,0.100196,1
1.59513,7.74648,2.93867,1.5,2,2.00641,1.02102,5.82396,2.02251,9.17762,2.02251,9.17762,1.02102,5.82396,1.35991,5.72188,0.00640869,2,-0.666667,-0.0343264,0,0.111755,1
1.49772,7.76901,2.88133,1.5,2,2.00016,0.915872,5.85535,1.93403,9.20398,2.02251,9.17762,0.915872,5.85535,0.546352,5.97309,0.000159025,1,-0.666667,-0.0558325,0,0.111936,1
1.40202,7.79794,2.81467,1.5,2,2.00089,0.825983,5.88176,1.8336,9.23359,1.8336,9.23359,0.825983,5.88176,1.16367,5.77862,0.000887394,2,0.666667,0.00706139,0,0.103148,1
1.30669,7.82808,2.868,1.5,2,2.00422,0.765156,5.89841,1.71084,9.26823,1.8336,9.23359,0.765156,5.89841,0.392155,6.00783,0.00422263,1,0.666667,0.0285437,0,0.116847,1
1.20958,7.85188,2.93467,1.5,2,2.00082,0.629398,5.93702,1.64429,9.28664,1.64429,9.28664,0.629398,5.93702,0.96714,5.83555,0.000823021,2,-0.666667,-0.0319405,0,0.106436,1
1.11223,7.87467,2.87867,1.5,2,1.99493,0.526811,5.96757,1.55389,9.31348,1.64429,9.28664,0.526811,5.96757,0.863124,5.86466,-0.0050658,1,-0.666667,-0.0597895,0,0.0984926,1
1.0166,7.90386,2.812,1.5,2,1.99596,0.436892,5.99394,1.45344,9.34307,1.45344,9.34307,0.436892,5.99394,0.773607,5.89128,-0.00404382,2,-0.666667,0.00907978,0,0.112556,1
0.923133,7.93935,2.74533,1.5,2,2.00411,0.347093,6.01982,1.3531,9.37213,1.45344,9.34307,0.347093,6.01982,0.685507,5.91781,0.00410533,1,0.666667,0.0813304,0,0.100198,1
0.829804,7.97522,2.808,1.5,2,2.01424,0.270765,6.04011,1.24217,9.4026,1.24217,9.4026,0.270765,6.04011,0.612137,5.94303,0.0142424,2,0.666667,0.0890312,0,0.11386,1
0.734296,8.00479,2.87467,1.5,2,2.01738,0.168291,6.06844,1.15027,9.42786,1.24217,9.4026,0.168291,6.06844,0.509958,5.97078,0.0173793,1,0.666667,0.0282004,0,0.111235,1
0.63703,8.02793,2.94133,1.5,2,2.01326,0.032495,6.10758,1.08346,9.44606,1.08346,9.44606,0.032495,6.10758,0.371559,6.00443,0.0132644,2,-0.666667,-0.0413091,0,0.0996116,1
0.539587,8.05032,2.88267,1.5,2,2.00682,-0.0750747,6.13995,0.996926,9.47173,1.08346,9.44606,-0.0750747,6.13995,0.262315,6.03548,0.00682282,1,-0.666667,-0.0565493,0,0.113911,1
0.443845,8.07913,2.816,1.5,2,2.00739,-0.131499,6.15595,0.871644,9.50911,0.871644,9.50911,-0.131499,6.15595,0.207355,6.05233,0.00739479,2,0.666667,0.00514325,0,0.111207,1
0.348365,8.10879,2.87333,1.5,2,2.01016,-0.218188,6.18012,0.768267,9.53823,0.871644,9.50911,-0.218188,6.18012,0.122204,6.08304,0.010165,1,0.666667,0.02765,0,0.100187,1
0.25113,8.13207,2.94,1.5,2,2.00623,-0.320368,6.20896,0.676648,9.56395,0.676648,9.56395,-0.320368,6.20896,0.0185809,6.1069,0.00623131,2,-0.666667,-0.0353584,0,0.111251,1
0.153717,8.15458,2.88133,1.5,2,1.99996,-0.428075,6.24112,0.59008,9.58975,0.676648,9.56395,-0.428075,6.24112,-0.797599,6.35877,-3.88622e-05,1,-0.666667,-0.0544196,0,0.115219,1
0.0580135,8.18352,2.81467,1.5,2,2.00071,-0.517969,6.26752,0.489645,9.61934,0.489645,9.61934,-0.517969,6.26752,-0.180302,6.16446,0.000705957,2,0.666667,0.00746066,0,0.0998329,1
-0.0373534,8.21355,2.86933,1.5,2,2.00398,-0.576245,6.28339,0.364944,9.65447,0.489645,9.61934,-0.576245,6.28339,-0.949137,6.39272,0.00397563,1,0.666667,0.0289106,0,0.113096,1
-0.134495,8.23721,2.936,1.5,2,2.00045,-0.712011,6.32194,0.298417,9.67291,0.298417,9.67291,-0.712011,6.32194,-0.374249,6.22051,0.000446796,2,-0.666667,-0.0320106,0,0.11024,1
-0.231846,8.26,2.87867,1.5,2,1.99455,-0.817149,6.35326,0.209932,9.69917,0.298417,9.67291,-0.817149,6.35326,-0.48089,6.25046,-0.00545311,1,-0.666667,-0.0589694,0,0.10005,1
-0.327472,8.28918,2.812,1.5,2,1.99559,-0.907075,6.37962,0.109473,9.72874,0.109473,9.72874,-0.907075,6.37962,-0.570411,6.27706,-0.0044111,2,-0.666667,0.00924499,0,0.112711,1
-0.420941,8.32468,2.74533,1.5,2,2.00377,-0.996884,6.40547,0.00912141,9.75777,0.109473,9.72874,-0.996884,6.40547,-0.658516,6.30356,0.00376749,1,0.666667,0.0722867,0,0.113141,1
-0.514042,8.36113,2.80133,1.5,2,2.01453,-1.08605,6.42951,-0.092257,9.78546,-0.092257,9.78546,-1.08605,6.42951,-0.744992,6.33272,0.0145347,2,0.666667,0.10774,0,0.0999374,1
-0.609351,8.39134,2.868,1.5,2,2.01845,-1.15473,6.44796,-0.209045,9.81778,-0.092257,9.78546,-1.15473,6.44796,-1.53029,6.55833,0.0184529,1,0.666667,0.0345956,0,0.113256,1
-0.706461,8.41513,2.93467,1.5,2,2.015,-1.29075,6.4867,-0.275856,9.83632,-0.275856,9.83632,-1.29075,6.4867,-0.950637,6.38434,0.0150018,2,0.666667,-0.0311978,0,0.11062,1
-0.80494,8.4324,3.00133,1.5,2,2.00438,-1.39218,6.51597,-0.366753,9.86239,-0.275856,9.83632,-1.39218,6.51597,-1.05398,6.41471,0.00437903,1,-0.666667,-0.106641,0,0.0996122,1
-0.903571,8.44878,2.944,1.5,2,1.99146,-1.49649,6.54763,-0.454432,9.8889,-0.454432,9.8889,-1.49649,6.54763,-1.8645,6.66574,-0.00853825,2,-0.666667,-0.115569,0,0.111771,1
-1.0009,8.47166,2.87733,1.5,2,1.98514,-1.58597,6.5747,-0.55443,9.91924,-0.454432,9.8889,-1.58597,6.5747,-1.25136,6.47253,-0.0189471,2,-0.666667,-0.0911201,0,0.114232,1
-1.09649,8.50098,2.81067,1.5,2,1.98634,-1.67594,6.60104,-0.654923,9.9488,-0.454432,9.8889,-1.67594,6.60104,-1.3409,6.49909,-0.0136607,1,0.666667,0.0533833,0,0.0990278,1
-1.19181,8.53115,2.868,1.5,2,1.98993,-1.72947,6.61524,-0.783791,9.98506,-0.783791,9.98506,-1.72947,6.61524,-2.09995,6.72362,-0.0100719,2,0.666667,0.0313208,0,0.114582,1
-1.28891,8.55495,2.93467,1.5,2,1.98662,-1.86497,6.65368,-0.850079,10.0033,-0.783791,9.98506,-1.86497,6.65368,-1.5296,6.55321,-0.0166996,2,-0.666667,-0.0597512,0,0.110921,1
-1.38626,8.57774,2.87867,1.5,2,1.9808,-1.96753,6.68415,-0.940452,10.0301,-0.783791,9.98506,-1.96753,6.68415,-1.63357,6.58224,-0.0191994,1,-0.666667,-0.0252104,0,0.0991575,1
-1.48189,8.60693,2.812,1.5,2,1.98189,-2.05751,6.71047,-1.04097,10.0596,-1.04097,10.0596,-2.05751,6.71047,-1.72314,6.60879,-0.0181094,2,-0.666667,0.00974017,0,0.111901,1
-1.57536,8.64243,2.74533,1.5,2,1.99014,-2.14738,6.73627,-1.14138,10.0886,-1.04097,10.0596,-2.14738,6.73627,-1.8113,6.63525,-0.00986433,1,0.666667,0.0726199,0,0.113538,1
-1.66846,8.67888,2.80133,1.5,2,2.00095,-2.23661,6.76028,-1.24282,10.1162,-1.24282,10.1162,-2.23661,6.76028,-1.89783,6.66432,0.000948668,2,0.666667,0.108603,0,0.0995642,1
-1.76377,8.70908,2.868,1.5,2,2.00491,-2.30549,6.77874,-1.3598,10.1486,-1.24282,10.1162,-2.30549,6.77874,-2.67862,6.8882,0.00491118,1,0.666667,0.0336788,0,0.117656,1
-1.86088,8.73287,2.93467,1.5,2,2.00152,-2.44126,6.81735,-1.42636,10.167,-1.42636,10.167,-2.44126,6.81735,-2.1034,6.71585,0.00151753,2,-0.666667,-0.030054,0,0.112919,1
-1.95836,8.75509,2.88533,1.5,2,1.9951,-2.56437,6.85426,-1.50126,10.1889,-1.42636,10.167,-2.56437,6.85426,-2.22878,6.75052,-0.00490487,1,-0.666667,-0.0689891,0,0.093093,1
-2.05418,8.78364,2.81867,1.5,2,1.99553,-2.62103,6.87031,-1.62683,10.2261,-1.62683,10.2261,-2.62103,6.87031,-2.99193,6.98243,-0.00446522,2,-0.666667,0.00389182,0,0.112966,1
-2.14789,8.81851,2.752,1.5,2,2.00282,-2.71075,6.89641,-1.72712,10.2554,-1.62683,10.2261,-2.71075,6.89641,-3.08275,7.00896,-0.000966193,2,0.666667,0.0309,0,0.113237,1
-2.24127,8.85422,2.80933,1.5,2,2.01272,-2.79731,6.91984,-1.83039,10.2836,-1.62683,10.2261,-2.79731,6.91984,-2.45612,6.82283,0.0127172,1,0.666667,0.1377,0,0.0993714,1
-2.33682,8.88367,2.876,1.5,2,2.01571,-2.89978,6.94817,-1.92228,10.3089,-1.92228,10.3089,-2.89978,6.94817,-2.55831,6.85058,0.0157084,2,0.666667,0.0258475,0,0.115725,1
-2.43412,8.90668,2.94267,1.5,2,2.01145,-3.03555,6.98725,-1.98904,10.3271,-1.92228,10.3089,-3.03555,6.98725,-2.69671,6.88419,0.0114527,1,-0.666667,-0.0384104,0,0.110797,1
-2.53162,8.92882,2.88533,1.5,2,2.00474,-3.14055,7.01879,-2.07744,10.3534,-2.07744,10.3534,-3.14055,7.01879,-2.80336,6.91438,0.00474262,2,-0.666667,-0.066575,0,0.100789,1
-2.62744,8.95737,2.81867,1.5,2,2.00516,-3.19701,7.03481,-2.20282,10.3906,-2.07744,10.3534,-3.19701,7.03481,-3.56961,7.14767,0.00515532,1,0.666667,0.00368115,0,0.112112,1
-2.72299,8.98678,2.876,1.5,2,2.00756,-3.28368,7.0591,-2.30618,10.4198,-2.30618,10.4198,-3.28368,7.0591,-2.94357,6.96213,0.00756264,2,0.666667,0.0243575,0,0.0988326,1
-2.82029,9.0098,2.94267,1.5,2,2.00337,-3.41931,7.09808,-2.37279,10.438,-2.30618,10.4198,-3.41931,7.09808,-3.0818,6.99565,0.00336933,1,-0.666667,-0.0367547,0,0.114089,1
-2.91779,9.03193,2.88533,1.5,2,1.99672,-3.52429,7.12955,-2.46118,10.4642,-2.46118,10.4642,-3.52429,7.12955,-3.18842,7.02576,-0.00327647,2,-0.666667,-0.0582996,0,0.113994,1
-3.01361,9.06048,2.81867,1.5,2,1.99717,-3.58092,7.14558,-2.58672,10.5014,-2.46118,10.4642,-3.58092,7.14558,-3.95214,7.25776,-0.00282919,1,-0.666667,0.00445645,0,0.100365,1
-3.10731,9.09535,2.752,1.5,2,2.00445,-3.67064,7.17169,-2.68701,10.5306,-2.68701,10.5306,-3.67064,7.17169,-4.04296,7.28429,0.00445366,2,0.666667,0.0646838,0,0.112592,1
-3.20066,9.13118,2.808,1.5,2,2.01448,-3.75976,7.19584,-2.78836,10.5583,-2.68701,10.5306,-3.75976,7.19584,-3.41834,7.09883,0.00927123,2,0.666667,0.0431425,0,0.111667,1
-3.29617,9.16075,2.87467,1.5,2,2.01764,-3.86224,7.22415,-2.88027,10.5836,-2.68701,10.5306,-3.86224,7.22415,-3.52052,7.12656,0.0176396,1,0.666667,0.0836894,0,0.0999937,1
-3.39343,9.1839,2.94133,1.5,2,2.01354,-3.99805,7.26327,-2.94708,10.6018,-2.94708,10.6018,-3.99805,7.26327,-3.65893,7.16019,0.0135448,2,-0.666667,-0.0363318,0,0.112707,1
-3.4909,9.20616,2.884,1.5,2,2.00699,-4.10307,7.29481,-3.03551,10.628,-2.94708,10.6018,-4.10307,7.29481,-3.76557,7.19036,0.0069921,1,-0.666667,-0.0463457,0,0.141387,1
-3.58668,9.23484,2.81733,1.5,2,2.00749,-4.15949,7.3108,-3.16082,10.6653,-3.16082,10.6653,-4.15949,7.3108,-3.82053,7.2072,0.00749278,2,0.666667,0.00576606,0,0.086832,1
-3.68192,9.26529,2.864,1.5,2,2.01098,-4.23302,7.3313,-3.27386,10.6973,-3.16082,10.6653,-4.23302,7.3313,-3.89246,7.22973,0.010977,1,0.666667,0.0355681,0,0.0979599,1
-3.77893,9.28947,2.93067,1.5,2,2.00818,-4.33534,7.3599,-3.3656,10.7229,-3.3656,10.7229,-4.33534,7.3599,-3.99543,7.25873,0.00818324,2,-0.666667,-0.0248261,0,0.112534,1
-3.87616,9.31277,2.87333,1.5,2,2.00592,-4.37401,7.36961,-3.50535,10.7601,-3.3656,10.7229,-4.37401,7.36961,-4.03284,7.26264,0.00592184,1,-0.666667,-0.0227122,0,0.0995676,1
-3.97163,9.34247,2.80667,1.5,2,2.01421,-4.36252,7.36655,-3.68329,10.8,-3.3656,10.7229,-4.36252,7.36655,-4.01484,7.26246,0.0142124,1,0.666667,0.0739211,0,0.112154,1
-4.06687,9.37291,2.86533,1.5,2,2.02771,-4.44782,7.3813,-3.79026,10.819,-3.79026,10.819,-4.44782,7.3813,-4.09705,7.28597,0.0277126,2,0.666667,0.117153,0,0.115236,1
-4.16391,9.39696,2.932,1.5,2,2.03495,-4.51759,7.39298,-3.90928,10.8397,-3.79026,10.819,-4.51759,7.39298,-4.16424,7.30414,0.0349455,1,0.666667,0.0729791,0,0.0991093,1
-4.26234,9.41449,2.99867,1.5,2,2.03637,-4.55241,7.39889,-4.05386,10.8632,-3.79026,10.819,-4.55241,7.39889,-4.19563,7.3042,0.0363667,1,0.666667,0.0125128,0,0.113581,1
-4.36173,9.42543,3.06533,1.5,2,2.03717,-4.58773,7.40083,-4.19944,10.8792,-3.79026,10.819,-4.58773,7.40083,-4.22787,7.31574,0.0371678,1,0.666667,0.00728351,0,0.109986,1
-4.46162,9.42972,3.132,1.5,2,2.0338,-4.58754,7.39982,-4.37083,10.8931,-3.79026,10.819,-4.58754,7.39982,-4.22143,7.30523,0.0337989,1,0.666667,-0.0338152,0,0.0996253,1
-4.56157,9.42734,-3.08452,1.5,2,2.02773,-4.62279,7.40054,-4.51712,10.8989,-3.79026,10.819,-4.62279,7.40054,-5.02944,7.35632,0.0277278,1,0.666667,-0.0542367,0,0.111937,1
-4.66114,9.41832,-3.01785,1.5,2,2.01768,-4.6932,7.40089,-4.63759,10.9005,-3.79026,10.819,-4.6932,7.40089,-5.10172,7.32951,0.0176771,1,-0.666667,-0.0877585,0,0.114528,1
-4.76062,9.40827,-3.07385,1.5,2,2.00482,-4.83474,7.40482,-4.70534,10.9024,-3.79026,10.819,-4.83474,7.40482,-4.47673,7.35744,0.00482106,1,-0.666667,-0.129727,0,0.0991005,1
-4.86054,9.40483,-3.14052,1.5,2,2.00362,-4.82343,7.40155,-4.88826,10.901,-3.79026,10.819,-4.82343,7.40155,-4.46037,7.35784,0.00362158,1,-0.666667,-0.0104469,0,0.114817,1
-4.96047,9.40806,3.076,1.5,2,2.01103,-4.81173,7.40253,-5.0706,10.8929,-3.79026,10.819,-4.81173,7.40253,-4.44172,7.36423,0.0110338,1,0.666667,0.0660768,0,0.112175,1
-5.06036,9.4123,3.132,1.5,2,2.02678,-4.79756,7.40263,-5.25139,10.8731,-3.79026,10.819,-4.79756,7.40263,-5.19266,7.27961,0.0267835,1,0.666667,0.158821,0,0.0991666,1
-5.16032,9.40993,-3.08452,1.5,2,2.04026,-4.83166,7.39631,-5.39546,10.8506,-3.79026,10.819,-4.83166,7.39631,-5.22486,7.27308,0.0402644,1,0.666667,0.120518,0,0.111858,1
-5.25989,9.4009,-3.01785,1.5,2,2.0495,-4.93611,7.37714,-5.48904,10.8332,-3.79026,10.819,-4.93611,7.37714,-4.5594,7.37684,0.0494978,1,0.666667,0.0798684,0,0.115609,1
-5.35864,9.38526,-2.95119,1.5,2,2.05176,-5.00555,7.36411,-5.60787,10.8119,-3.79026,10.819,-5.00555,7.36411,-4.63662,7.39173,0.05176,1,0.666667,0.0229505,0,0.0985649,1
-5.45613,9.36308,-2.88452,1.5,2,2.04917,-5.03957,7.3567,-5.75106,10.7836,-3.79026,10.819,-5.03957,7.3567,-4.66691,7.38279,0.0491667,1,0.666667,-0.0223911,0,0.115817,1
-5.55192,9.33445,-2.81785,1.5,2,2.04554,-5.07271,7.34584,-5.89267,10.7484,-3.79026,10.819,-5.07271,7.34584,-4.69701,7.37284,0.0455396,1,0.666667,-0.0327945,0,0.1106,1
-5.6456,9.2995,-2.75119,1.5,2,2.03844,-5.07114,7.34369,-6.05749,10.7018,-3.79026,10.819,-5.07114,7.34369,-5.44466,7.1612,0.0384381,1,0.666667,-0.0722418,0,0.0983024,1
-5.73674,9.2584,-2.68452,1.5,2,2.02869,-5.06996,7.34241,-6.22032,10.648,-3.79026,10.819,-5.06996,7.34241,-5.43739,7.17803,0.0286932,1,-0.666667,-0.0859075,0,0.113435,1
-5.82745,9.21635,-2.74052,1.5,2,2.01896,-5.17082,7.30716,-6.30914,10.6169,-3.79026,10.819,-5.17082,7.30716,-4.79626,7.35447,0.0189605,1,-0.666667,-0.0865629,0,0.112435,1
-5.92075,9.18041,-2.80719,1.5,2,2.01546,-5.22614,7.28843,-6.43238,10.574,-3.79026,10.819,-5.22614,7.28843,-4.86374,7.36136,0.0154595,1,0.666667,-0.0352032,0,0.0994496,1
-6.01432,9.14519,-2.74852,1.5,2,2.01743,-5.24159,7.28162,-6.58219,10.5147,-3.79026,10.819,-5.24159,7.28162,-4.87955,7.36541,0.0174272,1,0.666667,0.016273,0,0.120916,1
-6.10535,9.10384,-2.68185,1.5,2,2.01957,-5.24097,7.2786,-6.73898,10.4418,-3.79026,10.819,-5.24097,7.2786,-5.57889,7.04461,0.0195677,1,0.666667,0.0197348,0,0.108464,1
-6.19342,9.05651,-2.61519,1.5,2,2.01648,-5.27292,7.26239,-6.87063,10.3764,-3.79026,10.819,-5.27292,7.26239,-5.6,7.0087,0.0164807,1,0.666667,-0.0322541,0,0.09571,1
-6.27815,9.00343,-2.54852,1.5,2,2.01255,-5.30304,7.24288,-6.99883,10.3046,-3.79026,10.819,-5.30304,7.24288,-5.62649,6.99551,0.0125508,1,-0.666667,-0.0343211,0,0.114503,1
-6.36239,8.94958,-2.60585,1.5,2,2.00777,-5.36776,7.20549,-7.10163,10.2458,-3.79026,10.819,-5.36776,7.20549,-5.01489,7.32624,0.00776505,1,-0.666667,-0.042596,0,0.112353,1
-6.45002,8.90143,-2.67252,1.5,2,2.00918,-5.4492,7.15926,-7.19262,10.1941,-3.79026,10.819,-5.4492,7.15926,-5.11993,7.3093,0.00918293,1,0.666667,0.0143805,0,0.0985973,1
-6.53801,8.85397,-2.61385,1.5,2,2.01754,-5.43219,7.16648,-7.35056,10.0939,-3.79026,10.819,-5.43219,7.16648,-5.0967,7.32112,0.01754,1,0.666667,0.0733696,0,0.113903,1
-6.62267,8.80077,-2.54719,1.5,2,2.02495,-5.45956,7.14318,-7.46992,10.0082,-3.79026,10.819,-5.45956,7.14318,-5.11884,7.29992,0.0249491,1,0.666667,0.0641738,0,0.115454,1
-6.70359,8.74205,-2.48052,1.5,2,2.0262,-5.45958,7.1427,-7.60845,9.90537,-3.79026,10.819,-5.45958,7.1427,-5.74168,6.8441,0.026202,1,0.666667,0.0128159,0,0.0977603,1
-6.78042,8.67807,-2.41385,1.5,2,2.02684,-5.48584,7.11854,-7.72135,9.81158,-3.79026,10.819,-5.48584,7.11854,-5.76523,6.8235,0.0268395,1,0.666667,0.00560897,0,0.113663,1
-6.85281,8.60911,-2.34719,1.5,2,2.02258,-5.56586,7.0488,-7.79289,9.74887,-3.79026,10.819,-5.56586,7.0488,-5.23955,7.23204,0.0225754,1,0.666667,-0.0431458,0,0.0988303,1
-6.92046,8.53548,-2.28052,1.5,2,2.01123,-5.61865,7.00239,-7.88408,9.67032,-3.79026,10.819,-5.61865,7.00239,-5.31797,7.20676,0.011235,1,-0.666667,-0.099204,0,0.114314,1
-6.98734,8.46117,-2.33652,1.5,2,2.00012,-5.6457,6.97776,-7.99343,9.57357,-3.79026,10.819,-5.6457,6.97776,-5.34043,7.18034,0.000119448,1,-0.666667,-0.0984363,0,0.112921,1
-7.059,8.39144,-2.40319,1.5,2,2.00088,-5.66136,6.95961,-8.10614,9.46421,-3.79026,10.819,-5.66136,6.95961,-5.36201,7.17236,0.000882864,1,0.666667,0.00772076,0,0.0988783,1
-7.13119,8.32227,-2.34452,1.5,2,2.00745,-5.64716,6.97043,-8.23458,9.32738,-3.79026,10.819,-5.64716,6.97043,-5.34102,7.18921,0.0074482,1,0.666667,0.0574172,0,0.114344,1
-7.19864,8.24847,-2.27785,1.5,2,2.01251,-5.64599,6.96804,-8.34623,9.19485,-3.79026,10.819,-5.64599,6.96804,-5.86231,6.62671,0.0125141,1,0.666667,0.0450796,0,0.112377,1
-7.26102,8.17033,-2.21119,1.5,2,2.01262,-5.71232,6.88495,-8.40554,9.12025,-3.79026,10.819,-5.71232,6.88495,-5.42919,7.12582,0.0126243,1,0.666667,0.00111397,0,0.0988797,1
-7.31805,8.08821,-2.14452,1.5,2,2.00625,-5.75609,6.82913,-8.48101,9.02567,-3.79026,10.819,-5.75609,6.82913,-5.48574,7.07789,0.00624537,1,-0.666667,-0.0556596,0,0.114605,1
-7.37424,8.00552,-2.20052,1.5,2,1.9991,-5.77939,6.80018,-8.57164,8.91047,-3.79026,10.819,-5.77939,6.80018,-5.5178,7.05632,-0.000901818,1,-0.666667,-0.0640975,0,0.111505,1
-7.43578,7.92672,-2.26719,1.5,2,2.00451,-5.79179,6.77984,-8.66231,8.78236,-3.79026,10.819,-5.79179,6.77984,-5.5252,7.03984,0.0045104,1,0.666667,0.0520141,0,0.104053,1
-7.49841,7.84878,-2.21519,1.5,2,2.01617,-5.76879,6.81276,-8.77136,8.61125,-3.79026,10.819,-5.76879,6.81276,-5.93056,6.44099,0.0161679,1,0.666667,0.0994312,0,0.117242,1
-7.55578,7.76689,-2.14852,1.5,2,2.02618,-5.78538,6.78145,-8.84355,8.48369,-3.79026,10.819,-5.78538,6.78145,-5.92825,6.39633,0.0261776,1,0.666667,0.0930501,0,0.107574,1
-7.60756,7.68136,-2.08185,1.5,2,2.03136,-5.83575,6.68782,-8.88854,8.39967,-3.79026,10.819,-5.83575,6.68782,-5.58863,6.97508,0.0313621,1,0.666667,0.0521353,0,0.0994415,1
-7.65352,7.59257,-2.01519,1.5,2,2.02916,-5.88676,6.59454,-8.93416,8.31599,-3.79026,10.819,-5.88676,6.59454,-5.67884,6.89478,0.0291648,1,0.666667,-0.0197642,0,0.111174,1
-7.69347,7.50092,-1.94852,1.5,2,2.02368,-5.88465,6.59347,-9.01304,8.16292,-3.79026,10.819,-5.88465,6.59347,-5.66706,6.8952,0.023684,1,0.666667,-0.0486903,0,0.112564,1
-7.72723,7.40681,-1.88185,1.5,2,2.0161,-5.89738,6.56044,-9.07403,8.02976,-3.79026,10.819,-5.89738,6.56044,-5.67882,6.86474,0.0161045,1,-0.666667,-0.0765781,0,0.0989782,1
-7.76025,7.31244,-1.94052,1.5,2,2.00714,-5.90168,6.55459,-9.14261,7.87611,-3.79026,10.819,-5.90168,6.55459,-6.00297,6.16322,0.00714326,1,-0.666667,-0.0787074,0,0.113855,1
-7.79947,7.22047,-2.00719,1.5,2,2.01239,-5.90848,6.53208,-9.19734,7.72935,-3.79026,10.819,-5.90848,6.53208,-5.99592,6.13664,0.0123885,1,0.666667,0.0455128,0,0.115247,1
-7.83974,7.12896,-1.95252,1.5,2,2.02224,-5.9262,6.47488,-9.23806,7.60693,-3.79026,10.819,-5.9262,6.47488,-5.75122,6.80298,0.0222409,1,0.666667,0.0987684,0,0.0997526,1
-7.87387,7.03498,-1.88585,1.5,2,2.02554,-5.94803,6.40732,-9.27575,7.49187,-3.79026,10.819,-5.94803,6.40732,-5.78353,6.73929,0.0255423,1,0.666667,0.0299219,0,0.110333,1
-7.90167,6.93894,-1.81919,1.5,2,2.02432,-5.95803,6.37309,-9.31852,7.35143,-3.79026,10.819,-5.95803,6.37309,-5.80666,6.71017,0.0243242,1,0.666667,-0.0108051,0,0.112732,1
-7.923,6.84126,-1.75252,1.5,2,2.02215,-5.96449,6.33796,-9.35435,7.20909,-3.79026,10.819,-5.96449,6.33796,-5.81277,6.67844,0.0221453,1,0.666667,-0.0217456,0,0.1002,1
-7.93778,6.74238,-1.68585,1.5,2,2.0155,-5.9634,6.33737,-9.39201,7.04069,-3.79026,10.819,-5.9634,6.33737,-5.97879,5.92724,0.0154965,1,-0.666667,-0.0592391,0,0.112236,1
-7.95167,6.64337,-1.74319,1.5,2,2.01129,-5.96448,6.33298,-9.42255,6.8731,-3.79026,10.819,-5.96448,6.33298,-5.99052,5.93431,0.0112891,1,-0.666667,-0.0368943,0,0.114038,1
-7.9721,6.54549,-1.80985,1.5,2,2.01646,-5.97883,6.24058,-9.43858,6.76982,-3.79026,10.819,-5.97883,6.24058,-5.9658,5.82725,0.0164573,1,0.666667,0.0517007,0,0.0999637,1
-7.99352,6.44783,-1.75385,1.5,2,2.02439,-5.99131,6.14901,-9.45297,6.66565,-9.45297,6.66565,-5.99131,6.14901,-5.9069,6.50289,0.02439,2,0.666667,0.0699175,0,0.113458,1
-8.00844,6.34897,-1.68719,1.5,2,2.03016,-5.9882,6.14844,-9.47109,6.49416,-9.45297,6.66565,-5.9882,6.14844,-5.89502,6.50904,0.030163,1,0.666667,0.050774,0,0.113701,1
-8.01673,6.24933,-1.62052,1.5,2,2.03086,-5.98838,6.14839,-9.48405,6.32236,-9.45297,6.66565,-5.98838,6.14839,-5.93601,5.73637,0.0308614,1,0.666667,0.0066955,0,0.104298,1
-8.01837,6.14937,-1.55385,1.5,2,2.02984,-5.98886,6.1129,-9.48829,6.17578,-9.45297,6.66565,-5.98886,6.1129,-5.93707,5.70586,0.0298378,1,0.666667,-0.00923919,0,0.110781,1
-8.01335,6.04951,-1.48719,1.5,2,2.02639,-5.98714,6.07746,-9.48681,6.02918,-9.45297,6.66565,-5.98714,6.07746,-5.91695,5.67195,0.0263932,1,0.666667,-0.0295764,0,0.116467,1
-8.00168,5.95021,-1.42052,1.5,2,2.01812,-5.98435,6.00692,-9.48297,5.90857,-9.45297,6.66565,-5.98435,6.00692,-5.90544,5.60356,0.0181224,1,-0.666667,-0.0806755,0,0.102519,1
-7.98796,5.85117,-1.46452,1.5,2,2.00633,-5.98199,5.88931,-9.48136,5.82278,-9.45297,6.66565,-5.98199,5.88931,-5.94834,6.25093,0.00632787,1,-0.666667,-0.110826,0,0.106424,1
-7.98067,5.75146,-1.53119,1.5,2,2.00473,-5.98151,5.9007,-9.47179,5.64014,-9.45297,6.66565,-5.98151,5.9007,-5.95063,6.26775,0.0047276,1,-0.666667,-0.0145294,0,0.110139,1
-7.98004,5.65148,-1.59785,1.5,2,2.01273,-5.9843,5.91244,-9.45476,5.45865,-9.45297,6.66565,-5.9843,5.91244,-5.95961,6.28657,0.0127323,1,0.666667,0.0806218,0,0.0992866,1
-7.98032,5.55149,-1.54052,1.5,2,2.02943,-5.9864,5.9295,-9.42516,5.27759,-9.45297,6.66565,-5.9864,5.9295,-5.85537,5.54165,0.0294261,1,0.666667,0.147433,0,0.11323,1
-7.97396,5.45172,-1.47385,1.5,2,2.04434,-5.9785,5.89608,-9.39482,5.13531,-9.45297,6.66565,-5.9785,5.89608,-5.84677,5.50944,0.0443401,1,0.666667,0.131965,0,0.113015,1
-7.96097,5.35258,-1.40719,1.5,2,2.05434,-5.94698,5.75772,-9.37824,5.06748,-9.45297,6.66565,-5.94698,5.75772,-5.96851,6.13238,0.054342,1,0.666667,0.100537,0,0.0994844,1
-7.94141,5.25453,-1.34052,1.5,2,2.05783,-5.93001,5.68918,-9.35104,4.94992,-9.45297,6.66565,-5.93001,5.68918,-5.97638,6.0562,0.0578277,1,0.666667,0.0303954,0,0.114678,1
-7.91536,5.158,-1.27385,1.5,2,2.05772,-5.92788,5.69105,-9.30841,4.78439,-9.45297,6.66565,-5.92788,5.69105,-5.96757,6.06683,0.0577168,1,0.666667,-0.000973235,0,0.113914,1
-7.88293,5.06343,-1.20719,1.5,2,2.05381,-5.91712,5.65818,-9.26715,4.64463,-9.45297,6.66565,-5.91712,5.65818,-5.95549,6.03845,0.0538149,1,0.666667,-0.0391148,0,0.0997565,1
-7.84428,4.97122,-1.14052,1.5,2,2.0483,-5.90357,5.62633,-9.21973,4.50691,-9.45297,6.66565,-5.90357,5.62633,-5.69485,5.26003,0.048296,1,0.666667,-0.0487577,0,0.113191,1
-7.79957,4.88179,-1.07385,1.5,2,2.03967,-5.90147,5.62843,-9.15854,4.34723,-9.45297,6.66565,-5.90147,5.62843,-5.71457,5.26719,0.0396669,1,0.666667,-0.0725656,0,0.118914,1
-7.749,4.79554,-1.00719,1.5,2,2.02621,-5.8611,5.53131,-9.12219,4.26037,-9.45297,6.66565,-5.8611,5.53131,-5.93277,5.8995,0.0262096,1,-0.666667,-0.14346,0,0.0938054,1
-7.69755,4.70981,-1.06319,1.5,2,2.00999,-5.83502,5.46549,-9.07825,4.14962,-9.45297,6.66565,-5.83502,5.46549,-5.91521,5.82717,0.00999069,1,-0.666667,-0.143766,0,0.112815,1
-7.65189,4.62087,-1.12985,1.5,2,2.00266,-5.82614,5.44384,-9.01696,4.00554,-9.45297,6.66565,-5.82614,5.44384,-5.93079,5.79334,0.00265837,1,-0.666667,-0.0740745,0,0.0989858,1
-7.61226,4.52908,-1.19652,1.5,2,2.0071,-5.83104,5.45412,-8.93714,3.84102,-9.45297,6.66565,-5.83104,5.45412,-5.93067,5.81681,0.00710034,1,0.666667,0.0387493,0,0.114634,1
-7.57356,4.43688,-1.14052,1.5,2,2.01988,-5.83592,5.46669,-8.84687,3.68226,-9.45297,6.66565,-5.83592,5.46669,-5.58217,5.14806,0.0198758,1,0.666667,0.112899,0,0.113158,1
-7.52885,4.34746,-1.07385,1.5,2,2.03117,-5.81526,5.43798,-8.76803,3.55885,-9.45297,6.66565,-5.81526,5.43798,-5.54097,5.12941,0.0311699,1,0.666667,0.112142,0,0.100713,1
-7.47829,4.2612,-1.00719,1.5,2,2.03728,-5.7561,5.3496,-8.71477,3.47976,-9.45297,6.66565,-5.7561,5.3496,-5.89338,5.70297,0.0372818,1,0.666667,0.0539813,0,0.113222,1
-7.42208,4.17851,-0.940519,1.5,2,2.03635,-5.71643,5.29093,-8.64804,3.37895,-9.45297,6.66565,-5.71643,5.29093,-5.87967,5.62249,0.0363486,1,0.666667,-0.00821696,0,0.113566,1
-7.3605,4.09975,-0.873853,1.5,2,2.03119,-5.69526,5.26281,-8.56468,3.25871,-9.45297,6.66565,-5.69526,5.26281,-5.8588,5.59788,0.0311933,1,0.666667,-0.0515628,0,0.0999816,1
-7.2938,4.02527,-0.807186,1.5,2,2.02523,-5.67112,5.23705,-8.47545,3.14284,-9.45297,6.66565,-5.67112,5.23705,-5.83722,5.57374,0.0252261,1,0.666667,-0.0495909,0,0.120327,1
-7.22229,3.95539,-0.740519,1.5,2,2.01205,-5.67134,5.23714,-8.36926,3.00751,-9.45297,6.66565,-5.67134,5.23714,-5.36122,4.96887,0.0120485,1,-0.666667,-0.115445,0,0.114147,1
-7.14943,3.88693,-0.785853,1.5,2,2.00197,-5.63792,5.19965,-8.28045,2.90465,-9.45297,6.66565,-5.63792,5.19965,-5.33114,4.9356,0.0019691,1,-0.666667,-0.110009,0,0.0916232,1
-7.08116,3.81388,-0.852519,1.5,2,2.00083,-5.59785,5.15669,-8.19255,2.80775,-9.45297,6.66565,-5.59785,5.15669,-5.7883,5.47786,0.000833273,1,-0.666667,-0.00997257,0,0.113895,1
-7.0179,3.73645,-0.919186,1.5,2,2.00728,-5.55789,5.11396,-8.10365,2.71206,-9.45297,6.66565,-5.55789,5.11396,-5.77042,5.41218,0.0072794,1,0.666667,0.0574566,0,0.112191,1
-6.95535,3.65845,-0.861853,1.5,2,2.01962,-5.54279,5.10189,-7.99076,2.60041,-9.45297,6.66565,-5.54279,5.10189,-5.76534,5.39768,0.0196183,1,0.666667,0.122316,0,0.100877,1
-6.88777,3.58477,-0.795186,1.5,2,2.02978,-5.54118,5.10356,-7.86313,2.48468,-9.45297,6.66565,-5.54118,5.10356,-5.19615,4.87994,0.0297844,1,0.666667,0.0897396,0,0.113285,1
-6.81543,3.51576,-0.728519,1.5,2,2.03579,-5.5139,5.08116,-7.75153,2.38987,-9.45297,6.66565,-5.5139,5.08116,-5.17308,4.85803,0.0357902,1,0.666667,0.0536104,0,0.112026,1
-6.73865,3.45172,-0.661853,1.5,2,2.04037,-5.51296,5.08291,-7.61548,2.2848,-7.61548,2.2848,-5.51296,5.08291,-5.18127,4.85785,0.0403664,2,0.666667,0.0453571,0,0.100893,1
-6.65777,3.39293,-0.595186,1.5,2,2.03967,-5.42737,5.01971,-7.53869,2.22823,-7.61548,2.2848,-5.42737,5.01971,-5.08815,4.80118,0.0353628,2,0.666667,-0.0439274,0,0.113906,1
-6.57316,3.33967,-0.528519,1.5,2,2.03188,-5.34237,4.95636,-7.46246,2.17154,-7.61548,2.2848,-5.34237,4.95636,-5.00471,4.73799,0.0318818,1,0.666667,-0.0315208,0,0.110436,1
-6.48519,3.29216,-0.461853,1.5,2,2.0198,-5.31337,4.93728,-7.34395,2.08654,-7.34395,2.08654,-5.31337,4.93728,-4.97856,4.72378,0.0198002,2,-0.666667,-0.121396,0,0.0995223,1
-6.39679,3.24544,-0.519186,1.5,2,2.00892,-5.28078,4.91585,-7.22514,2.00561,-7.34395,2.08654,-5.28078,4.91585,-4.95255,4.70248,0.00328134,2,-0.666667,-0.144856,0,0.114037,1
-6.31169,3.19297,-0.585853,1.5,2,2.00767,-5.23099,4.88495,-7.11499,1.93529,-7.34395,2.08654,-5.23099,4.88495,-4.90326,4.67367,0.00766826,1,0.666667,0.0378815,0,0.115806,1
-6.22725,3.13942,-0.532519,1.5,2,2.00935,-5.1473,4.83387,-7.02843,1.88237,-7.02843,1.88237,-5.1473,4.83387,-4.81798,4.62389,0.00934529,2,0.666667,0.0173381,0,0.0967257,1
-6.13947,3.09156,-0.465853,1.5,2,2.00414,-5.057,4.77823,-6.94741,1.83266,-7.02843,1.88237,-5.057,4.77823,-4.72906,4.5679,-0.000790932,2,-0.666667,-0.0876429,0,0.115654,1
-6.05115,3.0447,-0.520519,1.5,2,1.99638,-4.969,4.72234,-6.86619,1.78115,-7.02843,1.88237,-4.969,4.72234,-5.26439,4.91415,-0.00362206,1,-0.666667,-0.0253719,0,0.111585,1
-5.96611,2.99212,-0.587186,1.5,2,1.99539,-4.88978,4.67232,-6.77771,1.72517,-6.77771,1.72517,-4.88978,4.67232,-5.18524,4.86405,-0.00461197,2,-0.666667,-0.00989744,0,0.100017,1
-5.88477,2.93398,-0.653853,1.5,2,2.00167,-4.81036,4.62286,-6.68901,1.66979,-6.77771,1.72517,-4.81036,4.62286,-4.48358,4.41243,0.0016706,1,0.666667,0.0545585,0,0.115153,1
-5.8041,2.87492,-0.599186,1.5,2,2.01061,-4.7288,4.57383,-6.60064,1.61642,-6.60064,1.61642,-4.7288,4.57383,-5.02953,4.7606,0.0106115,2,0.666667,0.0754642,0,0.118479,1
-5.7197,2.82131,-0.532519,1.5,2,2.01277,-4.63791,4.51865,-6.51904,1.56715,-6.60064,1.61642,-4.63791,4.51865,-4.93869,4.7058,0.0127668,1,0.666667,0.0231941,0,0.0929245,1
-5.63192,2.77345,-0.465853,1.5,2,2.00756,-4.5476,4.46299,-6.43801,1.51742,-6.43801,1.51742,-4.5476,4.46299,-4.84546,4.65432,0.00755692,2,-0.666667,-0.0459381,0,0.113412,1
-5.54371,2.72638,-0.523186,1.5,2,1.99997,-4.45514,4.40414,-6.36017,1.46801,-6.43801,1.51742,-4.45514,4.40414,-4.75092,4.5962,-3.42131e-05,1,-0.666667,-0.0657902,0,0.115384,1
-5.45881,2.67357,-0.589853,1.5,2,1.99931,-4.37588,4.35419,-6.27167,1.41208,-6.27167,1.41208,-4.37588,4.35419,-4.6718,4.54614,-0.000689983,2,-0.666667,-0.0065486,0,0.100139,1
-5.37763,2.61522,-0.656519,1.5,2,2.00583,-4.29648,4.30473,-6.18299,1.35667,-6.27167,1.41208,-4.29648,4.30473,-4.5939,4.49653,0.00583029,1,0.666667,0.0573867,0,0.11362,1
-5.29718,2.55584,-0.603186,1.5,2,2.01519,-4.21264,4.2543,-6.09629,1.3044,-6.09629,1.3044,-4.21264,4.2543,-4.51385,4.44138,0.0151906,2,0.666667,0.0848938,0,0.110259,1
-5.213,2.5019,-0.536519,1.5,2,2.01769,-4.15155,4.21782,-5.99281,1.24128,-6.09629,1.3044,-4.15155,4.21782,-3.82095,4.00832,0.0176864,1,0.666667,0.0250651,0,0.0995715,1
-5.12541,2.45369,-0.469853,1.5,2,2.0129,-4.03144,4.14336,-5.93362,1.20538,-5.93362,1.20538,-4.03144,4.14336,-4.32989,4.33505,0.0129035,2,-0.666667,-0.0421411,0,0.113498,1
-5.03739,2.40626,-0.527186,1.5,2,2.00572,-3.93897,4.08447,-5.85573,1.15599,-5.93362,1.20538,-3.93897,4.08447,-4.23539,4.27695,0.00572252,1,-0.666667,-0.0630376,0,0.113915,1
-4.95271,2.35311,-0.593853,1.5,2,2.00556,-3.85966,4.03463,-5.7672,1.10013,-5.7672,1.10013,-3.85966,4.03463,-4.15634,4.22694,0.00555968,2,0.666667,-0.00164298,0,0.0991123,1
-4.86851,2.2992,-0.536519,1.5,2,2.00763,-3.81235,4.00657,-5.6536,1.03003,-5.7672,1.10013,-3.81235,4.00657,-4.1135,4.19256,0.0076344,1,0.666667,0.0182059,0,0.113959,1
-4.78092,2.25098,-0.469853,1.5,2,2.00294,-3.69237,3.9323,-5.59454,0.994315,-5.59454,0.994315,-3.69237,3.9323,-3.98944,4.12279,0.00293851,2,-0.666667,-0.0399064,0,0.117673,1
-4.69261,2.20409,-0.520519,1.5,2,1.99531,-3.61105,3.88083,-5.50824,0.939634,-5.59454,0.994315,-3.61105,3.88083,-3.90632,4.07244,-0.00469375,1,-0.666667,-0.0772975,0,0.0987387,1
-4.60758,2.1515,-0.587186,1.5,2,1.99435,-3.53181,3.83084,-5.41974,0.883683,-5.41974,0.883683,-3.53181,3.83084,-3.82715,4.02237,-0.00564814,2,-0.666667,-0.00864655,0,0.110378,1
-4.52624,2.09337,-0.653853,1.5,2,2.00066,-3.45237,3.7814,-5.33102,0.828319,-5.41974,0.883683,-3.45237,3.7814,-3.12568,3.57115,0.000657558,1,0.666667,0.0634644,0,0.099358,1
-4.44512,2.03491,-0.591186,1.5,2,2.00896,-3.38433,3.74097,-5.23244,0.768686,-5.23244,0.768686,-3.38433,3.74097,-3.68521,3.92788,0.00895834,2,0.666667,0.0716394,0,0.115869,1
-4.3603,1.98199,-0.524519,1.5,2,2.01018,-3.29349,3.68574,-5.15095,0.71928,-5.23244,0.768686,-3.29349,3.68574,-3.59426,3.87297,0.0101826,1,0.666667,0.0108852,0,0.112472,1
-4.27214,1.93483,-0.457853,1.5,2,2.00433,-3.2031,3.63026,-5.06988,0.669661,-5.06988,0.669661,-3.2031,3.63026,-2.87584,3.42002,0.00432515,2,-0.666667,-0.0580213,0,0.100954,1
-4.18356,1.88847,-0.515186,1.5,2,1.99577,-3.08149,3.55236,-5.01419,0.634376,-5.06988,0.669661,-3.08149,3.55236,-3.37582,3.74453,-0.00700326,2,-0.666667,-0.0993505,0,0.114025,1
-4.09824,1.83633,-0.581853,1.5,2,1.99424,-3.0315,3.52129,-4.90369,0.564105,-5.06988,0.669661,-3.0315,3.52129,-2.70595,3.31184,-0.005759,1,-0.666667,0.0101689,0,0.122359,1
-4.01659,1.77863,-0.648519,1.5,2,2.00002,-2.95208,3.47183,-4.81495,0.508771,-4.81495,0.508771,-2.95208,3.47183,-2.62592,3.26175,2.21729e-05,2,0.666667,0.0577644,0,0.100082,1
-3.93575,1.71981,-0.596519,1.5,2,2.0086,-2.86606,3.41988,-4.73,0.457492,-4.81495,0.508771,-2.86606,3.41988,-3.16665,3.60648,0.0034666,2,0.666667,0.0303376,0,0.113537,1
-3.85121,1.66643,-0.529853,1.5,2,2.01047,-2.77517,3.36471,-4.64842,0.408198,-4.81495,0.508771,-2.77517,3.36471,-3.07576,3.55167,0.0104716,1,0.666667,0.067289,0,0.104103,1
-3.7633,1.6188,-0.463186,1.5,2,2.00507,-2.68483,3.30913,-4.56738,0.358529,-4.56738,0.358529,-2.68483,3.30913,-2.98248,3.50026,0.00506663,2,-0.666667,-0.0541793,0,0.0997605,1
-3.67496,1.57196,-0.520519,1.5,2,1.99722,-2.59236,3.25031,-4.48955,0.309116,-4.56738,0.358529,-2.59236,3.25031,-2.8879,3.44214,-0.00277889,1,-0.666667,-0.0679791,0,0.115411,1
-3.58993,1.51938,-0.587186,1.5,2,1.99626,-2.51313,3.20031,-4.40106,0.253161,-4.40106,0.253161,-2.51313,3.20031,-2.80874,3.39206,-0.0037415,2,-0.666667,-0.00819958,0,0.117398,1
-3.50858,1.46124,-0.653853,1.5,2,2.00256,-2.4337,3.15087,-4.31235,0.197793,-4.40106,0.253161,-2.4337,3.15087,-2.10673,2.94039,0.00255513,1,0.666667,0.0670835,0,0.0938626,1
-3.42777,1.40238,-0.596519,1.5,2,2.01128,-2.35665,3.10472,-4.22059,0.142334,-4.22059,0.142334,-2.35665,3.10472,-2.65762,3.29162,0.0112848,2,0.666667,0.0766376,0,0.113909,1
-3.34323,1.349,-0.529853,1.5,2,2.01314,-2.26577,3.04953,-4.13902,0.0930233,-4.22059,0.142334,-2.26577,3.04953,-2.56674,3.23679,0.0131397,1,0.666667,0.0160147,0,0.115824,1
-3.25532,1.30137,-0.463186,1.5,2,2.00772,-2.17543,2.99394,-4.05797,0.043338,-4.05797,0.043338,-2.17543,2.99394,-2.47345,3.18537,0.00772166,2,-0.666667,-0.0558648,0,0.0969852,1
-3.16699,1.25454,-0.520519,1.5,2,1.99986,-2.08295,2.93511,-3.98014,-0.00609341,-4.05797,0.043338,-2.08295,2.93511,-2.37886,3.12723,-0.00013721,1,-0.666667,-0.0693793,0,0.113274,1
-3.08195,1.20195,-0.587186,1.5,2,1.99888,-2.00374,2.88509,-3.89167,-0.0620589,-3.89167,-0.0620589,-2.00374,2.88509,-2.29971,3.07714,-0.0011183,2,-0.666667,-0.00859984,0,0.114083,1
-3.00061,1.14381,-0.653853,1.5,2,2.00516,-1.92432,2.83564,-3.80297,-0.117435,-3.89167,-0.0620589,-1.92432,2.83564,-1.59696,2.62485,0.00516343,1,0.666667,0.0629094,0,0.0998536,1
-2.91986,1.08485,-0.597853,1.5,2,2.014,-1.84503,2.78806,-3.71292,-0.17184,-3.71292,-0.17184,-1.84503,2.78806,-2.14633,2.97519,0.0140002,2,0.666667,0.0775666,0,0.113925,1
-2.8354,1.03136,-0.531186,1.5,2,2.016,-1.75413,2.73286,-3.63133,-0.221145,-3.71292,-0.17184,-1.75413,2.73286,-2.05546,2.92036,0.0159965,1,0.666667,0.0172993,0,0.115397,1
-2.74755,0.983612,-0.464519,1.5,2,2.01067,-1.66381,2.67722,-3.55029,-0.270866,-3.55029,-0.270866,-1.66381,2.67722,-1.96219,2.86891,0.0106699,2,-0.666667,-0.0534638,0,0.0996283,1
-2.65922,0.936768,-0.520519,1.5,2,2.00285,-1.57356,2.61985,-3.47076,-0.321349,-3.55029,-0.270866,-1.57356,2.61985,-1.8699,2.81231,0.00285196,1,-0.666667,-0.0682405,0,0.114565,1
-2.57419,0.884181,-0.587186,1.5,2,2.00185,-1.49437,2.56983,-3.3823,-0.377328,-3.3823,-0.377328,-1.49437,2.56983,-1.79076,2.76222,0.00184941,2,-0.666667,-0.00889349,0,0.112729,1
-2.49284,0.826046,-0.653853,1.5,2,2.00812,-1.41497,2.52037,-3.29362,-0.43271,-3.3823,-0.377328,-1.41497,2.52037,-1.08718,2.30922,0.00811815,1,0.666667,0.0633783,0,0.0989099,1
-2.4121,0.76708,-0.597853,1.5,2,2.01694,-1.3357,2.47277,-3.20358,-0.487125,-3.20358,-0.487125,-1.3357,2.47277,-1.63742,2.66023,0.0169356,2,0.666667,0.0771793,0,0.114246,1
-2.32763,0.713589,-0.531186,1.5,2,2.01892,-1.2448,2.41756,-3.122,-0.536448,-3.20358,-0.487125,-1.2448,2.41756,-1.54654,2.60538,0.0189164,1,0.666667,0.0174277,0,0.113657,1
-2.23979,0.665844,-0.464519,1.5,2,2.01358,-1.15448,2.36191,-3.04095,-0.586178,-3.04095,-0.586178,-1.15448,2.36191,-1.45327,2.55392,0.0135849,2,-0.666667,-0.0536925,0,0.0992973,1
-2.15151,0.618892,-0.521853,1.5,2,2.00584,-1.06199,2.30304,-2.9631,-0.63563,-3.04095,-0.586178,-1.06199,2.30304,-1.35869,2.49576,0.00584388,1,-0.666667,-0.0680479,0,0.113758,1
