-4.06413e-19,1.53638e-36,-5.78256e-18,0.5,2,2.00729,0.0700588,2.00607,-0.0171966,-0.492408,0,0,0.0700588,2.00607,-0.282985,2.01358,0.00729179,1,1,0.0145836,0,0.5
0.018929,0.0024717,0.195,0.5,2,2.00458,0.0828551,2.00603,0.00313002,-0.492697,0.00313002,-0.492697,0.0828551,2.00603,-0.270571,2.01831,0.00457883,2,-1,-0.0132305,0.0513723,0.205053
0.0776548,0.00821861,0.009,0.5,2,1.99704,0.164224,2.00338,0.0558521,-0.494268,0.00313002,-0.492697,0.164224,2.00338,-0.187787,2.02024,-0.00295925,1,-1,-0.0369753,0.0112114,0.203868
0.171619,-0.000712712,-0.191,0.5,2,2.0043,0.204627,2.00331,0.163455,-0.496348,0.163455,-0.496348,0.204627,2.00331,0.594271,1.99737,0.00429797,2,1,0.0365824,0.0604748,0.19838
0.270946,-0.0107665,-0.001,0.5,2,2.01606,0.272967,2.00529,0.27046,-0.494705,0.163455,-0.496348,0.272967,2.00529,0.664677,2.00402,0.0160608,1,1,0.057212,0.0542174,0.205601
0.37029,-0.00089912,0.199,0.5,2,2.00668,0.42626,2.005,0.356531,-0.494026,0.356531,-0.494026,0.42626,2.005,0.0722049,2.01732,0.00668097,2,-1,-0.0464166,0.0502629,0.20208
0.469513,0.010142,0.011,0.5,2,1.99255,0.551907,2.00099,0.44853,-0.496871,0.356531,-0.494026,0.551907,2.00099,0.201192,2.01309,-0.007447,1,-1,-0.0701654,0.0258212,0.201352
0.568951,0.00126858,-0.189,0.5,2,1.99969,0.597885,2.00075,0.561712,-0.498988,0.561712,-0.498988,0.597885,2.00075,0.244915,2.00838,-0.000308871,2,1,0.0350303,0.0238197,0.20377
0.66826,-0.00897206,-0.003,0.5,2,2.01169,0.674301,2.0027,0.666794,-0.497284,0.561712,-0.498988,0.674301,2.0027,0.319367,2.00505,0.0116858,1,1,0.0585271,0.0175126,0.204943
0.767624,0.000696599,0.197,0.5,2,2.00254,0.827482,2.00234,0.752755,-0.496543,0.752755,-0.496543,0.827482,2.00234,0.474985,2.00983,0.00253844,2,-1,-0.0458774,0.0703848,0.199388
0.866848,0.0117314,0.011,0.5,2,1.98848,0.949074,1.99851,0.845697,-0.499349,0.752755,-0.496543,0.949074,1.99851,0.599095,2.01044,-0.011518,1,-1,-0.0701352,0.0310763,0.200419
0.966287,0.00285793,-0.189,0.5,2,1.99566,0.995162,1.99831,0.958989,-0.501424,0.958989,-0.501424,0.995162,1.99831,0.642927,2.00577,-0.00433505,2,1,0.0353865,0.0801987,0.202985
1.06563,-0.00699718,0.001,0.5,2,2.00743,1.0286,2.00009,1.07472,-0.499486,0.958989,-0.501424,1.0286,2.00009,1.41872,2.00722,0.00742769,1,1,0.0536542,0,0.219232
1.16496,0.00306886,0.201,0.5,2,2.00153,1.07708,2.00267,1.18684,-0.494916,1.18684,-0.494916,1.07708,2.00267,1.46322,2.00266,0.00153494,2,-1,-0.0306338,0.046658,0.192361
1.26401,0.0156311,0.027,0.5,2,1.98927,1.34915,2.00308,1.24215,-0.494632,1.18684,-0.494916,1.34915,2.00308,0.999928,2.00891,-0.0107315,1,-1,-0.0632801,0.0414258,0.193843
1.36357,0.00834971,-0.173,0.5,2,1.99476,1.39533,2.00286,1.35553,-0.496821,1.35553,-0.496821,1.39533,2.00286,1.045,2.00001,-0.0052352,2,1,0.0269769,0.0663701,0.203739
1.46307,8.53488e-05,0.017,0.5,2,2.00477,1.46398,2.00486,1.46284,-0.495144,1.35553,-0.496821,1.46398,2.00486,1.11086,2.00286,0.00477076,1,1,0.0496226,0.0242614,0.201641
1.56222,0.0117392,0.217,0.5,2,1.99386,1.61674,2.00485,1.54838,-0.494214,1.54838,-0.494214,1.61674,2.00485,1.26553,2.01289,-0.00614214,2,-1,-0.0540735,0.00396551,0.201816
1.66125,0.0243718,0.027,0.5,2,1.97804,1.74591,2.0006,1.63891,-0.497113,1.54838,-0.494214,1.74591,2.0006,1.39779,2.01298,-0.0219628,1,-1,-0.0784772,0.0163194,0.201595
1.76082,0.0170905,-0.173,0.5,2,1.98368,1.7924,2.00052,1.75259,-0.499164,1.75259,-0.499164,1.7924,2.00052,1.44297,2.00421,-0.0163203,2,-1,0.027715,0.0344551,0.203587
1.85695,-0.00982679,-0.373,0.5,2,2.01015,1.8349,2.0002,1.86233,-0.499651,1.75259,-0.499164,1.8349,2.0002,2.22424,1.99698,0.0101461,1,1,0.131126,0.0133254,0.20184
1.95287,-0.0375048,-0.181,0.5,2,2.04146,1.93045,2.00384,1.95791,-0.496014,1.95791,-0.496014,1.93045,2.00384,1.57078,1.99842,0.0414634,2,1,0.155129,0.00385781,0.201878
2.05238,-0.0455825,0.019,0.5,2,2.05067,2.15654,2.00244,2.02956,-0.49433,1.95791,-0.496014,2.15654,2.00244,1.79713,2.00706,0.0506728,1,1,0.0451601,0,0.203928
2.15151,-0.0337303,0.219,0.5,2,2.03721,2.20314,2.00282,2.13978,-0.496375,2.13978,-0.496375,2.20314,2.00282,1.84355,2.01521,0.0372066,2,1,-0.0666415,0.0284918,0.202068
2.2463,-0.00242084,0.419,0.5,2,2.00505,2.31604,2.00142,2.22909,-0.497066,2.13978,-0.496375,2.31604,2.00142,2.70529,1.98674,0.00505495,1,-1,-0.15903,0.0302519,0.202174
2.34085,0.0296387,0.227,0.5,2,1.96802,2.44364,1.99497,2.31306,-0.501613,2.31306,-0.501613,2.44364,1.99497,2.82531,1.97358,-0.0319774,2,-1,-0.183064,0.0542184,0.202292
2.43988,0.0422835,0.027,0.5,2,1.95162,2.52341,1.99211,2.41641,-0.505594,2.31306,-0.501613,2.52341,1.99211,2.17957,2.00714,-0.0483805,1,-1,-0.0807464,0.042244,0.203143
2.53945,0.0350021,-0.173,0.5,2,1.95733,2.57061,1.99208,2.53081,-0.507598,2.53081,-0.507598,2.57061,1.99208,2.22586,1.99548,-0.0426693,2,-1,0.0283204,0.00969547,0.201664
2.63558,0.00808488,-0.373,0.5,2,1.98383,2.61382,1.9918,2.64124,-0.508052,2.53081,-0.507598,2.61382,1.9918,2.99866,1.9919,-0.0161684,1,1,0.130693,0.0112073,0.202773
2.7315,-0.0195931,-0.181,0.5,2,2.01525,2.70937,1.99554,2.73683,-0.504313,2.73683,-0.504313,2.70937,1.99554,2.35437,1.98994,0.0152512,2,1,0.1547,0.0199059,0.2031
2.83101,-0.0276708,0.019,0.5,2,2.02558,2.82788,1.99791,2.83174,-0.502089,2.73683,-0.504313,2.82788,1.99791,2.47085,1.99663,0.0255809,1,1,0.0512194,0.0245518,0.201676
2.93014,-0.0158187,0.219,0.5,2,2.01418,2.98119,1.99771,2.91782,-0.501485,2.91782,-0.501485,2.98119,1.99771,2.62615,2.00667,0.014178,2,-1,-0.0564209,0.0537651,0.202103
3.02917,-0.00318167,0.027,0.5,2,1.99821,3.1147,1.9932,3.00769,-0.504512,2.91782,-0.501485,3.1147,1.9932,2.76293,2.00638,-0.00179005,1,-1,-0.0787603,0.0653392,0.202743
3.12874,-0.010463,-0.173,0.5,2,2.00364,3.16064,1.99293,3.12083,-0.506757,3.12083,-0.506757,3.16064,1.99293,2.80758,1.99735,0.00364304,2,1,0.0267629,0,0.203008
3.22823,-0.0187274,0.017,0.5,2,2.01733,3.12357,1.99589,3.25327,-0.500744,3.12083,-0.506757,3.12357,1.99589,3.51307,2.00132,0.0173337,1,1,0.0679292,0.048885,0.201544
3.32738,-0.00707352,0.217,0.5,2,2.0088,3.38231,2.00097,3.31395,-0.498093,3.31395,-0.498093,3.38231,2.00097,3.02936,2.00309,0.00879645,2,-1,-0.0417337,0.0454925,0.204566
3.42639,0.00575175,0.029,0.5,2,1.99273,3.5077,1.99682,3.40569,-0.501099,3.31395,-0.498093,3.5077,1.99682,3.15767,2.00333,-0.00727308,1,-1,-0.0792182,0.0348033,0.202851
3.52597,-0.00133047,-0.171,0.5,2,1.99807,3.55379,1.99654,3.51898,-0.503213,3.51898,-0.503213,3.55379,1.99654,3.16602,1.99874,-0.00193119,2,1,0.0265951,0.219263,0.20086
3.62548,-0.00939583,0.019,0.5,2,2.00793,3.62238,1.99853,3.62624,-0.501466,3.51898,-0.503213,3.62238,1.99853,3.26862,1.99634,0.00792885,1,1,0.0489135,0.0242133,0.201581
3.7246,0.00245633,0.219,0.5,2,1.99685,3.77522,1.99866,3.71185,-0.500534,3.71185,-0.500534,3.77522,1.99866,3.42338,2.00656,-0.00315154,2,-1,-0.0544754,0.0043153,0.203402
3.82361,0.015287,0.029,0.5,2,1.9809,3.90444,1.99454,3.80243,-0.503381,3.71185,-0.500534,3.90444,1.99454,4.28532,1.96261,-0.0191005,1,-1,-0.0789766,0.016018,0.201946
3.92319,0.00820475,-0.171,0.5,2,1.98639,3.95085,1.9944,3.91604,-0.505357,3.91604,-0.505357,3.95085,1.9944,4.3325,1.96785,-0.0136116,2,-1,0.0267787,0.180969,0.204976
4.01938,-0.0185202,-0.371,0.5,2,2.00307,4.23769,1.97262,3.96522,-0.512487,3.91604,-0.505357,4.23769,1.97262,3.88776,1.99328,0.00307345,1,1,0.081405,0.179663,0.204963
4.11504,-0.047117,-0.191,0.5,2,2.02963,4.21927,1.97984,4.09088,-0.516863,4.09088,-0.516863,4.21927,1.97984,3.86246,1.99332,0.0296335,2,1,0.131873,0.150454,0.201406
4.21446,-0.0561893,0.009,0.5,2,2.03628,4.26721,1.97941,4.20244,-0.519754,4.09088,-0.516863,4.26721,1.97941,3.90666,1.99953,0.0362792,1,1,0.0332654,0,0.199777
4.3137,-0.045329,0.209,0.5,2,2.02536,4.34994,1.97971,4.3052,-0.519894,4.3052,-0.519894,4.34994,1.97971,4.74317,1.97081,0.0253589,2,1,-0.050863,0.170599,0.2147
4.4088,-0.014969,0.409,0.5,2,1.99426,4.49809,1.97729,4.38616,-0.520198,4.3052,-0.519894,4.49809,1.97729,4.88617,1.96333,-0.00573635,1,-1,-0.153292,0.170044,0.20285
4.50336,0.0170608,0.227,0.5,2,1.95738,4.6056,1.97177,4.47502,-0.52482,4.47502,-0.52482,4.6056,1.97177,4.98526,1.9507,-0.0426213,2,-1,-0.185716,0.199548,0.198609
4.60239,0.0297056,0.027,0.5,2,1.94105,4.68547,1.96898,4.57847,-0.52873,4.47502,-0.52482,4.68547,1.96898,4.34392,1.98069,-0.0589478,1,-1,-0.0808203,0.0168813,0.20201
4.70196,0.0224242,-0.173,0.5,2,1.94682,4.73296,1.969,4.69315,-0.530688,4.69315,-0.530688,4.73296,1.969,4.39009,1.97217,-0.0531824,2,-1,0.0282844,0.00979292,0.203838
4.7981,-0.00449303,-0.373,0.5,2,1.97336,4.77645,1.96875,4.80387,-0.531098,4.69315,-0.530688,4.77645,1.96875,5.1593,1.96908,-0.0266368,1,1,0.13117,0.0111455,0.202375
4.89391,-0.0325452,-0.185,0.5,2,2.00523,4.87991,1.97264,4.89736,-0.527302,4.89736,-0.527302,4.87991,1.97264,4.52696,1.96678,0.0052309,2,1,0.158496,0.034342,0.201063
4.99338,-0.0410208,0.015,0.5,2,2.01604,4.99833,1.97501,4.99219,-0.52498,4.89736,-0.527302,4.99833,1.97501,5.38854,1.96555,0.0160389,1,1,0.0520768,0.0792899,0.207539
5.09256,-0.0295653,0.215,0.5,2,2.00522,5.1514,1.9748,5.07804,-0.524127,5.07804,-0.524127,5.1514,1.9748,4.79825,1.98329,0.00522494,2,-1,-0.0539926,0.0520457,0.200286
5.19159,-0.0169381,0.027,0.5,2,1.98647,5.38037,1.96055,5.14279,-0.52814,5.07804,-0.524127,5.38037,1.96055,5.03271,1.98093,-0.0135257,1,-1,-0.0931848,0.0426982,0.20122
5.29116,-0.0242194,-0.173,0.5,2,1.9878,5.32281,1.96333,5.283,-0.53635,5.283,-0.53635,5.32281,1.96333,5.70905,1.95672,-0.0121956,2,-1,0.00657189,0.0469025,0.202398
5.38729,-0.0511367,-0.373,0.5,2,2.01419,5.3652,1.96293,5.39262,-0.536919,5.283,-0.53635,5.3652,1.96293,5.75578,1.96223,0.0141883,1,1,0.129247,0.0655741,0.204135
5.48311,-0.0791889,-0.185,0.5,2,2.04573,5.46882,1.9665,5.48628,-0.533444,5.48628,-0.533444,5.46882,1.9665,5.10731,1.96836,0.0457342,2,1,0.157159,0.072871,0.200726
5.58258,-0.0876645,0.015,0.5,2,2.05627,5.58763,1.9686,5.58149,-0.531396,5.48628,-0.533444,5.58763,1.9686,5.9868,1.96496,0.0562668,1,1,0.0512499,0.0288841,0.205515
5.68175,-0.0762089,0.215,0.5,2,2.04514,5.74177,1.96805,5.66841,-0.530871,5.66841,-0.530871,5.74177,1.96805,5.38144,1.97775,0.0451419,2,1,-0.0551118,0.00431773,0.20186
5.77667,-0.0452789,0.415,0.5,2,2.01317,5.85474,1.96637,5.7578,-0.531746,5.66841,-0.530871,5.85474,1.96637,5.49979,1.98193,0.0131664,1,-1,-0.159786,0.00597391,0.200115
5.87129,-0.0134126,0.225,0.5,2,1.97624,5.97846,1.95992,5.84288,-0.5364,5.84288,-0.5364,5.97846,1.95992,5.63015,1.98176,-0.0237578,2,-1,-0.182823,0.0289692,0.201967
5.97034,-0.000965915,0.025,0.5,2,1.95993,6.05815,1.957,5.94615,-0.540493,5.84288,-0.5364,6.05815,1.957,5.7133,1.96946,-0.0400697,1,-1,-0.0805934,0.0539497,0.202397
6.06989,-0.0084464,-0.175,0.5,2,1.96571,6.10512,1.95695,6.06032,-0.542647,6.06032,-0.542647,6.10512,1.95695,5.75894,1.9608,-0.0342866,2,-1,0.0283024,0.0274528,0.204332
6.16598,-0.0355559,-0.375,0.5,2,1.99228,6.14811,1.95664,6.17053,-0.54326,6.06032,-0.542647,6.14811,1.95664,5.79609,1.95749,-0.00772452,1,1,0.132129,0.0470435,0.201031
6.26179,-0.0636132,-0.185,0.5,2,2.02395,6.24765,1.96029,6.26511,-0.539649,6.26511,-0.539649,6.24765,1.96029,5.89128,1.95508,0.023953,2,1,0.154473,0.0553885,0.205068
6.36126,-0.0720888,0.015,0.5,2,2.0355,6.29522,1.96234,6.37633,-0.536342,6.26511,-0.539649,6.29522,1.96234,6.68914,1.96568,0.0355024,1,1,0.0572298,0.0593788,0.201809
6.46043,-0.0606332,0.215,0.5,2,2.02798,6.51994,1.96648,6.44658,-0.532448,6.44658,-0.532448,6.51994,1.96648,6.16333,1.97135,0.027982,2,1,-0.0376023,0.0308956,0.199999
6.55536,-0.0297032,0.415,0.5,2,1.99607,6.63276,1.96487,6.53581,-0.53325,6.44658,-0.532448,6.63276,1.96487,6.28147,1.97553,-0.00392628,1,-1,-0.157498,0.0304061,0.202594
6.64997,0.00216308,0.225,0.5,2,1.95921,6.75621,1.95849,6.62064,-0.537831,6.62064,-0.537831,6.75621,1.95849,6.41148,1.97537,-0.0407898,2,-1,-0.181652,0.00842329,0.202935
6.74902,0.0146098,0.025,0.5,2,1.94296,6.83607,1.95562,6.72407,-0.541867,6.62064,-0.537831,6.83607,1.95562,6.49423,1.96776,-0.057036,1,-1,-0.0799956,0.0170202,0.203089
6.84858,0.00712929,-0.175,0.5,2,1.94881,6.8835,1.95563,6.8387,-0.543968,6.8387,-0.543968,6.8835,1.95563,6.54033,1.95922,-0.0511861,2,-1,0.0291039,0.00984886,0.201003
6.94466,-0.0199802,-0.375,0.5,2,1.97542,6.92694,1.95536,6.94936,-0.544537,6.8387,-0.543968,6.92694,1.95536,7.31024,1.95523,-0.024578,1,1,0.128803,0.0109593,0.20658
7.04025,-0.0487771,-0.193,0.5,2,2.00786,7.00725,1.95881,7.04834,-0.540851,7.04834,-0.540851,7.00725,1.95881,6.65351,1.95169,0.00785923,2,1,0.161028,0.0271556,0.201438
7.13965,-0.0580482,0.007,0.5,2,2.01947,7.12552,1.96137,7.14302,-0.53857,7.04834,-0.540851,7.12552,1.96137,6.76836,1.9648,0.0194666,1,1,0.05819,0.0040836,0.199474
7.23892,-0.0473864,0.207,0.5,2,2.00922,7.27889,1.96144,7.22915,-0.538066,7.22915,-0.538066,7.27889,1.96144,6.9245,1.96963,0.00922298,2,-1,-0.0506834,0.000162918,0.202111
7.33807,-0.0357447,0.017,0.5,2,1.99428,7.40858,1.95729,7.32019,-0.54115,7.22915,-0.538066,7.40858,1.95729,7.05715,1.96974,-0.00572157,1,-1,-0.0736296,0.0252629,0.202969
7.43756,-0.0440214,-0.183,0.5,2,2.00277,7.38462,1.95805,7.4507,-0.541079,7.4507,-0.541079,7.38462,1.95805,7.02871,1.96291,0.00276875,2,1,0.0419011,4.70837,0.202628
7.53695,-0.0534736,0.005,0.5,2,2.02103,7.35074,1.95896,7.58107,-0.530411,7.4507,-0.541079,7.35074,1.95896,6.98571,1.9634,0.0210254,1,1,0.0906211,1.93783,0.201462
7.63623,-0.0430104,0.205,0.5,2,2.02262,7.39865,1.96561,7.6923,-0.517086,7.4507,-0.541079,7.39865,1.96561,7.02961,1.97313,0.02262,1,1,0.00770677,1.11025,0.206902
7.73145,-0.0130311,0.405,0.5,2,2.00385,7.44549,1.97031,7.80226,-0.504106,7.4507,-0.541079,7.44549,1.97031,7.07271,1.99,0.00384641,1,-1,-0.0932721,2.89222,0.201277
7.8262,0.0184386,0.221,0.5,2,1.9913,7.45777,1.97536,7.92032,-0.481481,7.4507,-0.541079,7.45777,1.97536,7.08197,1.99193,-0.00870264,1,-1,-0.0630394,2.88287,0.199067
7.92531,0.030489,0.021,0.5,2,1.99712,7.43529,1.96656,8.04869,-0.457018,7.4507,-0.541079,7.43529,1.96656,7.04652,1.98559,-0.00287914,1,1,0.0286547,3.7953,0.20323
8.02452,0.0415603,0.211,0.5,2,2.01647,7.39841,1.95836,8.17466,-0.418072,7.4507,-0.541079,7.39841,1.95836,6.9963,1.96811,0.0164688,1,1,0.094999,3.3242,0.203664
8.11957,0.0721104,0.411,0.5,2,2.0197,7.44377,1.97539,8.28028,-0.380504,7.4507,-0.541079,7.44377,1.97539,7.03464,1.98594,0.0197012,1,1,0.0160323,1.96723,0.201623
8.20665,0.120934,0.611,0.5,2,2.0111,7.48569,1.99836,8.38192,-0.335473,7.4507,-0.541079,7.48569,1.99836,7.06864,2.01434,0.0110977,1,-1,-0.0418272,2.21244,0.205693
8.29305,0.170952,0.425,0.5,2,1.98699,7.50549,1.9952,8.49638,-0.300038,7.4507,-0.541079,7.50549,1.9952,7.07928,2.0152,-0.0130061,1,-1,-0.118505,1.86143,0.203398
8.38766,0.202829,0.225,0.5,2,2.00856,7.47918,1.99419,8.60994,-0.235469,7.4507,-0.541079,7.47918,1.99419,7.03828,2.00059,0.00855947,1,1,0.108384,2.01219,0.198973
8.48258,0.233772,0.415,0.5,2,2.01706,7.45043,1.96675,8.7297,-0.181152,7.4507,-0.541079,7.45043,1.96675,6.97288,1.98416,0.0170586,1,1,0.0419375,1.98019,0.202662
8.56946,0.282943,0.615,0.5,2,2.02229,7.49073,1.9935,8.82428,-0.121125,7.4507,-0.541079,7.49073,1.9935,7.00015,2.01143,0.0222938,1,1,0.0257412,2.12349,0.203378
8.64484,0.348396,0.815,0.5,2,2.01499,7.52696,2.02486,8.91392,-0.0551288,7.4507,-0.541079,7.52696,2.02486,7.01677,2.05232,0.014991,1,1,-0.0360449,2.16875,0.202602
8.70572,0.42752,1.015,0.5,2,1.99038,7.53145,2.0346,9.00638,0.0160438,7.4507,-0.541079,7.53145,2.0346,6.9631,2.10126,-0.00961626,1,-1,-0.11965,2.32932,0.20566
8.7652,0.507706,0.833,0.5,2,1.96296,7.56406,2.06028,9.09382,0.0829442,7.4507,-0.541079,7.56406,2.06028,7.00562,2.10727,-0.0370389,1,-1,-0.134705,2.39539,0.203575
8.83939,0.574505,0.633,0.5,2,1.95042,7.55293,2.04051,9.20188,0.161426,7.4507,-0.541079,7.55293,2.04051,7.61915,2.66537,-0.0495753,1,-1,-0.0631044,2.38584,0.198661
8.92538,0.625232,0.433,0.5,2,1.97017,7.53691,2.02299,9.29877,0.249341,7.4507,-0.541079,7.53691,2.02299,7.55663,2.66916,-0.0298264,1,1,0.0986308,2.3433,0.200231
9.01186,0.675108,0.623,0.5,2,2.00229,7.50773,1.99675,9.38575,0.346585,7.4507,-0.541079,7.50773,1.99675,7.55667,2.55823,0.00228763,1,1,0.158661,2.18632,0.202406
9.08672,0.741162,0.823,0.5,2,2.02547,7.55451,2.06587,9.44569,0.430804,7.4507,-0.541079,7.55451,2.06587,7.58064,2.6582,0.025465,1,1,0.114243,2.23287,0.202878
9.14696,0.82077,1.023,0.5,2,2.02481,7.55984,2.0781,9.51944,0.525693,7.4507,-0.541079,7.55984,2.0781,7.62264,2.59839,0.024807,1,1,-0.00324345,1.96655,0.202882
9.19019,0.910761,1.223,0.5,2,1.9989,7.59228,2.1117,9.59077,0.609696,7.4507,-0.541079,7.59228,2.1117,7.63551,2.63301,-0.00110412,1,-1,-0.128511,1.95906,0.201625
9.23252,1.00117,1.033,0.5,2,1.98141,7.60576,2.13238,9.65829,0.705108,7.4507,-0.541079,7.60576,2.13238,7.66241,2.61653,-0.0185881,1,-1,-0.0844085,1.70534,0.207135
9.29197,1.08138,0.833,0.5,2,1.9891,7.59187,2.11395,9.72864,0.816165,7.4507,-0.541079,7.59187,2.11395,7.63146,2.59088,-0.010903,1,1,0.0382989,1.54271,0.20066
9.35266,1.16065,1.017,0.5,2,2.00436,7.5785,2.0933,9.79137,0.930025,7.4507,-0.541079,7.5785,2.0933,7.60959,2.55863,0.00436497,1,1,0.0767136,1.29697,0.199026
9.39643,1.25038,1.217,0.5,2,2.00715,7.5966,2.13878,9.83837,1.03223,7.4507,-0.541079,7.5966,2.13878,7.64459,2.58353,0.00714636,1,1,0.0137137,1.93969,0.202818
9.42149,1.34701,1.417,0.5,2,1.99749,7.60839,2.18524,9.87762,1.13614,7.4507,-0.541079,7.60839,2.18524,7.66576,2.61385,-0.00251234,1,-1,-0.047473,1.34073,0.203456
9.44542,1.44394,1.229,0.5,2,1.98088,7.62998,2.23647,9.92118,1.23625,7.4507,-0.541079,7.62998,2.23647,7.68955,2.65449,-0.0191189,1,-1,-0.0817089,2.40651,0.203241
9.4881,1.53419,1.029,0.5,2,1.98454,7.61216,2.18169,9.97535,1.36601,7.4507,-0.541079,7.61216,2.18169,7.66083,2.59098,-0.0154569,1,-1,0.0181591,4.04613,0.201662
9.54786,1.61416,0.829,0.5,2,2.01971,7.60163,2.15397,10.0107,1.48579,7.4507,-0.541079,7.60163,2.15397,7.65097,2.55999,0.0197096,1,1,0.171225,3.42067,0.205382
9.60903,1.69306,1.011,0.5,2,2.06678,7.59582,2.16059,10.031,1.59506,7.4507,-0.541079,7.59582,2.16059,7.63629,2.57444,0.0667784,1,1,0.235053,3.54568,0.200248
9.65333,1.78253,1.211,0.5,2,2.09333,7.60286,2.20399,10.0517,1.70065,7.4507,-0.541079,7.60286,2.20399,7.65346,2.61561,0.0933347,1,1,0.131378,4.60736,0.202136
9.67898,1.87901,1.411,0.5,2,2.10032,7.60542,2.21321,10.0736,1.81542,10.0736,1.81542,7.60542,2.21321,7.66361,2.61876,0.100315,2,1,0.0343815,0,0.203035
9.68494,1.97867,1.611,0.5,2,2.09231,7.62253,2.33108,10.0868,1.91,10.0736,1.81542,7.62253,2.33108,7.68567,2.734,0.0923085,1,1,-0.0394591,0.0403219,0.202914
9.67099,2.07752,1.811,0.5,2,2.06411,7.63975,2.44437,10.0999,2.00005,10.0999,2.00005,7.63975,2.44437,7.71167,2.83897,0.0641055,2,1,-0.139014,0.0151747,0.202879
9.63768,2.17163,2.011,0.5,2,2.01657,7.65668,2.54875,10.1126,2.08123,10.0999,2.00005,7.65668,2.54875,7.73164,2.93316,0.0165749,1,-1,-0.23157,0.0292236,0.205254
9.60272,2.26515,1.829,0.5,2,1.96327,7.68383,2.68024,10.1273,2.15167,10.1273,2.15167,7.68383,2.68024,7.76409,3.05342,-0.0367268,2,-1,-0.265063,0.0344096,0.20109
9.58699,2.36373,1.629,0.5,2,1.92831,7.69199,2.72061,10.1488,2.25793,10.1273,2.15167,7.69199,2.72061,7.76446,3.08773,-0.0716879,1,-1,-0.175123,0.00675916,0.199637
9.59116,2.46348,1.429,0.5,2,1.91531,7.70567,2.80017,10.1667,2.3607,10.1667,2.3607,7.70567,2.80017,7.64987,2.4677,-0.0846869,2,-1,-0.0642815,0.0259858,0.202219
9.61506,2.56041,1.229,0.5,2,1.92421,7.7124,2.8476,10.1844,2.47447,10.1667,2.3607,7.7124,2.8476,7.66116,2.5121,-0.0757879,1,-1,0.0437114,0.0193815,0.203585
9.65775,2.65066,1.029,0.5,2,1.95379,7.72317,2.92402,10.1986,2.57424,10.1986,2.57424,7.72317,2.92402,7.67853,2.58302,-0.0462071,2,1,0.146272,0.0294562,0.202232
9.70132,2.74048,1.219,0.5,2,1.98857,7.72825,2.98822,10.2088,2.67677,10.1986,2.57424,7.72825,2.98822,7.68465,2.64032,-0.0114297,1,1,0.17288,0.0378565,0.201165
9.7262,2.83717,1.419,0.5,2,2.00244,7.7418,3.10538,10.2193,2.77052,10.2193,2.77052,7.7418,3.10538,7.69151,2.75535,0.0024364,2,1,0.0667748,0.0205492,0.207654
9.73136,2.93687,1.619,0.5,2,1.99436,7.76288,3.25704,10.2304,2.85569,10.2193,2.77052,7.76288,3.25704,7.70775,2.90996,-0.00564229,1,-1,-0.0404268,0,0.199835
9.73516,3.03663,1.433,0.5,2,1.98362,7.76589,3.27477,10.2478,2.97463,10.2478,2.97463,7.76589,3.27477,7.70195,2.92635,-0.0163794,2,-1,-0.053582,4.5038,0.200386
9.75868,3.13365,1.233,0.5,2,1.99695,7.76749,3.28527,10.2603,3.09546,10.2478,2.97463,7.76749,3.28527,7.71529,2.93166,-0.00304723,1,1,0.0659641,0,0.202112
9.78315,3.23044,1.423,0.5,2,2.02242,7.76082,3.21167,10.2607,3.23487,10.2478,2.97463,7.76082,3.21167,7.71138,2.84527,0.0224166,1,1,0.125072,3.68476,0.203592
9.78792,3.33016,1.623,0.5,2,2.03043,7.75872,3.25962,10.2572,3.34647,10.2478,2.97463,7.75872,3.25962,7.70333,2.88741,0.0304306,1,1,0.0397085,3.07922,0.20182
9.77279,3.42884,1.823,0.5,2,2.02241,7.75404,3.30713,10.2495,3.45758,10.2478,2.97463,7.75404,3.30713,7.68955,2.93062,0.0224123,1,1,-0.0391952,4.29146,0.204572
9.73835,3.52255,2.023,0.5,2,1.99657,7.7491,3.35168,10.2399,3.56563,10.2478,2.97463,7.7491,3.35168,7.67281,2.97259,-0.00342679,1,-1,-0.126834,3.05601,0.203724
9.70226,3.61563,1.841,0.5,2,1.96469,7.75013,3.39386,10.2342,3.67606,10.2478,2.97463,7.75013,3.39386,7.67897,3.01702,-0.0353125,1,-1,-0.159032,3.18656,0.200499
9.68535,3.71402,1.641,0.5,2,1.96529,7.75632,3.33828,10.2102,3.81625,10.2478,2.97463,7.75632,3.33828,7.67752,2.9424,-0.0347087,1,-1,0.00301658,1.24962,0.200159
9.68833,3.81381,1.441,0.5,2,1.98425,7.76783,3.31488,10.1875,3.9435,10.2478,2.97463,7.76783,3.31488,7.68785,2.89948,-0.015751,1,1,0.093788,1.42358,0.202134
9.69209,3.91358,1.633,0.5,2,2.03174,7.76607,3.26675,10.136,4.06265,10.2478,2.97463,7.76607,3.26675,7.71405,2.83673,0.0317366,1,1,0.233068,1.63762,0.20375
9.67597,4.0121,1.833,0.5,2,2.04199,7.75741,3.31293,10.1063,4.16892,10.2478,2.97463,7.75741,3.31293,7.67027,2.85304,0.0419915,1,1,0.0497426,1.85267,0.206158
9.64059,4.10546,2.033,0.5,2,2.04445,7.73817,3.35676,10.0645,4.27228,10.2478,2.97463,7.73817,3.35676,7.65215,2.88778,0.0444453,1,1,0.0119583,1.91804,0.205197
9.58738,4.18992,2.233,0.5,2,2.01641,7.73045,3.40395,10.0327,4.37842,10.2478,2.97463,7.73045,3.40395,7.61672,2.91303,0.016413,1,-1,-0.141246,2.11714,0.198465
9.53284,4.27355,2.049,0.5,2,2.01193,7.71537,3.41059,9.97373,4.48289,10.2478,2.97463,7.71537,3.41059,7.61151,2.90818,0.0119345,1,1,-0.0222981,2.2606,0.200845
9.47927,4.35779,2.237,0.5,2,1.9989,7.71715,3.41412,9.92102,4.59436,10.2478,2.97463,7.71715,3.41412,7.62575,2.90076,-0.00110424,1,-1,-0.0651152,2.26556,0.200241
9.42489,4.44152,2.047,0.5,2,1.9889,7.70741,3.43853,9.86624,4.69926,10.2478,2.97463,7.70741,3.43853,7.59781,2.8929,-0.0110991,1,-1,-0.0487418,2.3114,0.205057
9.38821,4.53437,1.847,0.5,2,2.00636,7.74119,3.38859,9.79344,4.81627,10.2478,2.97463,7.74119,3.38859,7.09507,3.52177,0.00635934,1,1,0.0869955,2.31541,0.200682
9.35263,4.62765,2.035,0.5,2,2.03348,7.74146,3.38702,9.72227,4.91227,10.2478,2.97463,7.74146,3.38702,7.09704,3.49829,0.0334795,1,1,0.133385,2.27478,0.203322
9.29925,4.71201,2.235,0.5,2,2.06012,7.6995,3.41397,9.64083,4.98917,10.2478,2.97463,7.6995,3.41397,7.10865,3.5445,0.0601206,1,1,0.128541,2.20445,0.207258
9.23017,4.78408,2.435,0.5,2,2.05347,7.69257,3.42301,9.56452,5.08005,10.2478,2.97463,7.69257,3.42301,7.15561,3.56134,0.0534687,1,1,-0.0329778,1.96265,0.201708
9.14814,4.84099,2.635,0.5,2,2.03942,7.63195,3.47704,9.49056,5.14903,10.2478,2.97463,7.63195,3.47704,7.08946,3.60527,0.0394173,1,1,-0.0708105,2.09611,0.198437
9.05645,4.88048,2.835,0.5,2,1.98936,7.63591,3.48776,9.42108,5.23796,10.2478,2.97463,7.63591,3.48776,7.1618,3.6296,-0.0106357,1,-1,-0.249137,2.06596,0.200906
8.96437,4.91905,2.645,0.5,2,1.95531,7.59502,3.5233,9.34583,5.30787,10.2478,2.97463,7.59502,3.5233,7.1466,3.66753,-0.0446911,1,-1,-0.166573,2.01641,0.204447
8.88178,4.97514,2.445,0.5,2,1.93926,7.61176,3.50961,9.24901,5.3989,10.2478,2.97463,7.61176,3.50961,7.17357,3.63631,-0.060743,1,-1,-0.0794101,1.86294,0.202139
8.81198,5.04652,2.245,0.5,2,1.95855,7.62319,3.49002,9.14063,5.47682,10.2478,2.97463,7.62319,3.49002,7.19334,3.60796,-0.0414499,1,-1,0.0958121,1.97686,0.201364
8.75776,5.13034,2.045,0.5,2,1.99366,7.64782,3.47423,9.03965,5.55096,10.2478,2.97463,7.64782,3.47423,7.20891,3.57229,-0.00634348,1,1,0.171074,2.06622,0.205211
8.70501,5.21511,2.227,0.5,2,2.03732,7.67398,3.45793,8.93916,5.61416,10.2478,2.97463,7.67398,3.45793,7.24394,3.55799,0.037323,1,1,0.216437,2.46743,0.201751
8.63651,5.28773,2.427,0.5,2,2.06674,7.63632,3.47913,8.84618,5.66687,10.2478,2.97463,7.63632,3.47913,7.20251,3.57532,0.0667424,1,1,0.14622,4.22845,0.2012
8.55494,5.3453,2.627,0.5,2,2.08005,7.595,3.50001,8.74875,5.71786,10.2478,2.97463,7.595,3.50001,7.17054,3.60387,0.0800457,1,1,0.0663188,2.25623,0.200596
8.46357,5.38551,2.827,0.5,2,2.07753,7.58474,3.50301,8.64228,5.76832,10.2478,2.97463,7.58474,3.50301,7.18175,3.62286,0.0775323,1,1,-0.0123038,0,0.204279
8.36603,5.40677,3.027,0.5,2,2.05957,7.50978,3.53362,8.54913,5.80733,10.2478,2.97463,7.50978,3.53362,7.11084,3.65134,0.0595729,1,1,-0.0885719,4.74286,0.202766
8.2662,5.40823,-3.05619,0.5,2,2.02553,7.4713,3.5452,8.45241,5.84464,10.2478,2.97463,7.4713,3.5452,7.08879,3.66964,0.0255263,1,-1,-0.169855,4.61644,0.200446
8.16637,5.4087,3.037,0.5,2,1.98672,7.45462,3.55385,8.35025,5.88791,8.35025,5.88791,7.45462,3.55385,7.08446,3.6768,-0.0132776,2,-1,-0.189187,0,0.205109
8.06862,5.42898,2.837,0.5,2,1.97463,7.47641,3.54525,8.22618,5.93017,8.35025,5.88791,7.47641,3.54525,7.11062,3.66105,-0.0253686,1,-1,-0.0597892,0.0284063,0.202226
7.97684,5.46828,2.637,0.5,2,1.98633,7.4323,3.55805,8.11767,5.96227,8.11767,5.96227,7.4323,3.55805,7.06357,3.66899,-0.0136712,2,1,0.0582973,0.0228725,0.200651
7.88546,5.50849,2.827,0.5,2,2.00264,7.33262,3.58367,8.02276,5.98652,8.11767,5.96227,7.33262,3.58367,6.95618,3.68664,0.00263667,1,1,0.0809786,0.00132667,0.201385
7.78792,5.52974,3.027,0.5,2,1.99764,7.21836,3.61502,7.93115,6.01125,7.93115,6.01125,7.21836,3.61502,6.84663,3.72661,-0.00235868,2,-1,-0.0244655,0.00402816,0.204179
7.69009,5.54966,2.841,0.5,2,1.98776,7.10154,3.65103,7.84176,6.03894,7.93115,6.01125,7.10154,3.65103,6.7339,3.76809,-0.0122435,1,-1,-0.0488714,0.0196753,0.202262
7.59816,5.58859,2.641,0.5,2,1.99888,7.02436,3.67384,7.74201,6.06862,7.74201,6.06862,7.02436,3.67384,7.3623,3.57536,-0.0011214,2,1,0.053607,0.0311942,0.207475
7.507,5.62931,2.821,0.5,2,2.01563,6.93896,3.69538,7.64351,6.09405,7.74201,6.06862,6.93896,3.69538,7.2805,3.60003,0.0156255,1,1,0.0833059,0.0198931,0.201029
7.40959,5.65116,3.021,0.5,2,2.01112,6.82463,3.72699,7.55179,6.1189,7.55179,6.1189,6.82463,3.72699,7.16431,3.62715,0.0111175,2,1,-0.0224804,0.0269729,0.200531
7.30978,5.65321,-3.06219,0.5,2,1.98567,6.71431,3.75893,7.46401,6.14387,7.55179,6.1189,6.71431,3.75893,7.04789,3.65059,-0.0143278,1,-1,-0.12673,0.0684469,0.200783
7.20995,5.65428,3.031,0.5,2,1.95529,6.59482,3.79828,7.38131,6.17134,7.38131,6.17134,6.59482,3.79828,6.92201,3.68932,-0.0447142,2,-1,-0.148609,0.0562867,0.204472
7.11232,5.67515,2.831,0.5,2,1.94595,6.55002,3.81222,7.27242,6.20557,7.38131,6.17134,6.55002,3.81222,6.87792,3.70822,-0.0540526,1,-1,-0.0462587,0.0576401,0.201873
7.02078,5.715,2.631,0.5,2,1.96009,6.53814,3.81526,7.15373,6.23829,7.15373,6.23829,6.53814,3.81526,6.17339,3.91866,-0.0399115,2,-1,0.0701655,0.0112722,0.201539
6.93899,5.77224,2.431,0.5,2,1.99588,6.43205,3.84182,7.06704,6.25983,7.15373,6.23829,6.43205,3.84182,6.77265,3.75513,-0.00412428,1,1,0.171479,0.054788,0.208697
6.85843,5.83122,2.609,0.5,2,2.03481,6.34843,3.86135,6.97503,6.28156,6.97503,6.28156,6.34843,3.86135,6.69607,3.77532,0.0348148,2,1,0.194313,0.0234042,0.200394
6.7678,5.87307,2.809,0.5,2,2.05373,6.19977,3.89945,6.89123,6.30193,6.97503,6.28156,6.19977,3.89945,6.58429,3.79899,0.0537331,1,1,0.0953232,0.0171102,0.198464
6.67065,5.89608,3.009,0.5,2,2.05043,6.08497,3.93108,6.79907,6.32693,6.79907,6.32693,6.08497,3.93108,6.4317,3.82994,0.0504258,2,1,-0.0163077,0.00393695,0.202808
6.57087,5.89934,-3.07419,0.5,2,2.02628,5.97378,3.96302,6.71046,6.35202,6.79907,6.32693,5.97378,3.96302,5.59815,4.08049,0.0262835,1,-1,-0.118583,0.00811488,0.203589
6.47106,5.90141,3.021,0.5,2,1.99669,5.82398,4.01248,6.63417,6.37755,6.63417,6.37755,5.82398,4.01248,6.15749,3.90122,-0.00330734,2,-1,-0.146672,0.00635509,0.201749
6.37364,5.92325,2.821,0.5,2,1.98841,5.78006,4.02551,6.52637,6.41152,6.63417,6.37755,5.78006,4.02551,5.41451,4.14705,-0.0115948,1,-1,-0.0399374,0.0393818,0.207511
6.28251,5.96402,2.621,0.5,2,2.00172,5.73654,4.03819,6.41842,6.4434,6.41842,6.4434,5.73654,4.03819,5.36766,4.15511,0.00172496,2,1,0.0656979,0.0628288,0.202742
6.19219,6.00655,2.801,0.5,2,2.01757,5.55151,4.0934,6.34538,6.46401,6.41842,6.4434,5.55151,4.0934,5.89072,3.99293,0.0175717,1,1,0.0797047,0.0596861,0.198818
6.09523,6.03034,3.001,0.5,2,2.01169,5.5052,4.10712,6.23845,6.49717,6.23845,6.49717,5.5052,4.10712,5.84418,4.00193,0.0116882,2,-1,-0.0293585,0,0.200401
5.99804,6.05317,2.811,0.5,2,2.00497,5.38041,4.1457,6.15053,6.52412,6.23845,6.49717,5.38041,4.1457,5.71603,4.03167,0.00497222,1,-1,-0.032808,0.0703145,0.204707
5.90732,6.09484,2.611,0.5,2,2.01893,5.33726,4.15806,6.04315,6.55634,6.04315,6.55634,5.33726,4.15806,4.96168,4.27058,0.0189252,2,1,0.0694716,0.0460883,0.200844
5.81701,6.1374,2.801,0.5,2,2.03778,5.27194,4.17388,5.94065,6.58278,6.04315,6.55634,5.27194,4.17388,5.61764,4.07238,0.0377803,1,1,0.0934186,0.0231095,0.201834
5.72006,6.16119,3.001,0.5,2,2.03531,5.15715,4.20528,5.84858,6.60776,5.84858,6.60776,5.15715,4.20528,4.77788,4.31649,0.035305,2,1,-0.0119195,0.0608865,0.207665
5.62031,6.16524,-3.08219,0.5,2,2.01176,5.01213,4.24761,5.7679,6.63064,5.84858,6.60776,5.01213,4.24761,5.35006,4.1389,0.0117629,1,-1,-0.116518,0.00869359,0.202047
5.52049,6.16754,3.019,0.5,2,1.98254,4.87425,4.29328,5.68917,6.65674,5.68917,6.65674,4.87425,4.29328,5.20526,4.18263,-0.0174602,2,-1,-0.146485,0.0215638,0.199495
5.42312,6.18958,2.819,0.5,2,1.9744,4.82996,4.30639,5.58103,6.6909,5.68917,6.65674,4.82996,4.30639,4.4737,4.43975,-0.0255978,1,-1,-0.0407678,0.150659,0.199608
5.33207,6.23052,2.619,0.5,2,1.98481,4.5266,4.4165,5.54115,6.70138,5.54115,6.70138,4.5266,4.4165,4.85262,4.29927,-0.0151867,2,1,0.0515056,0.156579,0.202136
5.24143,6.27237,2.809,0.5,2,1.99215,4.55823,4.40103,5.41559,6.74942,5.54115,6.70138,4.55823,4.40103,4.88981,4.28964,-0.00784826,1,1,0.0360203,0.14323,0.203729
5.14428,6.29538,3.009,0.5,2,1.98323,4.51181,4.4157,5.30909,6.78516,5.30909,6.78516,4.51181,4.4157,4.84209,4.29655,-0.0167661,2,-1,-0.0441781,0.156303,0.20186
5.04692,6.31743,2.819,0.5,2,1.97442,4.45374,4.43422,5.20481,6.81873,5.30909,6.78516,4.45374,4.43422,4.08783,4.54979,-0.0255795,1,-1,-0.0431309,0.185201,0.20434
4.95586,6.35837,2.619,0.5,2,1.98768,4.4099,4.44715,5.09659,6.85099,5.09659,6.85099,4.4099,4.44715,4.04084,4.55807,-0.0123237,2,1,0.064775,0.158845,0.204642
4.86563,6.40109,2.799,0.5,2,2.00653,4.32504,4.46875,4.99857,6.87631,5.09659,6.85099,4.32504,4.46875,3.94787,4.5707,0.00652599,1,1,0.0942392,0.132694,0.20002
4.76872,6.42507,2.999,0.5,2,2.00421,4.21056,4.50015,4.90679,6.90124,4.90679,6.90124,4.21056,4.50015,3.83699,4.60981,0.00421023,2,-1,-0.0116006,0.169477,0.199624
4.67157,6.44809,2.809,0.5,2,1.99753,4.05244,4.54894,4.82731,6.92582,4.90679,6.90124,4.05244,4.54894,4.38752,4.44126,-0.002473,1,-1,-0.033112,0.0154299,0.201837
4.58094,6.48995,2.609,0.5,2,2.01142,4.00914,4.56151,4.71982,6.95837,4.71982,6.95837,4.00914,4.56151,4.34914,4.46036,0.0114229,2,1,0.0682039,0.00829519,0.20374
4.4908,6.53287,2.797,0.5,2,2.03036,3.93989,4.57868,4.61823,6.98489,4.71982,6.95837,3.93989,4.57868,4.28467,4.48358,0.03036,1,1,0.0936373,0.0304316,0.202239
4.39394,6.55704,2.997,0.5,2,2.02801,3.82526,4.6104,4.52629,7.0101,4.52629,7.0101,3.82526,4.6104,4.16784,4.50411,0.0280092,2,1,-0.0113453,0.0554662,0.207206
4.2942,6.56149,-3.08619,0.5,2,2.00458,3.68056,4.65315,4.44586,7.03313,4.52629,7.0101,3.68056,4.65315,4.01691,4.54392,0.00458026,1,-1,-0.116415,0.058234,0.201253
4.1944,6.56419,3.015,0.5,2,1.97551,3.54298,4.69917,4.36735,7.05934,4.36735,7.05934,3.54298,4.69917,3.87244,4.58801,-0.0244879,2,-1,-0.144806,0.0724932,0.200739
4.09712,6.58662,2.815,0.5,2,1.96792,3.5312,4.70182,4.25013,7.09622,4.36735,7.05934,3.5312,4.70182,3.86291,4.59667,-0.0320796,1,-1,-0.0380028,0,0.199767
4.00623,6.62793,2.615,0.5,2,1.98296,3.52075,4.70532,4.13282,7.12923,4.13282,7.12923,3.52075,4.70532,3.15135,4.80887,-0.0170419,2,1,0.0742464,0,0.202537
3.91576,6.67013,2.805,0.5,2,2.00557,3.35335,4.74503,4.05441,7.14472,4.13282,7.12923,3.35335,4.74503,3.694,4.65679,0.00557351,1,1,0.111071,0.0315747,0.203613
3.81871,6.69353,3.005,0.5,2,2.0025,3.23904,4.77676,3.96272,7.16973,3.96272,7.16973,3.23904,4.77676,3.57811,4.68372,0.0024991,2,-1,-0.0151287,0.0538136,0.203216
3.72134,6.71559,2.819,0.5,2,1.99453,3.12212,4.8132,3.8732,7.19771,3.96272,7.16973,3.12212,4.8132,3.45802,4.71097,-0.00546718,1,-1,-0.0398029,0.0322785,0.200143
3.63029,6.75654,2.619,0.5,2,2.00753,3.04527,4.83614,3.7738,7.22763,3.7738,7.22763,3.04527,4.83614,3.38392,4.73322,0.00753403,2,1,0.0625999,0.00176839,0.207687
3.53997,6.79908,2.801,0.5,2,2.02592,2.99806,4.84698,3.66678,7.25589,3.7738,7.22763,2.99806,4.84698,3.34231,4.75182,0.0259178,1,1,0.0920051,0.0308703,0.199812
3.44301,6.82287,3.001,0.5,2,2.02307,2.84965,4.88877,3.58289,7.27882,3.58289,7.27882,2.84965,4.88877,3.19114,4.78783,0.0230718,2,1,-0.0142349,0.111632,0.199932
3.34326,6.82692,-3.08219,0.5,2,1.99922,2.73888,4.92124,3.49465,7.30427,3.58289,7.27882,2.73888,4.92124,2.36978,5.04117,-0.000778317,1,-1,-0.117935,0.0160754,0.202231
3.24347,6.82998,3.011,0.5,2,1.97034,2.61884,4.96128,3.41138,7.33233,3.41138,7.33233,2.61884,4.96128,2.94831,4.8509,-0.0296617,2,-1,-0.141571,0.0399065,0.20402
3.14628,6.8528,2.811,0.5,2,1.96283,2.54163,4.98542,3.31176,7.36385,3.41138,7.33233,2.54163,4.98542,2.87106,4.87997,-0.0371702,1,-1,-0.0370849,0.00943266,0.202468
3.05556,6.89447,2.611,0.5,2,1.97362,2.4983,5.00116,3.20419,7.39944,3.20419,7.39944,2.4983,5.00116,2.13144,5.11174,-0.0263834,2,-1,0.053452,0.0167783,0.201803
2.97493,6.95334,2.411,0.5,2,2.00805,2.42615,5.02173,3.10937,7.42656,3.20419,7.39944,2.42615,5.02173,2.76682,4.92575,0.00804639,1,1,0.167426,0.0071544,0.205642
2.89522,7.01346,2.595,0.5,2,2.04812,2.38873,5.02895,3.00697,7.4513,3.00697,7.4513,2.38873,5.02895,2.00393,5.12941,0.0481229,2,1,0.200622,0.0258188,0.199761
2.80518,7.05658,2.795,0.5,2,2.06798,2.24008,5.0673,2.92324,7.47215,3.00697,7.4513,2.24008,5.0673,2.59076,4.9668,0.0679827,1,1,0.0984132,0.0070635,0.2018
2.70837,7.08095,2.995,0.5,2,2.06565,2.12517,5.09933,2.831,7.49763,2.831,7.49763,2.12517,5.09933,1.74063,5.21394,0.0656514,2,1,-0.0114312,0.0296414,0.203938
2.60864,7.0856,-3.08819,0.5,2,2.04227,1.97958,5.14263,2.74963,7.52107,2.831,7.49763,1.97958,5.14263,2.32205,5.03079,0.0422688,1,-1,-0.115482,0.00866623,0.202478
2.50887,7.08907,3.007,0.5,2,2.01372,1.86285,5.18179,2.66487,7.54965,2.66487,7.54965,1.86285,5.18179,2.19927,5.06862,0.0137186,2,-1,-0.140695,0.0140374,0.202922
2.41177,7.11227,2.807,0.5,2,2.00661,1.81937,5.1951,2.55743,7.58367,2.66487,7.54965,1.81937,5.1951,2.15703,5.08753,0.00660896,1,-1,-0.0342738,0.0131873,0.207437
2.32122,7.15431,2.607,0.5,2,2.02066,1.74292,5.21816,2.4584,7.61359,2.4584,7.61359,1.74292,5.21816,2.08436,5.11662,0.0206647,2,1,0.0705427,0.0464314,0.199251
2.23125,7.19758,2.793,0.5,2,2.03996,1.66988,5.23638,2.35784,7.63986,2.4584,7.61359,1.66988,5.23638,2.01606,5.1409,0.0399649,1,1,0.0967122,0.0241931,0.199564
2.13448,7.22215,2.993,0.5,2,2.03802,1.55518,5.2682,2.2658,7.66507,2.2658,7.66507,1.55518,5.2682,1.89921,5.16163,0.0380166,2,1,-0.00961944,0.0597452,0.202544
2.03477,7.227,-3.09019,0.5,2,2.01572,1.47731,5.28989,2.1687,7.69239,2.2658,7.66507,1.47731,5.28989,1.10206,5.40077,0.0157235,1,-1,-0.109534,0,0.203527
1.935,7.23067,3.005,0.5,2,1.99385,1.29158,5.34349,2.09834,7.70974,2.09834,7.70974,1.29158,5.34349,1.62575,5.23911,-0.00615013,2,-1,-0.108535,0.0711523,0.201535
1.83795,7.25407,2.805,0.5,2,1.98703,1.24754,5.35678,1.99037,7.74387,2.09834,7.70974,1.24754,5.35678,1.58276,5.25797,-0.0129747,1,-1,-0.0328749,0.0429966,0.207593
1.74748,7.29628,2.605,0.5,2,2.00161,1.1708,5.37955,1.89107,7.77354,1.89107,7.77354,1.1708,5.37955,1.50983,5.28677,0.00160551,2,1,0.0726019,0.0664763,0.200825
1.65776,7.34008,2.787,0.5,2,2.02161,1.12374,5.39028,1.78413,7.80148,1.89107,7.77354,1.12374,5.39028,0.746564,5.49777,0.0216143,1,1,0.0997217,0.0081372,0.200646
1.56115,7.36523,2.987,0.5,2,2.02047,1.00906,5.42165,1.69218,7.82651,1.69218,7.82651,1.00906,5.42165,0.634681,5.53571,0.0204728,2,1,-0.00572494,0.0114691,0.199399
1.46146,7.37068,-3.09619,0.5,2,1.9982,0.863972,5.4639,1.61151,7.84952,1.69218,7.82651,0.863972,5.4639,1.19992,5.35647,-0.00180495,1,-1,-0.109942,0.01866,0.202631
1.36174,7.37533,2.995,0.5,2,1.97115,0.73957,5.50495,1.52866,7.87715,1.52866,7.87715,0.73957,5.50495,0.379125,5.63143,-0.0288498,2,-1,-0.132917,0.0473667,0.203472
1.26492,7.3997,2.795,0.5,2,1.96542,0.662197,5.52898,1.42886,7.90853,1.52866,7.87715,0.662197,5.52898,0.992377,5.42504,-0.0345807,1,-1,-0.0281632,0.0198903,0.203487
1.17488,7.44282,2.595,0.5,2,1.98125,0.618229,5.54138,1.32063,7.94068,1.32063,7.94068,0.618229,5.54138,0.953674,5.44476,-0.0187545,2,1,0.077914,0.0544055,0.203124
1.08553,7.48735,2.779,0.5,2,1.9981,0.508839,5.57427,1.23038,7.96789,1.32063,7.94068,0.508839,5.57427,0.846736,5.4774,-0.00189912,1,1,0.0822258,0.00792571,0.204989
0.989114,7.51326,2.979,0.5,2,1.99753,0.427937,5.59618,1.13028,7.99549,1.13028,7.99549,0.427937,5.59618,0.057083,5.70872,-0.00246894,2,-1,-0.00285403,0.0449442,0.199655
0.892353,7.53785,2.793,0.5,2,1.9924,0.277559,5.64267,1.04898,8.02068,1.13028,7.99549,0.277559,5.64267,0.611351,5.53157,-0.00759959,1,-1,-0.0256307,0.0546676,0.200176
0.802397,7.58115,2.593,0.5,2,2.00811,0.234343,5.65506,0.941544,8.05295,0.941544,8.05295,0.234343,5.65506,-0.139188,5.76714,0.00810909,2,1,0.077616,0.0200167,0.20239
0.712873,7.62533,2.783,0.5,2,2.02847,0.169218,5.67107,0.839248,8.07961,0.941544,8.05295,0.169218,5.67107,-0.20914,5.77977,0.0284717,1,1,0.100212,0.0435271,0.203196
0.616359,7.65086,2.983,0.5,2,2.02752,0.0545461,5.70274,0.747281,8.10484,0.747281,8.10484,0.0545461,5.70274,-0.321001,5.81806,0.0275159,2,1,-0.00470875,0.0107577,0.202988
0.516696,7.65671,-3.10019,0.5,2,2.00541,-0.0906013,5.74546,0.666475,8.12808,0.747281,8.10484,-0.0906013,5.74546,0.246215,5.63698,0.00540543,1,-1,-0.108991,0.0187403,0.202866
0.416971,7.66137,2.995,0.5,2,1.97823,-0.207432,5.78427,0.581661,8.15647,0.581661,8.15647,-0.207432,5.78427,0.123554,5.67419,-0.0217718,2,-1,-0.131589,0.00935976,0.20653
0.320157,7.68574,2.795,0.5,2,1.97224,-0.284664,5.80853,0.482003,8.18807,0.581661,8.15647,-0.284664,5.80853,0.0465493,5.7034,-0.0277573,1,-1,-0.0302051,0.00518977,0.198162
0.230115,7.72886,2.595,0.5,2,1.98786,-0.328398,5.82107,0.374006,8.22037,0.374006,8.22037,-0.328398,5.82107,0.0080769,5.72331,-0.0121384,2,1,0.0777816,0.0293601,0.200805
0.140502,7.77287,2.785,0.5,2,2.00811,-0.393824,5.83715,0.271388,8.24703,0.374006,8.22037,-0.393824,5.83715,-0.767736,5.94575,0.00810528,1,1,0.0997808,0.00382999,0.202881
0.043937,7.7982,2.985,0.5,2,2.00561,-0.541517,5.87994,0.188254,8.27106,0.188254,8.27106,-0.541517,5.87994,-0.203576,5.77426,0.0056088,2,1,-0.012228,0.0143126,0.204162
-0.0557366,7.80385,-3.09819,0.5,2,1.98336,-0.652576,5.91242,0.0997332,8.29654,0.188254,8.27106,-0.652576,5.91242,-0.319497,5.80392,-0.0166416,1,-1,-0.110363,0.0309363,0.201612
-0.155472,7.80832,2.997,0.5,2,1.95606,-0.769163,5.95102,0.0151846,8.3248,0.0151846,8.3248,-0.769163,5.95102,-0.441939,5.84097,-0.0439434,2,-1,-0.132467,0.00296913,0.206103
-0.252334,7.83249,2.797,0.5,2,1.94996,-0.846609,5.97529,-0.0847033,8.35636,0.0151846,8.3248,-0.846609,5.97529,-0.519183,5.87015,-0.0500364,1,-1,-0.0303412,0.0300294,0.200817
-0.342462,7.87543,2.597,0.5,2,1.9655,-0.890919,5.988,-0.193315,8.38869,-0.193315,8.38869,-0.890919,5.988,-0.558074,5.89166,-0.0344955,2,-1,0.0777294,0.0176702,0.199937
-0.422263,7.93542,2.397,0.5,2,2.00125,-0.96253,6.00847,-0.287619,8.41565,-0.193315,8.38869,-0.96253,6.00847,-0.622526,5.91555,0.00125122,1,1,0.177238,0.00249376,0.201688
-0.501469,7.99619,2.587,0.5,2,2.04217,-1.0223,6.02156,-0.384704,8.43888,-0.384704,8.43888,-1.0223,6.02156,-0.673997,5.93123,0.0421686,2,1,0.200806,0.00337848,0.203766
-0.591163,8.04003,2.787,0.5,2,2.06297,-1.17075,6.06015,-0.46838,8.45946,-0.384704,8.43888,-1.17075,6.06015,-0.821067,5.96317,0.0629663,1,1,0.102063,0.00111198,0.203773
-0.687779,8.06517,2.987,0.5,2,2.06147,-1.28559,6.09229,-0.560607,8.48486,-0.560607,8.48486,-1.28559,6.09229,-0.938031,5.98431,0.0614679,2,1,-0.00751577,0.0342783,0.199375
-0.787463,8.07062,-3.09619,0.5,2,2.03892,-1.431,6.13592,-0.641936,8.50813,-0.560607,8.48486,-1.431,6.13592,-1.08953,6.02465,0.0389228,1,-1,-0.109696,0.0400662,0.205523
-0.887224,8.0745,3.003,0.5,2,2.01082,-1.53992,6.17256,-0.728438,8.5372,-0.728438,8.5372,-1.53992,6.17256,-1.20422,6.05966,0.0108154,2,-1,-0.138864,0.0353624,0.20241
-0.98423,8.0981,2.803,0.5,2,2.00462,-1.55022,6.17504,-0.844361,8.57332,-0.728438,8.5372,-1.55022,6.17504,-1.92266,6.28769,0.00461531,1,-1,-0.0309875,0,0.200083
-1.07461,8.14049,2.603,0.5,2,2.02267,-1.66123,6.20475,-0.936179,8.5973,-0.936179,8.5973,-1.66123,6.20475,-1.31918,6.10734,0.0226734,2,1,0.0891661,0.0413257,0.202522
-1.16458,8.18378,2.793,0.5,2,2.04195,-1.72649,6.22067,-1.03853,8.62414,-0.936179,8.5973,-1.72649,6.22067,-1.37956,6.12906,0.0419488,1,1,0.0950694,0.0612272,0.202751
-1.26134,8.20834,2.993,0.5,2,2.03997,-1.8412,6.25252,-1.13058,8.6494,-1.13058,8.6494,-1.8412,6.25252,-1.49638,6.14983,0.0399692,2,1,-0.00970306,0.025518,0.204017
-1.36106,8.21319,-3.09019,0.5,2,2.01692,-1.98615,6.29558,-1.21134,8.67249,-1.13058,8.6494,-1.98615,6.29558,-1.64797,6.18573,0.0169175,1,-1,-0.114935,0.00900113,0.200562
-1.46082,8.21705,3.003,0.5,2,1.98892,-2.10641,6.33582,-1.29492,8.70046,-1.29492,8.70046,-2.10641,6.33582,-1.77427,6.22467,-0.0110768,2,-1,-0.135472,0.0138374,0.206643
-1.55782,8.24065,2.803,0.5,2,1.98224,-2.15059,6.34912,-1.40299,8.73472,-1.29492,8.70046,-2.15059,6.34912,-1.81721,6.24346,-0.0177591,1,-1,-0.0334073,0.0150528,0.200024
-1.64821,8.28304,2.603,0.5,2,1.99708,-2.2274,6.3718,-1.50235,8.76435,-1.50235,8.76435,-2.2274,6.3718,-1.8901,6.27217,-0.00291657,2,1,0.0739322,0.0040315,0.200758
-1.73817,8.32633,2.793,0.5,2,2.01648,-2.29307,6.38771,-1.60511,8.79119,-1.50235,8.76435,-2.29307,6.38771,-1.95083,6.29375,0.0164773,1,1,0.0959676,0.0164523,0.202088
-1.83493,8.35089,2.993,0.5,2,2.01465,-2.40759,6.41935,-1.69697,8.81623,-1.69697,8.81623,-2.40759,6.41935,-2.06745,6.31449,0.0146456,2,1,-0.00899864,0.0188804,0.203561
-1.93465,8.35574,-3.09019,0.5,2,1.99172,-2.55193,6.46209,-1.77712,8.83899,-1.69697,8.81623,-2.55193,6.46209,-2.21791,6.35414,-0.00827587,1,-1,-0.112895,0.0234005,0.203033
-2.03442,8.35941,3.005,0.5,2,1.96543,-2.66866,6.49913,-1.86191,8.86539,-1.86191,8.86539,-2.66866,6.49913,-2.34,6.39146,-0.0345711,2,-1,-0.12746,0.0285377,0.206301
-2.13147,8.38281,2.805,0.5,2,1.95869,-2.71346,6.51258,-1.97063,8.89967,-1.86191,8.86539,-2.71346,6.51258,-2.38364,6.41035,-0.041306,1,-1,-0.0336033,0.0004989,0.200426
-2.22194,8.42503,2.605,0.5,2,1.97344,-2.7905,6.53527,-2.07023,8.92926,-2.07023,8.92926,-2.7905,6.53527,-2.45681,6.43898,-0.0265596,2,1,0.0732393,0.0243038,0.201346
-2.31182,8.46849,2.791,0.5,2,1.9932,-2.86415,6.55334,-2.17138,8.95544,-2.07023,8.92926,-2.86415,6.55334,-2.52592,6.46102,-0.0067997,1,1,0.0989852,0.0302844,0.199625
-2.40853,8.49324,2.991,0.5,2,1.99171,-2.97849,6.58483,-2.26308,8.98028,-2.26308,8.98028,-2.97849,6.58483,-2.64227,6.48188,-0.00829172,2,-1,-0.00738557,0.00390706,0.202019
-2.50544,8.51723,2.799,0.5,2,1.98591,-3.10689,6.62459,-2.34975,9.00718,-2.26308,8.98028,-3.10689,6.62459,-2.77319,6.51837,-0.0140895,1,-1,-0.0285774,0.0158829,0.202878
-2.59566,8.55999,2.599,0.5,2,2.00113,-3.15021,6.63724,-2.45741,9.03932,-2.45741,9.03932,-3.15021,6.63724,-2.81128,6.53852,0.001127,2,1,0.0743133,0.0184156,0.204761
-2.68519,8.60416,2.783,0.5,2,2.0213,-3.22692,6.6568,-2.55689,9.06534,-2.45741,9.03932,-3.22692,6.6568,-2.88386,6.55809,0.0213046,1,1,0.101138,0.0200992,0.199505
-2.78171,8.62969,2.983,0.5,2,2.02041,-3.34155,6.68839,-2.64881,9.0905,-2.64881,9.0905,-3.34155,6.68839,-2.99992,6.58334,0.0204077,2,1,-0.00435362,0.00355805,0.20602
-2.88137,8.63553,-3.10019,0.5,2,1.99836,-3.48653,6.731,-2.72946,9.11362,-2.64881,9.0905,-3.48653,6.731,-3.15087,6.62309,-0.00163817,1,-1,-0.109221,0.0341972,0.201847
-2.98111,8.63981,2.999,0.5,2,1.97091,-3.59572,6.76719,-2.81612,9.14252,-2.81612,9.14252,-3.59572,6.76719,-3.26571,6.65753,-0.0290909,2,-1,-0.137607,0,0.1995
-3.07802,8.6638,2.799,0.5,2,1.96719,-3.57486,6.76038,-2.94345,9.17933,-2.81612,9.14252,-3.57486,6.76038,-3.24096,6.65155,-0.0328056,1,-1,-0.0183793,0,0.202113
-3.16824,8.70655,2.599,0.5,2,1.98909,-3.55079,6.75459,-3.06998,9.20792,-2.81612,9.14252,-3.55079,6.75459,-3.20729,6.65091,-0.0109065,1,1,0.107483,0,0.203745
-3.25794,8.75038,2.787,0.5,2,2.02442,-3.51576,6.74244,-3.19737,9.22208,-2.81612,9.14252,-3.51576,6.74244,-3.15919,6.64322,0.0244246,1,1,0.175228,3.03639,0.201629
-3.35455,8.77552,2.987,0.5,2,2.03698,-3.56244,6.74917,-3.3073,9.23612,-2.81612,9.14252,-3.56244,6.74917,-3.20019,6.64409,0.0369844,1,1,0.0617222,4.81576,0.203491
-3.45424,8.78097,-3.09619,0.5,2,2.04384,-3.5754,6.74072,-3.4272,9.23633,-2.81612,9.14252,-3.5754,6.74072,-3.20436,6.62184,0.0438359,1,1,0.0333269,2.05041,0.205582
-3.55302,8.7665,-2.89619,0.5,2,2.02201,-3.62145,6.74565,-3.53684,9.24422,-2.81612,9.14252,-3.62145,6.74565,-3.24771,6.61065,0.0220106,1,-1,-0.108772,2.44505,0.200652
-3.65159,8.75068,-3.08219,0.5,2,1.99649,-3.67237,6.7543,-3.64635,9.25416,-2.81612,9.14252,-3.67237,6.7543,-3.29942,6.62421,-0.00351381,1,-1,-0.127188,1.96063,0.200683
-3.75134,8.75473,3.001,0.5,2,2.01024,-3.61306,6.74925,-3.78503,9.24333,-2.81612,9.14252,-3.61306,6.74925,-3.22237,6.62435,0.0102427,1,1,0.067344,1.8272,0.204272
-3.85104,8.75996,-3.09419,0.5,2,2.02747,-3.61393,6.7464,-3.9063,9.22925,-2.81612,9.14252,-3.61393,6.7464,-3.21497,6.64197,0.0274711,1,1,0.0849645,2.07837,0.202771
-3.94979,8.7453,-2.89419,0.5,2,2.02654,-3.66162,6.73935,-4.01712,9.21395,-2.81612,9.14252,-3.66162,6.73935,-3.24995,6.61361,0.0265377,1,1,-0.00465999,1.90204,0.200303
-4.04366,8.71131,-2.69419,0.5,2,2.00461,-3.67373,6.74113,-4.13508,9.19819,-2.81612,9.14252,-3.67373,6.74113,-3.2394,6.57549,0.00460815,1,-1,-0.106704,1.91059,0.205516
-4.13699,8.67585,-2.87819,0.5,2,1.99789,-3.68444,6.72989,-4.25072,9.16491,-2.81612,9.14252,-3.68444,6.72989,-3.24012,6.57236,-0.0021081,1,-1,-0.033231,2.11625,0.202108
-4.23549,8.65961,-3.07819,0.5,2,1.99567,-3.66426,6.74743,-4.37985,9.14283,-2.81612,9.14252,-3.66426,6.74743,-3.1879,6.5706,-0.00432527,1,-1,-0.0110445,2.20129,0.20075
-4.33526,8.66326,3.005,0.5,2,2.03584,-3.63316,6.75231,-4.49533,9.09894,-2.81612,9.14252,-3.63316,6.75231,-3.13097,6.59189,0.0358434,1,1,0.199053,2.19095,0.201799
-4.43499,8.6679,-3.08819,0.5,2,2.07511,-3.62218,6.7586,-4.60141,9.05884,-2.81612,9.14252,-3.62218,6.7586,-3.09029,6.60198,0.0751092,1,1,0.193464,2.20478,0.202962
-4.53365,8.65264,-2.88819,0.5,2,2.09663,-3.66355,6.74507,-4.70104,9.01963,-2.81612,9.14252,-3.66355,6.74507,-3.09717,6.56404,0.0966349,1,1,0.105987,2.19027,0.203096
-4.62731,8.61809,-2.68819,0.5,2,2.10959,-3.67029,6.73806,-4.80442,8.96601,-2.81612,9.14252,-3.67029,6.73806,-3.90841,6.10738,0.109593,1,1,0.0645031,2.1957,0.20089
-4.71224,8.56562,-2.48819,0.5,2,2.11024,-3.70735,6.71,-4.89785,8.90835,-2.81612,9.14252,-3.70735,6.71,-3.94433,6.12079,0.110238,1,1,0.00314826,2.19368,0.205002
-4.78506,8.49732,-2.28819,0.5,2,2.08247,-3.74708,6.69197,-4.99317,8.85929,-2.81612,9.14252,-3.74708,6.69197,-3.97123,6.11985,0.0824718,1,1,-0.13718,2.13707,0.202409
-4.84285,8.41592,-2.08819,0.5,2,2.06106,-3.77038,6.65587,-5.07125,8.79075,-2.81612,9.14252,-3.77038,6.65587,-4.00472,6.1569,0.0610604,1,1,-0.107009,2.07888,0.200089
-4.88332,8.32465,-1.88819,0.5,2,1.99425,-3.832,6.63003,-5.14994,8.75442,-2.81612,9.14252,-3.832,6.63003,-4.04581,6.12161,-0.00575221,1,-1,-0.328811,2.1583,0.203195
-4.92289,8.23299,-2.07819,0.5,2,1.94782,-3.86407,6.59809,-5.22305,8.69646,-2.81612,9.14252,-3.86407,6.59809,-4.08157,6.14316,-0.0521784,1,-1,-0.227939,1.99792,0.203678
-4.97987,8.15102,-2.27819,0.5,2,1.90604,-3.84693,6.61823,-5.33291,8.62866,-2.81612,9.14252,-3.84693,6.61823,-4.03711,6.17177,-0.0939587,1,-1,-0.207411,1.96285,0.201438
-5.052,8.08199,-2.47819,0.5,2,1.90471,-3.80213,6.64471,-5.44262,8.53119,-2.81612,9.14252,-3.80213,6.64471,-3.97859,6.22357,-0.0952872,1,-1,-0.00650375,1.67254,0.204262
-5.1364,8.02868,-2.67819,0.5,2,1.92045,-3.76544,6.68384,-5.55013,8.43452,-2.81612,9.14252,-3.76544,6.68384,-3.93188,6.27943,-0.079551,1,-1,0.0768352,1.27145,0.204805
-5.22971,7.99319,-2.87819,0.5,2,1.96753,-3.76544,6.679,-5.62598,8.34884,-2.81612,9.14252,-3.76544,6.679,-3.91838,6.2588,-0.032469,1,1,0.236136,1.19506,0.199385
-5.32337,7.95862,-2.68819,0.5,2,2.02011,-3.75394,6.68673,-5.6962,8.26077,-2.81612,9.14252,-3.75394,6.68673,-3.90309,6.26469,0.0201068,1,1,0.259718,1.51147,0.202434
-5.4083,7.90615,-2.48819,0.5,2,2.04868,-3.78434,6.65722,-5.76606,8.18129,-2.81612,9.14252,-3.78434,6.65722,-3.94114,6.24417,0.0486803,1,1,0.1403,3.14047,0.203661
-5.48112,7.83785,-2.28819,0.5,2,2.07386,-3.80554,6.61584,-5.82542,8.08896,-2.81612,9.14252,-3.80554,6.61584,-3.9731,6.21483,0.0738611,1,1,0.124273,2.84359,0.202626
-5.53891,7.75645,-2.08819,0.5,2,2.07632,-3.83073,6.5761,-5.88747,7.9973,-2.81612,9.14252,-3.83073,6.5761,-3.99741,6.17988,0.0763226,1,1,0.0119835,2.28615,0.205402
-5.57938,7.66519,-1.88819,0.5,2,2.05974,-3.83616,6.56805,-5.95199,7.89969,-2.81612,9.14252,-3.83616,6.56805,-4.01042,6.1926,0.0597446,1,1,-0.0811144,0,0.204377
-5.60092,7.5677,-1.68819,0.5,2,2.0277,-3.85787,6.53169,-6.00692,7.80902,-2.81612,9.14252,-3.85787,6.53169,-4.03083,6.16753,0.0276952,1,-1,-0.161312,0,0.19868
-5.62111,7.46993,-1.87419,0.5,2,1.99699,-3.88101,6.49012,-6.05941,7.71673,-2.81612,9.14252,-3.88101,6.49012,-4.05229,6.13557,-0.00301301,1,-1,-0.153488,0,0.200069
-5.66029,7.37811,-2.07419,0.5,2,1.991,-3.8684,6.51024,-6.11839,7.59998,-6.11839,7.59998,-3.8684,6.51024,-4.0307,6.15714,-0.00899744,2,-1,-0.0291683,0,0.205169
-5.71694,7.29591,-2.27419,0.5,2,2.009,-3.88595,6.46913,-6.16443,7.49797,-6.11839,7.59998,-3.88595,6.46913,-4.04484,6.11193,0.00900245,1,1,0.0892714,0.0165541,0.201631
-5.7744,7.21426,-2.08419,0.5,2,2.03196,-3.90977,6.40678,-6.2039,7.40026,-6.2039,7.40026,-3.90977,6.40678,-4.06642,6.04412,0.0319607,2,1,0.11377,0.00165867,0.201796
-5.81451,7.12284,-1.88419,0.5,2,2.0336,-3.95609,6.29713,-6.24073,7.31222,-6.2039,7.40026,-3.95609,6.29713,-4.119,5.93757,0.0335991,1,1,0.00790233,0.023378,0.207333
-5.83565,7.02527,-1.68419,0.5,2,2.01384,-4.01794,6.15839,-6.27446,7.23454,-6.27446,7.23454,-4.01794,6.15839,-3.86719,6.47949,0.0138419,2,-1,-0.0974416,0.00636665,0.20276
-5.85488,6.9273,-1.86419,0.5,2,1.98829,-4.06495,6.06163,-6.31555,7.1501,-6.27446,7.23454,-4.06495,6.06163,-3.91247,6.37729,-0.0117146,1,-1,-0.129748,0.00458729,0.196971
-5.89315,6.8351,-2.06419,0.5,2,1.98393,-4.09906,5.98821,-6.35984,7.05539,-6.35984,7.05539,-4.09906,5.98821,-3.95164,6.30508,-0.0160697,2,-1,-0.0215185,0.0160016,0.202387
-5.94898,6.75233,-2.26419,0.5,2,2.00104,-4.13143,5.91526,-6.40219,6.96105,-6.35984,7.05539,-4.13143,5.91526,-3.98975,6.2373,0.00103736,1,1,0.0842234,0.000306704,0.203115
-6.00562,6.67012,-2.07419,0.5,2,2.0229,-4.14136,5.88484,-6.4453,6.85533,-6.4453,6.85533,-4.14136,5.88484,-3.99969,6.21283,0.0228982,2,1,0.107898,0.0307417,0.202606
-6.0448,6.5783,-1.87419,0.5,2,2.02348,-4.20181,5.74293,-6.47882,6.77502,-6.4453,6.85533,-4.20181,5.74293,-4.05365,6.06768,0.0234823,1,1,0.00289494,0.0210919,0.201774
-6.06497,6.48052,-1.67419,0.5,2,2.00269,-4.2488,5.63656,-6.51597,6.6901,-6.51597,6.6901,-4.2488,5.63656,-4.09841,5.95638,0.00268531,2,-1,-0.100994,0.00226108,0.205924
-6.0836,6.38244,-1.85819,0.5,2,1.97712,-4.28401,5.5636,-6.55952,6.59899,-6.51597,6.6901,-4.28401,5.5636,-4.12622,5.87745,-0.0228754,1,-1,-0.126495,0,0.202069
-6.12131,6.29,-2.05819,0.5,2,1.97866,-4.2611,5.61568,-6.61144,6.46767,-6.51597,6.6901,-4.2611,5.61568,-4.11097,5.93822,-0.0213383,1,-1,0.00771148,4.51023,0.199324
-6.17664,6.2069,-2.25819,0.5,2,2.00685,-4.25129,5.6408,-6.64977,6.34601,-6.51597,6.6901,-4.25129,5.6408,-4.10587,5.97519,0.00684881,1,1,0.139302,3.39933,0.202345
-6.23279,6.12435,-2.06819,0.5,2,2.04054,-4.24862,5.64805,-6.67956,6.2316,-6.51597,6.6901,-4.24862,5.64805,-4.10665,5.99437,0.0405359,1,1,0.16568,3.20016,0.203327
-6.27142,6.0323,-1.86819,0.5,2,2.05626,-4.26039,5.6034,-6.7054,6.12485,-6.51597,6.6901,-4.26039,5.6034,-4.09649,5.95485,0.0562632,1,1,0.0778212,3.04229,0.202095
-6.291,5.9344,-1.66819,0.5,2,2.05831,-4.26769,5.55648,-6.72519,6.0155,-6.51597,6.6901,-4.26769,5.55648,-4.10045,5.91222,0.0583072,1,1,0.0101268,4.68301,0.201837
-6.29074,5.83457,-1.46819,0.5,2,2.0469,-4.26436,5.54542,-6.73929,5.89858,-6.51597,6.6901,-4.26436,5.54542,-4.07715,5.90719,0.0469041,1,1,-0.0549776,1.73217,0.207413
-6.27065,5.73678,-1.26819,0.5,2,2.01086,-4.27775,5.46868,-6.75543,5.80199,-6.51597,6.6901,-4.27775,5.46868,-4.09903,5.82545,0.0108564,1,-1,-0.180352,2.0362,0.199874
-6.24922,5.63927,-1.45419,0.5,2,1.98244,-4.27531,5.4555,-6.76455,5.68725,-6.51597,6.6901,-4.27531,5.4555,-4.08704,5.81632,-0.01756,1,-1,-0.142139,1.53359,0.19992
-6.24756,5.53945,-1.65419,0.5,2,1.96866,-4.27984,5.47837,-6.77864,5.55594,-6.51597,6.6901,-4.27984,5.47837,-4.09755,5.85012,-0.0313362,1,-1,-0.067964,1.75234,0.202698
-6.26577,5.44129,-1.85419,0.5,2,1.98695,-4.28112,5.53707,-6.77822,5.41656,-6.51597,6.6901,-4.28112,5.53707,-4.08107,5.93615,-0.0130484,1,1,0.0899075,1.7129,0.203407
-6.28513,5.34335,-1.66619,0.5,2,2.02191,-4.27265,5.53835,-6.761,5.29724,-6.51597,6.6901,-4.27265,5.53835,-4.09823,5.95125,0.0219057,1,1,0.173667,1.71023,0.201271
-6.28467,5.24352,-1.46619,0.5,2,2.04452,-4.26001,5.52784,-6.73572,5.18018,-6.51597,6.6901,-4.26001,5.52784,-4.05257,5.9685,0.044523,1,1,0.111972,2.02774,0.201991
-6.26439,5.14577,-1.26619,0.5,2,2.01948,-4.27233,5.47744,-6.73838,5.06685,-6.51597,6.6901,-4.27233,5.47744,-4.01432,5.94047,0.0194812,1,-1,-0.121665,2.20478,0.205826
-6.24257,5.04835,-1.45019,0.5,2,2.02154,-4.25757,5.43097,-6.71238,4.95779,-6.51597,6.6901,-4.25757,5.43097,-4.04174,5.88922,0.0215399,1,1,0.0102458,2.22023,0.200935
-6.22207,4.95064,-1.26419,0.5,2,2.02077,-4.26626,5.4589,-6.68589,4.8301,-6.51597,6.6901,-4.26626,5.4589,-4.02295,5.95596,0.0207686,1,1,-0.00385639,2.30364,0.200001
-6.18258,4.85894,-1.06419,0.5,2,2.00919,-4.25148,5.41365,-6.65432,4.72344,-6.51597,6.6901,-4.25148,5.41365,-3.98067,5.93415,0.00918794,1,-1,-0.0572372,2.31279,0.202328
-6.14219,4.76764,-1.25419,0.5,2,2.00748,-4.2457,5.42586,-6.60749,4.60615,-6.51597,6.6901,-4.2457,5.42586,-3.72588,5.11327,0.00747514,1,1,-0.0084121,2.27752,0.203611
-6.10288,4.67588,-1.06619,0.5,2,2.00509,-4.24263,5.42414,-6.56203,4.49119,-6.51597,6.6901,-4.24263,5.42414,-3.74003,5.1314,0.00509262,1,1,-0.0117815,2.24611,0.202226
-6.04613,4.59374,-0.866185,0.5,2,1.9785,-4.22995,5.37858,-6.52484,4.38687,-6.51597,6.6901,-4.22995,5.37858,-3.71483,5.10508,-0.0214992,1,-1,-0.129859,2.26282,0.204775
-5.98825,4.51239,-1.05219,0.5,2,1.9733,-4.1957,5.33741,-6.46671,4.29218,-6.51597,6.6901,-4.1957,5.33741,-3.71793,5.06643,-0.0267024,1,-1,-0.0260102,2.2102,0.200046
-5.94767,4.42118,-1.25219,0.5,2,1.96715,-4.23143,5.38252,-6.41256,4.16078,-6.51597,6.6901,-4.23143,5.38252,-3.7706,5.13928,-0.032854,1,-1,-0.0301013,1.97148,0.204362
-5.92602,4.32372,-1.45219,0.5,2,2.00297,-4.24231,5.40863,-6.34382,4.05451,-6.51597,6.6901,-4.24231,5.40863,-3.80798,5.17069,0.00297403,1,1,0.179509,1.81838,0.199589
-5.90533,4.22606,-1.26219,0.5,2,2.03886,-4.27024,5.44401,-6.27515,3.95058,-6.51597,6.6901,-4.27024,5.44401,-3.8359,5.2212,0.0388591,1,1,0.177316,1.94288,0.20238
-5.86566,4.13444,-1.06219,0.5,2,2.06607,-4.24071,5.41045,-6.20694,3.86645,-6.51597,6.6901,-4.24071,5.41045,-3.82493,5.18059,0.0660737,1,1,0.133618,1.91955,0.203674
-5.80859,4.05253,-0.862185,0.5,2,2.07467,-4.21003,5.37498,-6.13631,3.78141,-6.51597,6.6901,-4.21003,5.37498,-3.81149,5.1414,0.0746665,1,1,0.0424433,2.05634,0.202455
-5.73637,3.9836,-0.662185,0.5,2,2.07589,-4.14753,5.3196,-6.06098,3.71065,-6.51597,6.6901,-4.14753,5.3196,-3.74559,5.08981,0.0758929,1,1,0.00600239,2.85891,0.204323
-5.65191,3.93038,-0.462185,0.5,2,2.05695,-4.11178,5.29386,-5.98363,3.6367,-6.51597,6.6901,-4.11178,5.29386,-3.73831,5.05841,0.056951,1,1,-0.0924235,1.91396,0.204947
-5.55855,3.89501,-0.262185,0.5,2,2.00443,-4.11614,5.28685,-5.91516,3.5509,-6.51597,6.6901,-4.11614,5.28685,-3.76594,5.05815,0.00443339,1,-1,-0.262781,3.04388,0.199853
-5.46465,3.8611,-0.446185,0.5,2,1.96071,-4.08879,5.25803,-5.84307,3.47689,-6.51597,6.6901,-4.08879,5.25803,-3.74991,5.03676,-0.039286,1,-1,-0.219646,2.48343,0.199045
-5.37934,3.80925,-0.646185,0.5,2,1.94172,-4.10484,5.27415,-5.74577,3.38806,-6.51597,6.6901,-4.10484,5.27415,-3.77132,5.06449,-0.058277,1,-1,-0.0936045,3.47113,0.202886
-5.30603,3.74148,-0.846185,0.5,2,1.95056,-4.11906,5.28932,-5.64038,3.30548,-6.51597,6.6901,-4.11906,5.28932,-3.78428,5.08861,-0.049435,1,-1,0.0435367,4.8399,0.203093
-5.24765,3.66049,-1.04619,0.5,2,1.98189,-4.16992,5.32373,-5.5294,3.22568,-5.5294,3.22568,-4.16992,5.32373,-3.8356,5.12567,-0.018113,2,1,0.154238,0,0.203076
-5.19023,3.57882,-0.858185,0.5,2,2.02458,-4.17272,5.32914,-5.42916,3.16781,-5.5294,3.22568,-4.17272,5.32914,-3.82904,5.13531,0.0245833,1,1,0.206599,0,0.206663
-5.11774,3.51018,-0.658185,0.5,2,2.04921,-4.07118,5.27199,-5.34796,3.12261,-5.34796,3.12261,-4.07118,5.27199,-3.72984,5.0673,0.0492144,2,1,0.122548,0.0340679,0.200991
-5.03306,3.4573,-0.458185,0.5,2,2.0518,-3.93813,5.19252,-5.27224,3.07825,-5.34796,3.12261,-3.93813,5.19252,-3.59994,4.98063,0.0517962,1,1,0.012887,0.00794779,0.200344
-4.93956,3.4223,-0.258185,0.5,2,2.03316,-3.83839,5.13144,-5.19241,3.02986,-5.19241,3.02986,-3.83839,5.13144,-3.50711,4.91641,0.0331619,2,-1,-0.0932661,0.0236407,0.199797
-4.84572,3.38823,-0.448185,0.5,2,2.00948,-3.73138,5.06043,-5.11774,2.98004,-5.19241,3.02986,-3.73138,5.06043,-4.0248,5.26019,0.00948405,1,-1,-0.116833,0.00489901,0.202664
-4.76052,3.3362,-0.648185,0.5,2,2.00727,-3.66322,5.01699,-5.02988,2.92361,-5.02988,2.92361,-3.66322,5.01699,-3.96123,5.20663,0.00726938,2,1,-0.0109075,0.0302935,0.203041
-4.67583,3.28333,-0.458185,0.5,2,2.0097,-3.60336,4.98295,-4.93748,2.86869,-5.02988,2.92361,-3.60336,4.98295,-3.90405,5.16961,0.00970268,1,1,0.0119576,0.0111594,0.203494
-4.58233,3.24833,-0.258185,0.5,2,1.99143,-3.50376,4.92239,-4.85778,2.82081,-4.85778,2.82081,-3.50376,4.92239,-3.79975,5.11065,-0.00857115,2,-1,-0.0870514,0.0173281,0.20992
-4.48792,3.21587,-0.430185,0.5,2,1.96669,-3.3982,4.85306,-4.78342,2.77191,-4.85778,2.82081,-3.3982,4.85306,-3.68781,5.04306,-0.0333107,1,-1,-0.118179,0.0103354,0.209339
-4.40179,3.16539,-0.630185,0.5,2,1.96299,-3.32959,4.80968,-4.69511,2.71556,-4.69511,2.71556,-3.32959,4.80968,-3.62112,4.995,-0.0370138,2,-1,-0.0197009,0.0326017,0.187967
-4.32741,3.0988,-0.830185,0.5,2,1.98064,-3.29058,4.78637,-4.59929,2.65628,-4.69511,2.71556,-3.29058,4.78637,-3.58802,4.9695,-0.0193632,1,1,0.0881415,0.0261228,0.200253
-4.25356,3.03162,-0.638185,0.5,2,2.00391,-3.29536,4.79159,-4.49077,2.59591,-4.49077,2.59591,-3.29536,4.79159,-2.96109,4.59586,0.00390601,2,1,0.114996,0.0127426,0.202348
-4.16784,2.98045,-0.438185,0.5,2,2.00577,-3.10179,4.67946,-4.43052,2.5618,-4.49077,2.59591,-3.10179,4.67946,-3.40228,4.86519,0.00576591,1,1,0.00916077,0.00963921,0.203029
-4.07366,2.94732,-0.238185,0.5,2,1.98525,-3.00269,4.61892,-4.35135,2.5139,-4.35135,2.5139,-3.00269,4.61892,-3.29804,4.8063,-0.0147524,2,-1,-0.101332,0.019952,0.202487
-3.97915,2.91513,-0.428185,0.5,2,1.96005,-2.89638,4.54896,-4.27744,2.46505,-4.35135,2.5139,-2.89638,4.54896,-3.18586,4.73669,-0.0399505,1,-1,-0.12185,0.018881,0.206796
-3.89293,2.86482,-0.628185,0.5,2,1.95616,-2.82774,4.50553,-4.18906,2.40868,-4.18906,2.40868,-2.82774,4.50553,-3.11839,4.69017,-0.0438416,2,-1,-0.0193715,0.0176605,0.200868
-3.81841,2.79838,-0.828185,0.5,2,1.97367,-2.78859,4.48208,-4.09304,2.34937,-4.18906,2.40868,-2.78859,4.48208,-3.08512,4.66457,-0.0263343,1,1,0.0872691,0.0118309,0.200613
-3.74469,2.73106,-0.640185,0.5,2,1.99616,-2.72616,4.44782,-4.00177,2.29775,-4.00177,2.29775,-2.72616,4.44782,-3.02858,4.62818,-0.00383818,2,1,0.112082,0.0036866,0.20071
-3.65907,2.67972,-0.440185,0.5,2,1.99753,-2.62367,4.38796,-3.91952,2.25002,-4.00177,2.29775,-2.62367,4.38796,-2.9234,4.57434,-0.00246942,1,1,0.00675869,0.0406657,0.202519
-3.56496,2.64641,-0.240185,0.5,2,1.97726,-2.49497,4.30914,-3.84784,2.20682,-3.84784,2.20682,-2.49497,4.30914,-2.78845,4.49711,-0.0227401,2,-1,-0.0999389,0.0268104,0.202831
-3.47052,2.61403,-0.430185,0.5,2,1.95229,-2.38878,4.23923,-3.774,2.15808,-3.84784,2.20682,-2.38878,4.23923,-2.67638,4.42761,-0.0477082,1,-1,-0.123416,0.0298677,0.202308
-3.38439,2.56354,-0.630185,0.5,2,1.94866,-2.32002,4.19584,-3.68553,2.10172,-3.68553,2.10172,-2.32002,4.19584,-2.60952,4.37957,-0.0513355,2,-1,-0.0177565,0.0524253,0.20428
-3.31001,2.49695,-0.830185,0.5,2,1.9682,-2.36887,4.22555,-3.5643,2.02989,-3.68553,2.10172,-2.36887,4.22555,-2.04109,4.03265,-0.031799,1,1,0.096029,0.0559861,0.203444
-3.23668,2.4292,-0.646185,0.5,2,1.99357,-2.23918,4.15527,-3.49008,1.99073,-3.49008,1.99073,-2.23918,4.15527,-2.54373,4.3306,-0.00642824,2,1,0.126305,0.0319249,0.200869
-3.15137,2.37735,-0.446185,0.5,2,1.99544,-2.10684,4.07756,-3.41549,1.94743,-3.49008,1.99073,-2.10684,4.07756,-2.40753,4.25948,-0.00456238,1,-1,0.00930707,0.0232874,0.200478
-3.06565,2.32617,-0.638185,0.5,2,1.9928,-1.993,4.00565,-3.33866,1.89871,-3.33866,1.89871,-1.993,4.00565,-2.28944,4.19408,-0.00719738,2,-1,-0.0130345,0.031303,0.202156
-2.99181,2.25898,-0.838185,0.5,2,2.01092,-1.92545,3.96388,-3.25116,1.84433,-3.33866,1.89871,-1.92545,3.96388,-2.22659,4.15062,0.0109162,1,1,0.0881875,0.0121375,0.205399
-2.91889,2.19079,-0.652185,0.5,2,2.03426,-1.89048,3.94595,-3.15435,1.78895,-3.15435,1.78895,-1.89048,3.94595,-1.55184,3.74317,0.03426,2,1,0.116174,0.000536027,0.200938
-2.8339,2.13842,-0.452185,0.5,2,2.03631,-1.75758,3.86703,-3.07899,1.7448,-3.15435,1.78895,-1.75758,3.86703,-2.06199,4.05778,0.0363069,1,1,0.00998666,0.00942524,0.204956
-2.74019,2.10399,-0.252185,0.5,2,2.01718,-1.62832,3.78707,-3.00632,1.70113,-3.00632,1.70113,-1.62832,3.78707,-1.92666,3.9795,0.0171809,2,-1,-0.094531,0.018789,0.202325
-2.64602,2.07084,-0.438185,0.5,2,1.99258,-1.55768,3.73994,-2.92317,1.64579,-3.00632,1.70113,-1.55768,3.73994,-1.23629,3.52524,-0.00741971,1,-1,-0.123157,0.00360889,0.19975
-2.5603,2.01967,-0.638185,0.5,2,1.98934,-1.48951,3.69624,-2.83516,1.5893,-2.83516,1.5893,-1.48951,3.69624,-1.78545,3.88429,-0.0106577,2,-1,-0.0160218,0.0435582,0.202098
-2.48645,1.95248,-0.838185,0.5,2,2.00598,-1.42271,3.6532,-2.74842,1.53365,-2.83516,1.5893,-1.42271,3.6532,-1.72257,3.84082,0.00598264,1,1,0.0818066,0.0239893,0.20341
-2.4134,1.88443,-0.650185,0.5,2,2.02917,-1.39107,3.63725,-2.65062,1.47772,-2.65062,1.47772,-1.39107,3.63725,-1.0534,3.43506,0.0291674,2,1,0.114407,0.0123826,0.202651
-2.3283,1.83223,-0.450185,0.5,2,2.03102,-1.25823,3.5585,-2.57539,1.43362,-2.65062,1.47772,-1.25823,3.5585,-1.5614,3.75023,0.0310163,1,1,0.00917315,0.0208247,0.20156
-2.23453,1.79798,-0.250185,0.5,2,2.01162,-1.12908,3.47864,-2.50291,1.38996,-2.50291,1.38996,-1.12908,3.47864,-1.42609,3.67203,0.0116217,2,-1,-0.0946448,0.00529967,0.20492
-2.14029,1.76503,-0.436185,0.5,2,1.98687,-1.02948,3.41237,-2.42717,1.33958,-2.50291,1.38996,-1.02948,3.41237,-1.32134,3.60513,-0.0131333,1,-1,-0.122531,0.00369443,0.202031
-2.05447,1.71403,-0.636185,0.5,2,1.98347,-0.99018,3.38778,-2.33162,1.27816,-2.33162,1.27816,-0.99018,3.38778,-1.28536,3.57531,-0.0165251,2,-1,-0.0169416,0.0315913,0.200209
-1.98049,1.64699,-0.836185,0.5,2,2.00137,-0.922587,3.34591,-2.24405,1.22372,-2.33162,1.27816,-0.922587,3.34591,-1.22242,3.53177,0.00137043,1,1,0.0885439,0.0120473,0.20211
-1.90717,1.57923,-0.646185,0.5,2,2.02418,-0.863917,3.31386,-2.1524,1.17148,-2.1524,1.17148,-0.863917,3.31386,-1.16982,3.4977,0.0241833,2,1,0.112258,0.0327884,0.203218
-1.82186,1.52737,-0.446185,0.5,2,2.02573,-0.761472,3.25339,-2.07012,1.12327,-2.1524,1.17148,-0.761472,3.25339,-0.431484,3.04127,0.0257277,1,1,0.00762423,0.0276429,0.202575
-1.72795,1.4935,-0.246185,0.5,2,2.00578,-0.63243,3.17367,-1.99789,1.0795,-1.99789,1.0795,-0.63243,3.17367,-0.929352,3.36528,0.00577617,2,-1,-0.0990165,0.0431521,0.201498
-1.63371,1.46055,-0.436185,0.5,2,1.97776,-0.471444,3.06076,-1.94061,1.038,-1.99789,1.0795,-0.471444,3.06076,-0.757778,3.25713,-0.0222437,1,-1,-0.136913,0.0262824,0.204654
