-4.34627e-19,1.71719e-36,-6.78717e-18,0.5,2,2.00729,0.0700588,2.00607,-0.0171966,-0.492408,0,0,0.0700588,2.00607,-0.282985,2.01358,0.00729179,1,0.231144,0.0145836,0,0.5
0.0187117,0.00055594,0.0446108,0.5,2,2.0062,0.0692727,2.00612,0.00626673,-0.493088,0.00626673,-0.493088,0.0692727,2.00612,-0.284558,2.01634,0.00619912,2,1,-0.00541735,0.0530262,0.201699
0.0766475,0.00939551,0.239998,0.5,2,1.99735,0.120195,2.00627,0.0656884,-0.493137,0.00626673,-0.493088,0.120195,2.00627,0.508018,1.99628,-0.00265169,1,-0.193059,-0.04283,0.0379422,0.20665
0.168502,0.0308374,0.21093,0.5,2,1.9738,0.234451,2.00354,0.15092,-0.495067,0.15092,-0.495067,0.234451,2.00354,0.617062,1.98704,-0.0261985,2,-1,-0.113127,0.0445232,0.208146
0.267599,0.0429707,0.0222274,0.5,2,1.95903,0.326625,2.00111,0.251299,-0.497751,0.15092,-0.495067,0.326625,2.00111,-0.0190203,2.01408,-0.0409672,1,-0.413012,-0.0765588,0.0122062,0.192907
0.367547,0.0408317,-0.062723,0.5,2,1.96047,0.422079,2.00054,0.35254,-0.498492,0.35254,-0.498492,0.422079,2.00054,0.0771273,2.00611,-0.0395323,2,-1,0.00707178,0.0199036,0.202908
0.466109,0.0249436,-0.259788,0.5,2,1.97606,0.462139,2.001,0.467161,-0.498996,0.35254,-0.498492,0.462139,2.001,0.113746,2.00008,-0.023941,1,0.162237,0.0772814,0.0177045,0.201747
0.563041,0.000381965,-0.23199,0.5,2,2.00212,0.538307,2.00235,0.569191,-0.497456,0.569191,-0.497456,0.538307,2.00235,0.926673,2.00288,0.00212407,2,1,0.12839,0.00716819,0.203015
0.661962,-0.0130851,-0.0353406,0.5,2,2.01774,0.662843,2.00465,0.661752,-0.495345,0.569191,-0.497456,0.662843,2.00465,0.306685,2.00695,0.0177395,1,0.398747,0.0769115,0.013944,0.203031
0.761933,-0.012335,0.047415,0.5,2,2.01679,0.807107,2.00395,0.751109,-0.495424,0.751109,-0.495424,0.807107,2.00395,0.451871,2.01003,0.0167894,2,1,-0.00468752,0.0706702,0.202687
0.860727,0.00203551,0.244409,0.5,2,2.00204,0.930477,2.00286,0.843378,-0.495621,0.751109,-0.495424,0.930477,2.00286,0.577566,2.01595,0.00204134,1,-0.230131,-0.072927,0.084261,0.202231
0.958142,0.0245848,0.204533,0.5,2,1.97716,1.03684,2.00018,0.937331,-0.497837,0.937331,-0.497837,1.03684,2.00018,0.688409,2.01467,-0.0228361,2,-1,-0.12316,0.0627224,0.201993
1.0574,0.0353045,0.00761273,0.5,2,1.96396,1.07673,1.99917,1.05212,-0.500708,0.937331,-0.497837,1.07673,1.99917,0.729937,2.00565,-0.0360379,1,-0.383896,-0.0650667,0.0339128,0.202897
1.15732,0.031924,-0.072247,0.5,2,1.97027,1.059,1.99974,1.18375,-0.497149,1.18375,-0.497149,1.059,1.99974,1.43895,2.001,-0.0297332,2,-1,0.0312904,0.0653324,0.201492
1.25571,0.0150529,-0.269783,0.5,2,1.99008,1.27161,2.00507,1.25164,-0.494851,1.18375,-0.497149,1.27161,2.00507,0.922513,1.99717,-0.0099206,1,0.300551,0.0978614,0.072173,0.202456
1.35272,-0.00918723,-0.214875,0.5,2,2.01601,1.32849,2.00667,1.35853,-0.493145,1.35853,-0.493145,1.32849,2.00667,0.973682,1.99902,0.0160077,2,1,0.127701,0.0552597,0.203038
1.45185,-0.0209729,-0.0183719,0.5,2,2.02962,1.45372,2.00865,1.45142,-0.491352,1.35853,-0.493145,1.45372,2.00865,1.06003,2.00473,0.0296211,1,0.426461,0.0673087,0.0180139,0.202254
1.55179,-0.0182634,0.069788,0.5,2,2.02681,1.58721,2.00823,1.54351,-0.491386,1.54351,-0.491386,1.58721,2.00823,1.22972,2.01552,0.0268054,2,1,-0.0139343,0.0119646,0.202072
1.65022,-0.0016177,0.267494,0.5,2,2.00967,1.70893,2.0072,1.6359,-0.491737,1.54351,-0.491386,1.70893,2.0072,1.3549,2.01627,0.00967145,1,-0.215582,-0.0846009,0.0239325,0.202527
1.74706,0.0233085,0.230455,0.5,2,1.98224,1.80918,2.00458,1.73083,-0.494195,1.73083,-0.494195,1.80918,2.00458,2.19308,1.98712,-0.0177574,2,-1,-0.135172,0.00169146,0.202918
1.84599,0.0366787,0.0343775,0.5,2,1.96598,1.91565,2.00142,1.82707,-0.497006,1.73083,-0.494195,1.91565,2.00142,1.5696,2.01094,-0.0340199,1,-0.396936,-0.0805852,0.00866308,0.201805
1.94596,0.0359085,-0.0474219,0.5,2,1.966,1.97057,2.00175,1.93928,-0.498053,1.93928,-0.498053,1.97057,2.00175,2.35196,1.99341,-0.0340039,2,-1,7.95618e-05,0.0104629,0.202274
2.04475,0.02148,-0.24501,0.5,2,1.97776,2.11509,1.99799,2.02617,-0.50043,1.93928,-0.498053,2.11509,1.99799,1.76787,2.00114,-0.0222409,1,0.0793302,0.0580035,0.00717814,0.202798
2.14182,-0.00252365,-0.23454,0.5,2,2.00228,2.1222,1.99966,2.1467,-0.500216,2.1467,-0.500216,2.1222,1.99966,2.51068,1.99969,0.00228333,2,1,0.120985,0.0170144,0.202705
2.24069,-0.0163645,-0.0391436,0.5,2,2.0182,2.24925,2.00181,2.23865,-0.498164,2.1467,-0.500216,2.24925,2.00181,1.89275,2.00707,0.0181959,1,0.403171,0.0788885,0.0390353,0.201709
2.34067,-0.0160109,0.0438778,0.5,2,2.0178,2.393,2.00111,2.32816,-0.498046,2.32816,-0.498046,2.393,2.00111,2.03736,2.01013,0.0178022,2,1,-0.00193091,0.0402972,0.203857
2.43952,-0.00204509,0.240297,0.5,2,2.00347,2.4826,2.00096,2.42884,-0.498457,2.32816,-0.498046,2.4826,2.00096,2.8715,1.99056,0.00347328,1,-0.218482,-0.0705145,0.0255776,0.203206
2.53698,0.0203272,0.203911,0.5,2,1.97879,2.61697,1.9975,2.5159,-0.500454,2.5159,-0.500454,2.61697,1.9975,2.2683,2.01189,-0.0212067,2,-1,-0.122391,0.0052032,0.20165
2.63623,0.0310655,0.00781897,0.5,2,1.9654,2.68947,1.99575,2.62175,-0.503334,2.5159,-0.500454,2.68947,1.99575,2.34334,2.00314,-0.0345953,1,-0.380904,-0.0663066,0.0252172,0.201918
2.73615,0.0277341,-0.0714574,0.5,2,1.96809,2.77374,1.99547,2.72599,-0.504078,2.72599,-0.504078,2.77374,1.99547,2.42712,1.99988,-0.031909,2,-1,0.0131469,0.763601,0.204327
2.83458,0.0110606,-0.267743,0.5,2,1.98439,2.84638,1.99542,2.83152,-0.504535,2.72599,-0.504078,2.84638,1.99542,2.49698,1.99457,-0.0156051,1,0.233626,0.0803654,0.0349457,0.202872
2.93139,-0.013955,-0.229653,0.5,2,2.01107,2.90185,1.9969,2.93858,-0.502835,2.93858,-0.502835,2.90185,1.9969,2.54672,1.99464,0.0110672,2,1,0.133402,0.042305,0.199939
3.03034,-0.0272371,-0.0334848,0.5,2,2.0265,3.02746,1.99926,3.03101,-0.500735,2.93858,-0.502835,3.02746,1.99926,2.66963,2.00163,0.0265019,1,0.426231,0.0745642,0.0616248,0.206999
3.1303,-0.0258189,0.0569253,0.5,2,2.02485,3.1564,1.99886,3.12417,-0.500934,3.12417,-0.500934,3.1564,1.99886,2.79911,2.0052,0.0248458,2,1,-0.00824918,0.0620646,0.200754
3.22897,-0.0106059,0.252909,0.5,2,2.01327,3.1766,2.00198,3.24163,-0.49717,3.12417,-0.500934,3.1766,2.00198,3.56491,1.99483,0.0132711,1,-0.126249,-0.0578992,0.0466319,0.199912
3.32596,0.013731,0.23329,0.5,2,1.98852,3.41733,2.00015,3.30246,-0.497205,3.30246,-0.497205,3.41733,2.00015,3.06784,2.01026,-0.0114766,2,-1,-0.120789,0.0221431,0.204884
3.42483,0.027593,0.0394066,0.5,2,1.97169,3.48477,1.99837,3.40876,-0.500476,3.30246,-0.497205,3.48477,1.99837,3.13828,2.00198,-0.0283128,1,-0.381391,-0.0829389,0.0361473,0.202995
3.5248,0.0272349,-0.0418204,0.5,2,1.97129,3.57284,1.99794,3.51192,-0.501319,3.51192,-0.501319,3.57284,1.99794,3.22557,2.00496,-0.0287106,2,-1,-0.00198796,0.0156433,0.200106
3.62367,0.0134258,-0.238727,0.5,2,1.98437,3.61253,1.99776,3.62657,-0.5022,3.51192,-0.501319,3.61253,1.99776,3.99716,1.99419,-0.0156338,1,0.191419,0.0648703,0.00636186,0.201584
3.72114,-0.00892917,-0.206401,0.5,2,2.00811,3.71504,1.99917,3.72263,-0.500816,3.72263,-0.500816,3.71504,1.99917,4.17433,1.98162,0.00811124,2,1,0.115094,0.0309825,0.20631
3.82034,-0.0201607,-0.0128692,0.5,2,2.02105,3.81108,2.00087,3.82253,-0.499103,3.72263,-0.500816,3.81108,2.00087,4.19913,1.97736,0.0210531,1,0.392836,0.0642254,0.587088,0.201506
3.92026,-0.0170446,0.0705553,0.5,2,2.01387,4.23383,1.97227,3.84457,-0.497244,3.84457,-0.497244,4.23383,1.97227,3.88353,2.00179,0.0138719,2,-1,-0.0359898,0.208956,0.199534
4.02007,-0.0192974,-0.122481,0.5,2,2.00562,4.23034,1.97527,3.96824,-0.510952,3.84457,-0.497244,4.23034,1.97527,3.8793,2.00289,0.00562072,1,-0.132616,-0.0407354,0.164044,0.202556
4.11908,-0.0333373,-0.154208,0.5,2,2.01276,4.21865,1.97696,4.09497,-0.519981,4.09497,-0.519981,4.21865,1.97696,3.86314,2.00284,0.0127592,2,1,0.0351922,0,0.202843
4.21873,-0.0394136,0.0389962,0.5,2,2.0179,4.2457,1.9783,4.21228,-0.521473,4.09497,-0.519981,4.2457,1.9783,4.63806,1.97381,0.0178976,1,0.315964,0.0255383,0.13607,0.201203
4.31844,-0.0320246,0.105609,0.5,2,2.00942,4.35173,1.97712,4.31031,-0.522539,4.31031,-0.522539,4.35173,1.97712,4.7409,1.9642,0.00941801,2,-1,-0.0419188,0.172025,0.202286
4.41826,-0.0308159,-0.087811,0.5,2,2.0059,4.48937,1.97382,4.40075,-0.524606,4.31031,-0.522539,4.48937,1.97382,4.88033,1.96564,0.00589991,1,-0.0186215,-0.0171468,0.180575,0.205175
4.51779,-0.0405373,-0.0993863,0.5,2,2.01508,4.54222,1.97439,4.51191,-0.525422,4.51191,-0.525422,4.54222,1.97439,4.93302,1.96548,0.0150797,2,1,0.0454218,0.169041,0.202102
4.61762,-0.0412733,0.0924647,0.5,2,2.01589,4.67751,1.97372,4.60324,-0.525174,4.51191,-0.525422,4.67751,1.97372,4.32229,1.9837,0.0158856,1,0.259518,0.00401712,0.00430575,0.200605
4.71686,-0.0290263,0.148811,0.5,2,2.00186,4.76835,1.97217,4.70405,-0.526998,4.70405,-0.526998,4.76835,1.97217,4.41532,1.98234,0.00186324,2,-1,-0.0690227,0.00950772,0.203156
4.81653,-0.0232915,-0.0423721,0.5,2,1.99333,4.8662,1.96942,4.8039,-0.529802,4.70405,-0.526998,4.8662,1.96942,5.28743,1.94909,-0.00666761,1,-0.212598,-0.0422959,0.0181921,0.201694
4.91629,-0.0300378,-0.0888287,0.5,2,1.99905,4.95431,1.96865,4.90677,-0.530899,4.90677,-0.530899,4.95431,1.96865,4.60209,1.97406,-0.000951886,2,1,0.0283195,0.0872321,0.20183
5.01613,-0.0295203,0.105108,0.5,2,1.99843,5.05023,1.96862,5.00757,-0.531014,4.90677,-0.530899,5.05023,1.96862,5.43623,1.95066,-0.00156629,1,-0.0733795,-0.00304481,0.0472881,0.201788
5.11559,-0.0192316,0.0957993,0.5,2,1.98155,5.27145,1.95618,5.07482,-0.536072,5.07482,-0.536072,5.27145,1.95618,4.92415,1.97309,-0.0184467,2,-1,-0.0823811,0.0517808,0.204906
5.21543,-0.0189257,-0.0967877,0.5,2,1.97695,5.26876,1.95731,5.20132,-0.541784,5.07482,-0.536072,5.26876,1.95731,4.91967,1.97089,-0.0230485,1,-0.294032,-0.0231515,0.025814,0.19877
5.31457,-0.0319232,-0.15983,0.5,2,1.98946,5.32004,1.95753,5.31316,-0.542463,5.31316,-0.542463,5.32004,1.95753,5.70609,1.95312,-0.0105413,2,1,0.0611056,0.0472544,0.204682
5.41415,-0.039027,0.0285237,0.5,2,1.99731,5.4269,1.95825,5.41094,-0.541702,5.31316,-0.542463,5.4269,1.95825,5.814,1.95012,-0.00268531,1,0.183149,0.0360086,0.0309913,0.218171
5.51393,-0.0325774,0.0839411,0.5,2,1.98995,5.55528,1.95694,5.50333,-0.542519,5.50333,-0.542519,5.55528,1.95694,5.94129,1.94558,-0.0100514,2,-1,-0.0380568,0.0644187,0.193555
5.61377,-0.0324751,-0.0983117,0.5,2,1.98773,5.67042,1.95445,5.59917,-0.544538,5.50333,-0.542519,5.67042,1.95445,5.32054,1.9612,-0.0122707,1,-0.212724,-0.0115602,0.0307919,0.191979
5.71301,-0.0447136,-0.144006,0.5,2,1.99951,5.72177,1.95478,5.71082,-0.545197,5.71082,-0.545197,5.72177,1.95478,6.10967,1.94925,-0.000487924,2,1,0.058363,0.00381569,0.201888
5.81273,-0.0495844,0.0511436,0.5,2,2.0048,5.85016,1.95487,5.80348,-0.544695,5.71082,-0.545197,5.85016,1.95487,5.49679,1.96103,0.00480294,1,0.207442,0.0256317,0.0149622,0.206419
5.91243,-0.0420121,0.0965948,0.5,2,1.99602,5.96349,1.95336,5.89954,-0.545823,5.89954,-0.545823,5.96349,1.95336,5.61123,1.96519,-0.00397575,2,-1,-0.0433241,0.0436549,0.202628
6.01227,-0.0418746,-0.0985754,0.5,2,1.99372,6.06961,1.95102,5.99771,-0.547944,5.89954,-0.545823,6.06961,1.95102,5.71866,1.95807,-0.00627911,1,-0.171397,-0.0114101,0.00541172,0.201871
6.11155,-0.0537456,-0.136169,0.5,2,2.00506,6.13962,1.95112,6.10463,-0.548637,6.10463,-0.548637,6.13962,1.95112,5.78603,1.95657,0.00506043,2,1,0.0559772,0.0356381,0.202574
6.21131,-0.0578185,0.0591451,0.5,2,2.00944,6.26781,1.95083,6.19751,-0.548186,6.10463,-0.548637,6.26781,1.95083,5.914,1.95828,0.00943899,1,0.226255,0.0216987,0.0492331,0.201789
6.31094,-0.049346,0.107491,0.5,2,2.00258,6.27044,1.95282,6.321,-0.546666,6.321,-0.546666,6.27044,1.95282,6.65697,1.9454,0.00257874,2,-1,-0.0338871,0.039815,0.202444
6.41076,-0.0481133,-0.0876039,0.5,2,2.00055,6.48126,1.9512,6.39316,-0.547252,6.321,-0.546666,6.48126,1.9512,6.12989,1.95535,0.000551224,1,-0.0998518,-0.0100442,0.0186062,0.201859
6.51025,-0.0582113,-0.111175,0.5,2,2.01005,6.55831,1.95126,6.49854,-0.548021,6.49854,-0.548021,6.55831,1.95126,6.20469,1.9551,0.0100501,2,1,0.0464599,0.0291243,0.204452
6.61007,-0.0599758,0.0822261,0.5,2,2.01184,6.65532,1.95135,6.59909,-0.548015,6.49854,-0.548021,6.65532,1.95135,6.30051,1.96042,0.011837,1,0.209501,0.00885633,0.00950171,0.201771
6.7095,-0.0493659,0.127288,0.5,2,1.9996,6.76906,1.94935,6.69459,-0.549542,6.69459,-0.549542,6.76906,1.94935,6.41685,1.95838,-0.000398278,2,-1,-0.0600876,0.00420391,0.203624
6.80928,-0.046164,-0.0678737,0.5,2,1.9939,6.87501,1.94665,6.7926,-0.551993,6.69459,-0.549542,6.87501,1.94665,6.52384,1.95669,-0.00610387,1,-0.214749,-0.0278803,0.0173301,0.204646
6.90882,-0.055624,-0.11632,0.5,2,2.00255,6.93206,1.94679,6.90305,-0.553042,6.90305,-0.553042,6.93206,1.94679,6.5784,1.95441,0.00254822,2,1,0.0429404,0.0101869,0.201491
7.00864,-0.0577334,0.0788207,0.5,2,2.00475,7.06056,1.94634,6.99581,-0.552818,6.90305,-0.553042,7.06056,1.94634,6.70726,1.95496,0.00474954,1,0.163807,0.0107251,0.00233075,0.205249
7.10814,-0.0478172,0.115763,0.5,2,1.99334,7.15571,1.94495,7.09605,-0.554336,7.09605,-0.554336,7.15571,1.94495,6.80354,1.95852,-0.00666344,2,-1,-0.0565916,0.0184691,0.201672
7.20795,-0.0457835,-0.0795816,0.5,2,1.989,7.26209,1.94248,7.19404,-0.556591,7.09605,-0.554336,7.26209,1.94248,6.91168,1.95088,-0.0109967,1,-0.227845,-0.0213686,0.0441348,0.202787
7.30739,-0.0563055,-0.128239,0.5,2,2.00024,7.24971,1.9431,7.3218,-0.555859,7.3218,-0.555859,7.24971,1.9431,6.89435,1.94657,0.000238657,2,1,0.0555952,0,0.202092
7.40717,-0.0596095,0.0668495,0.5,2,2.00908,7.27297,1.94498,7.43996,-0.549435,7.3218,-0.555859,7.27297,1.94498,6.91099,1.95588,0.0090785,1,0.270988,0.0436227,0,0.202643
7.50668,-0.0498714,0.124692,0.5,2,2.00944,7.29161,1.94803,7.55918,-0.537614,7.3218,-0.555859,7.29161,1.94803,6.92626,1.95522,0.00943923,1,0.192954,0.00178972,4.7881,0.201555
7.60563,-0.0354927,0.163595,0.5,2,2.00943,7.31302,1.95252,7.67707,-0.520833,7.3218,-0.555859,7.31302,1.95252,6.94345,1.95823,0.00943089,1,0.20744,-4.08931e-05,2.41856,0.20406
7.70393,-0.0171713,0.205011,0.5,2,2.01156,7.29443,1.95226,7.80337,-0.495385,7.3218,-0.555859,7.29443,1.95226,6.90962,1.97419,0.0115576,1,0.272747,0.0104809,2.12686,0.202912
7.80124,0.00581468,0.259234,0.5,2,2.00859,7.32033,1.95598,7.9189,-0.471306,7.3218,-0.555859,7.32033,1.95598,6.93382,1.96762,0.00858617,1,0.176207,-0.0147771,2.38029,0.201082
7.89742,0.0331832,0.294861,0.5,2,2.01214,7.31268,1.95848,8.03919,-0.433624,7.3218,-0.555859,7.31268,1.95848,6.90646,1.98697,0.0121381,1,0.333361,0.0174143,2.43121,0.203968
7.99209,0.0653374,0.360748,0.5,2,2.00508,7.35026,1.96491,8.15052,-0.403545,7.3218,-0.555859,7.35026,1.96491,6.94426,1.98169,0.00507617,1,-0.0544934,-0.0349184,1.90143,0.202242
8.08578,0.100304,0.351788,0.5,2,2.02385,7.32253,1.97472,8.26534,-0.340685,7.3218,-0.555859,7.32253,1.97472,6.89646,1.99214,0.0238528,1,0.50509,0.0926438,2.16043,0.202676
8.17786,0.139186,0.450008,0.5,2,2.00436,7.36954,1.97333,8.37774,-0.314365,7.3218,-0.555859,7.36954,1.97333,6.93723,1.99358,0.0043571,1,-0.194916,-0.0945009,1.84833,0.206302
8.26847,0.181477,0.417325,0.5,2,2.01902,7.38622,1.99754,8.47865,-0.251152,7.3218,-0.555859,7.38622,1.99754,6.95003,2.00211,0.019021,1,0.461821,0.0732509,2.2228,0.200188
8.35806,0.225822,0.505749,0.5,2,2.02201,7.34775,1.97734,8.59689,-0.188221,7.3218,-0.555859,7.34775,1.97734,6.85141,2.02283,0.0220144,1,0.398791,0.01489,2.09421,0.201031
8.44351,0.277725,0.585759,0.5,2,2.0115,7.39067,1.99168,8.69919,-0.138517,7.3218,-0.555859,7.39067,1.99168,6.8974,2.02151,0.0114985,1,-0.0375942,-0.0517361,2.15229,0.203261
8.52695,0.332839,0.579986,0.5,2,2.02424,7.38826,2.00644,8.79457,-0.0605073,7.3218,-0.555859,7.38826,2.00644,6.86489,2.04014,0.0242434,1,0.485417,0.0626157,2.20972,0.203542
8.60796,0.391402,0.674454,0.5,2,2.01028,7.40816,2.00439,8.90023,-0.00152907,7.3218,-0.555859,7.40816,2.00439,6.86149,2.04046,0.0102849,1,-0.0944289,-0.0692498,2.30634,0.201567
8.68651,0.453289,0.657888,0.5,2,2.03437,7.38718,2.01867,8.9839,0.0950007,7.3218,-0.555859,7.38718,2.01867,6.79349,2.05903,0.0343678,1,0.584856,0.116549,2.31235,0.206633
8.76227,0.518466,0.768745,0.5,2,2.01904,7.41007,2.01783,9.08438,0.161301,7.3218,-0.555859,7.41007,2.01783,7.49004,2.632,0.019042,1,-0.0516606,-0.0752198,2.31657,0.203747
8.83408,0.588063,0.764779,0.5,2,2.0124,7.41561,2.01555,9.17777,0.242189,7.3218,-0.555859,7.41561,2.01555,7.47807,2.61224,0.0124023,1,0.0463396,-0.0333346,2.22427,0.199184
8.90595,0.657593,0.773458,0.5,2,2.03061,7.4375,2.0601,9.2454,0.333391,7.3218,-0.555859,7.4375,2.0601,7.48002,2.67034,0.0306072,1,0.52386,0.0909666,2.26585,0.200128
8.97385,0.730943,0.87632,0.5,2,2.03291,7.43474,2.05904,9.32749,0.425791,7.3218,-0.555859,7.43474,2.05904,7.50019,2.603,0.0329051,1,0.440819,0.0113434,2.14925,0.202574
9.03435,0.810527,0.964899,0.5,2,2.02616,7.45342,2.07779,9.40407,0.514159,7.3218,-0.555859,7.45342,2.07779,7.50512,2.61472,0.0261559,1,0.334345,-0.0332786,2.00973,0.202808
9.08847,0.894596,1.0323,0.5,2,2.0209,7.4505,2.07827,9.47679,0.613979,7.3218,-0.555859,7.4505,2.07827,7.51606,2.57219,0.0208991,1,0.337275,-0.026027,1.74401,0.201978
9.13682,0.982108,1.09974,0.5,2,2.02134,7.46085,2.11212,9.53369,0.714516,7.3218,-0.555859,7.46085,2.11212,7.53461,2.58374,0.0213401,1,0.431558,0.0021352,1.60679,0.206573
9.17837,1.07303,1.1853,0.5,2,1.9949,7.46998,2.10309,9.61093,0.812226,7.3218,-0.555859,7.46998,2.10309,7.53131,2.56062,-0.00509942,1,-0.200226,-0.12835,1.40449,0.205996
9.21714,1.1652,1.15283,0.5,2,1.9876,7.47787,2.12722,9.66552,0.917197,7.3218,-0.555859,7.47787,2.12722,7.53401,2.57489,-0.0124012,1,-0.104881,-0.0368387,2.62416,0.19821
9.25875,1.25613,1.1311,0.5,2,1.98182,7.46545,2.09974,9.72764,1.03556,7.3218,-0.555859,7.46545,2.09974,7.5257,2.52422,-0.0181792,1,-0.137185,-0.0289932,1.29474,0.199286
9.30254,1.34603,1.10382,0.5,2,1.9877,7.46956,2.11489,9.77496,1.14787,7.3218,-0.555859,7.46956,2.11489,7.51556,2.54032,-0.0122952,1,0.0692827,0.0286381,2.3669,0.205458
9.34707,1.43557,1.11623,0.5,2,2.00058,7.46768,2.12128,9.81624,1.26439,7.3218,-0.555859,7.46768,2.12128,7.525,2.53232,0.000576019,1,0.390522,0.063689,3.5571,0.202096
9.38763,1.52695,1.19209,0.5,2,2.00979,7.47296,2.13795,9.85463,1.37792,7.3218,-0.555859,7.47296,2.13795,7.52212,2.54823,0.00979018,1,0.420749,0.0459504,2.8633,0.200524
9.42066,1.6213,1.27609,0.5,2,2.01894,7.46948,2.13996,9.88558,1.49772,7.3218,-0.555859,7.46948,2.13996,7.52921,2.53916,0.0189397,1,0.478636,0.0441951,0,0.207027
9.44514,1.71822,1.37129,0.5,2,2.01703,7.47539,2.15241,9.91678,1.61426,7.3218,-0.555859,7.47539,2.15241,7.5381,2.54469,0.0170345,1,0.378553,-0.00939184,0,0.202857
9.46113,1.81691,1.448,0.5,2,2.01435,7.47761,2.16793,9.93935,1.73228,9.93935,1.73228,7.47761,2.16793,7.53788,2.55655,0.0143452,2,1,-0.0135514,0,0.198457
9.46377,1.91671,1.64427,0.5,2,2.00215,7.49077,2.25716,9.95437,1.83206,9.93935,1.73228,7.49077,2.25716,7.55942,2.63973,0.00215411,1,-0.058831,-0.0606528,0.038635,0.200998
9.4566,2.01645,1.63674,0.5,2,1.97851,7.50949,2.36755,9.96981,1.92391,9.96981,1.92391,7.50949,2.36755,7.58051,2.74496,-0.0214915,2,-1,-0.115642,0.00471943,0.204472
9.45944,2.11625,1.44239,0.5,2,1.96436,7.52122,2.43563,9.98796,2.02916,9.96981,1.92391,7.52122,2.43563,7.58832,2.81052,-0.0356394,1,-0.242903,-0.0700825,0.00746021,0.201874
9.47509,2.215,1.38927,0.5,2,1.96504,7.53644,2.53598,10.0029,2.12762,10.0029,2.12762,7.53644,2.53598,7.48005,2.19415,-0.0349576,2,-1,0.0033347,0.0164523,0.204443
9.50226,2.31107,1.19532,0.5,2,1.97738,7.54667,2.60379,10.0191,2.2337,10.0029,2.12762,7.54667,2.60379,7.60666,2.98283,-0.0226239,1,0.23495,0.0599595,0.00023593,0.205701
9.53797,2.40447,1.22873,0.5,2,2.00065,7.55981,2.70361,10.0317,2.32981,10.0317,2.32981,7.55981,2.70361,7.51034,2.35488,0.00065279,2,1,0.116136,0.0209888,0.200427
9.56255,2.50123,1.42184,0.5,2,2.01259,7.57225,2.79991,10.0446,2.4289,10.0317,2.32981,7.57225,2.79991,7.51587,2.44887,0.0125892,1,0.499367,0.0602916,0.0264323,0.197978
9.57219,2.60072,1.52422,0.5,2,2.0076,7.59311,2.9379,10.0576,2.51802,10.0576,2.51802,7.59311,2.9379,7.53279,2.58893,0.00760055,2,-1,-0.0246599,0.00634902,0.202299
9.58604,2.69959,1.33172,0.5,2,2.00493,7.60977,3.03734,10.074,2.61619,10.0576,2.51802,7.60977,3.03734,7.55185,2.68888,0.00492573,1,0.14712,-0.0131545,0.00107555,0.203339
9.60884,2.79695,1.35541,0.5,2,2.01315,7.62238,3.12371,10.0892,2.71793,10.0892,2.71793,7.62238,3.12371,7.5666,2.77347,0.0131528,2,1,0.0406789,0.0442946,0.202245
9.62083,2.89607,1.55029,0.5,2,2.01316,7.62344,3.14751,10.1039,2.83526,10.0892,2.71793,7.62344,3.14751,7.56232,2.79449,0.0131619,1,0.378101,4.4246e-05,4.1879,0.204762
9.61861,2.99602,1.63088,0.5,2,1.9989,7.62911,3.18959,10.1174,2.94749,10.0892,2.71793,7.62911,3.18959,7.56768,2.83667,-0.00109792,1,-0.0924902,-0.0693536,4.75775,0.20561
9.61316,3.09587,1.61615,0.5,2,1.98654,7.63012,3.21373,10.1257,3.0654,10.0892,2.71793,7.63012,3.21373,7.56482,2.85892,-0.0134598,1,-0.153365,-0.0621353,0,0.198951
9.61013,3.19582,1.58584,0.5,2,1.98023,7.6299,3.20059,10.1299,3.19456,10.0892,2.71793,7.6299,3.20059,7.56925,2.84102,-0.0197675,1,-0.148321,-0.0314644,2.48183,0.200471
9.61011,3.29581,1.55615,0.5,2,1.98855,7.62459,3.18616,10.1208,3.32401,10.0892,2.71793,7.62459,3.18616,7.56479,2.81756,-0.0114526,1,0.267796,0.0410557,4.36342,0.202529
9.6091,3.3958,1.60763,0.5,2,1.99122,7.62579,3.21843,10.1159,3.44112,10.0892,2.71793,7.62579,3.21843,7.56261,2.84321,-0.00877821,1,0.042176,0.0131451,1.45157,0.203449
9.60486,3.49571,1.61742,0.5,2,2.00529,7.62249,3.19338,10.0939,3.57029,10.0892,2.71793,7.62249,3.19338,7.54634,2.80008,0.00529027,1,0.44409,0.0696659,3.39154,0.201942
9.59597,3.59528,1.70423,0.5,2,2.01356,7.61706,3.22332,10.074,3.68513,10.0892,2.71793,7.61706,3.22332,7.54757,2.82349,0.0135641,1,0.448728,0.0399981,1.39714,0.206856
9.57825,3.69366,1.79393,0.5,2,2.02063,7.61581,3.2122,10.0438,3.80788,10.0892,2.71793,7.61581,3.2122,7.52155,2.78721,0.0206337,1,0.491251,0.0349409,1.49285,0.20233
9.5514,3.78995,1.8918,0.5,2,2.0161,7.60761,3.25483,10.0179,3.91838,10.0892,2.71793,7.60761,3.25483,7.52316,2.82721,0.0161026,1,0.350349,-0.0225305,1.67528,0.201111
9.51645,3.88362,1.963,0.5,2,2.00937,7.59978,3.28035,9.98445,4.03092,10.0892,2.71793,7.59978,3.28035,7.50691,2.83879,0.00936937,1,0.0954412,-0.0337962,1.74009,0.199229
9.47723,3.97561,1.98336,0.5,2,2.00923,7.59694,3.26742,9.9365,4.14858,10.0892,2.71793,7.59694,3.26742,7.50105,2.80512,0.00923395,1,0.36744,-0.000663392,2.08846,0.204135
9.43395,4.06573,2.05522,0.5,2,2.00105,7.58865,3.29174,9.89406,4.25872,10.0892,2.71793,7.58865,3.29174,7.4833,2.81078,0.00105214,1,0.00307325,-0.0404155,2.11766,0.202442
9.38716,4.15411,2.05802,0.5,2,1.99735,7.59067,3.28118,9.83927,4.37379,10.0892,2.71793,7.59067,3.28118,7.48342,2.77524,-0.00265491,1,0.0192771,-0.0183037,2.29953,0.20253
9.34019,4.24239,2.06178,0.5,2,1.99897,7.59407,3.26928,9.77784,4.48629,10.0892,2.71793,7.59407,3.26928,7.45056,2.70503,-0.00103319,1,0.270627,0.00789456,2.34234,0.205423
9.29087,4.32936,2.11364,0.5,2,1.98613,7.59025,3.30339,9.73087,4.59482,10.0892,2.71793,7.59025,3.30339,7.43578,2.71093,-0.013872,1,-0.135907,-0.0635764,2.34217,0.201943
9.24007,4.4155,2.09012,0.5,2,1.99496,7.58141,3.30702,9.65997,4.69612,10.0892,2.71793,7.58141,3.30702,7.45856,2.7098,-0.00503504,1,0.375975,0.0444677,2.35572,0.198728
9.18744,4.5005,2.16275,0.5,2,1.99659,7.57046,3.32929,9.59514,4.79581,10.0892,2.71793,7.57046,3.32929,6.94909,3.46071,-0.00341403,1,0.153967,0.00799737,2.30829,0.202693
9.13028,4.58255,2.19466,0.5,2,2.00589,7.5658,3.32717,9.51566,4.89179,10.0892,2.71793,7.5658,3.32717,6.9857,3.4545,0.00588632,1,0.443467,0.0458033,2.23371,0.20305
9.06846,4.66111,2.2819,0.5,2,2.00848,7.56986,3.32388,9.4352,4.98836,10.0892,2.71793,7.56986,3.32388,7.05036,3.46079,0.00847626,1,0.402115,0.0128482,1.98605,0.20158
9.0002,4.73415,2.36253,0.5,2,2.01635,7.53427,3.34969,9.35182,5.06624,10.0892,2.71793,7.53427,3.34969,7.03578,3.48928,0.0163512,1,0.51943,0.0381905,2.00505,0.206202
8.92559,4.80066,2.46548,0.5,2,2.00936,7.51125,3.37337,9.27094,5.14918,10.0892,2.71793,7.51125,3.37337,7.01934,3.50219,0.00935769,1,0.113585,-0.0342604,1.83546,0.204129
8.84664,4.86204,2.49225,0.5,2,2.00498,7.49973,3.37684,9.17918,5.22872,10.0892,2.71793,7.49973,3.37684,7.02622,3.50041,0.00498104,1,0.100871,-0.0218463,1.90482,0.200338
8.76638,4.92169,2.51253,0.5,2,1.99609,7.50904,3.37137,9.08379,5.31306,10.0892,2.71793,7.50904,3.37137,7.05411,3.4871,-0.00390708,1,-0.0553153,-0.044606,1.85373,0.199258
8.6858,4.98091,2.50225,0.5,2,1.99423,7.52401,3.36005,8.98045,5.39199,10.0892,2.71793,7.52401,3.36005,7.09701,3.48014,-0.00577056,1,0.00391174,-0.00919114,1.84854,0.202747
8.60555,5.04057,2.50273,0.5,2,2.00081,7.4982,3.37413,8.88182,5.45633,10.0892,2.71793,7.4982,3.37413,7.06837,3.48199,0.000812769,1,0.362999,0.0321727,2.26652,0.204625
8.5233,5.09741,2.57318,0.5,2,2.01795,7.46688,3.37807,8.77565,5.50812,10.0892,2.71793,7.46688,3.37807,7.05276,3.49641,0.0179543,1,0.558912,0.0852556,1.96163,0.201061
8.43624,5.1465,2.68398,0.5,2,2.00517,7.4881,3.37966,8.67022,5.58252,10.0892,2.71793,7.4881,3.37966,7.09247,3.50001,0.00516915,1,-0.0434402,-0.0617122,2.96521,0.207174
8.34649,5.1906,2.68072,0.5,2,2.0061,7.4858,3.37852,8.55839,5.63673,10.0892,2.71793,7.4858,3.37852,7.09548,3.49418,0.00609779,1,0.338508,0.00459219,0,0.202222
8.25562,5.23231,2.74498,0.5,2,2.0067,7.48044,3.38138,8.44618,5.68732,10.0892,2.71793,7.48044,3.38138,7.09747,3.49733,0.00670218,1,0.35829,0.00302419,4.24253,0.199852
8.16208,5.26762,2.81652,0.5,2,2.00638,7.45532,3.38984,8.33597,5.7296,10.0892,2.71793,7.45532,3.38984,7.07864,3.50825,0.00638056,1,0.35757,-0.00159879,0,0.201169
8.06626,5.29614,2.88804,0.5,2,2.00274,7.42986,3.3972,8.22427,5.76763,8.22427,5.76763,7.42986,3.3972,7.05596,3.51246,0.00273943,2,-1,-0.0178887,0,0.203543
7.97233,5.32995,2.69618,0.5,2,2.00688,7.36817,3.41617,8.12078,5.8002,8.22427,5.76763,7.36817,3.41617,6.99599,3.53329,0.00688243,1,0.452245,0.0205549,0.0261061,0.201558
7.88054,5.36956,2.77937,0.5,2,2.01948,7.2984,3.4358,8.01906,5.82968,8.01906,5.82968,7.2984,3.4358,6.92145,3.54694,0.0194819,2,1,0.061024,0.049975,0.206467
7.78424,5.3959,2.97444,0.5,2,2.0178,7.17489,3.47232,7.92987,5.85559,8.01906,5.82968,7.17489,3.47232,6.80017,3.58928,0.0177972,1,0.468179,-0.0083565,0.0290251,0.201599
7.68496,5.40754,3.0718,0.5,2,1.99957,7.06709,3.50583,7.8396,5.88348,7.8396,5.88348,7.06709,3.50583,6.69952,3.62968,-0.000434041,2,-1,-0.090368,0.0134929,0.201745
7.58642,5.42355,2.88061,0.5,2,1.98393,6.94204,3.54719,7.75404,5.91165,7.8396,5.88348,6.94204,3.54719,7.27348,3.4373,-0.0160723,1,-0.0850226,-0.0774006,0.0169262,0.202043
7.49017,5.4507,2.85811,0.5,2,1.98144,6.90285,3.55831,7.64388,5.94596,7.64388,5.94596,6.90285,3.55831,6.53747,3.67706,-0.0185623,2,-1,-0.0122835,0.024482,0.202715
7.39739,5.48755,2.6636,0.5,2,1.98898,6.80304,3.58945,7.5501,5.97522,7.64388,5.94596,6.80304,3.58945,7.13755,3.48327,-0.0110234,1,0.376981,0.0373424,0.0606685,0.201886
7.30724,5.53078,2.73211,0.5,2,2.00535,6.73898,3.60762,7.44741,6.00515,7.44741,6.00515,6.73898,3.60762,7.07778,3.50474,0.00535321,2,1,0.0796635,0.0362761,0.205572
7.2123,5.56164,2.92713,0.5,2,2.00839,6.58208,3.6547,7.36656,6.02843,7.44741,6.00515,6.58208,3.6547,6.91876,3.54652,0.00838685,1,0.487814,0.0149006,0.0467749,0.203592
7.11364,5.57769,3.0293,0.5,2,1.99453,6.48295,3.6855,7.27347,6.05722,7.27347,6.05722,6.48295,3.6855,6.81673,3.57522,-0.00547326,2,-1,-0.0684682,0.0556273,0.202431
7.01577,5.59744,2.84269,0.5,2,1.98376,6.46479,3.69173,7.15916,6.09337,7.27347,6.05722,6.46479,3.69173,6.09916,3.80821,-0.0162396,1,-0.0289369,-0.0538853,0.0625953,0.199802
6.92049,5.6278,2.83011,0.5,2,1.98797,6.31123,3.73549,7.07742,6.11519,7.07742,6.11519,6.31123,3.73549,6.64523,3.63049,-0.0120251,2,-1,0.0207133,0.0182663,0.203469
6.82873,5.66712,2.63691,0.5,2,1.99792,6.2141,3.76609,6.98318,6.14485,7.07742,6.11519,6.2141,3.76609,6.55028,3.66468,-0.00208116,1,0.508334,0.04916,0.0158023,0.202278
6.73935,5.71188,2.72801,0.5,2,2.01583,6.1602,3.78103,6.87845,6.17564,6.87845,6.17564,6.1602,3.78103,6.50099,3.68176,0.0158279,2,1,0.0896137,0.0352757,0.199847
6.64446,5.7429,2.92556,0.5,2,2.01875,6.00797,3.82711,6.79619,6.1996,6.87845,6.17564,6.00797,3.82711,6.34613,3.71727,0.0187523,1,0.566401,0.0141774,0.0110089,0.206274
6.54572,5.75839,3.04274,0.5,2,2.00408,5.90438,3.85971,6.70442,6.22823,6.70442,6.22823,5.90438,3.85971,6.2392,3.74682,0.00407529,2,-1,-0.0728353,0.0123589,0.20151
6.44762,5.77691,2.85527,0.5,2,1.99033,5.8192,3.88839,6.60854,6.26051,6.70442,6.22823,5.8192,3.88839,5.45452,4.01482,-0.00966978,1,-0.00534665,-0.0686167,0.0247448,0.200317
6.35187,5.80576,2.84823,0.5,2,1.989,5.74356,3.91207,6.50815,6.29228,6.50815,6.29228,5.74356,3.91207,5.38084,4.04009,-0.0109987,2,-1,-0.00655303,0.0811321,0.202799
6.25944,5.84349,2.6542,0.5,2,1.99666,5.6449,3.94375,6.41436,6.3224,6.50815,6.29228,5.6449,3.94375,5.27828,4.06801,-0.00334263,1,0.490495,0.0375398,0.03116,0.203946
6.16937,5.88684,2.74187,0.5,2,2.00872,5.45269,4.01032,6.34465,6.34578,6.34465,6.34578,5.45269,4.01032,5.78633,3.89825,0.00872421,2,1,0.0599138,0.0893516,0.201403
6.07407,5.9166,2.93881,0.5,2,2.00681,5.43336,4.01482,6.23153,6.38398,6.34465,6.34578,5.43336,4.01482,5.76787,3.89639,0.0068121,1,0.426358,-0.00952677,0.0585608,0.20071
5.97535,5.93232,3.02638,0.5,2,1.99158,5.30721,4.05616,6.14591,6.41128,6.14591,6.41128,5.30721,4.05616,5.63762,3.93591,-0.00841737,2,-1,-0.0740825,0.0715134,0.205574
5.87758,5.95255,2.83779,0.5,2,1.97943,5.25255,4.07439,6.04196,6.44649,6.14591,6.41128,5.25255,4.07439,4.88954,4.19955,-0.0205703,1,-0.0145225,-0.0601707,0.0321011,0.201974
5.78241,5.98325,2.82798,0.5,2,1.97999,5.17159,4.09983,5.94283,6.4779,5.94283,6.4779,5.17159,4.09983,4.80661,4.22059,-0.0200095,2,-1,0.00279787,0.0756198,0.200424
5.6908,6.02293,2.63291,0.5,2,1.98968,5.07115,4.1322,5.84973,6.50787,5.94283,6.4779,5.07115,4.1322,5.40477,4.02455,-0.0103227,1,0.487441,0.0475755,0.0201142,0.20361
5.60162,6.06809,2.72147,0.5,2,2.00741,5.01233,4.14912,5.74623,6.53897,5.74623,6.53897,5.01233,4.14912,5.35048,4.04351,0.00741243,2,1,0.0875145,0.000197349,0.202653
5.50696,6.09979,2.9184,0.5,2,2.01042,4.85946,4.19649,5.66463,6.56328,5.74623,6.53897,4.85946,4.19649,4.46458,4.35038,0.0104246,1,0.562555,0.0149454,0.0112061,0.201545
5.40836,6.11618,3.0331,0.5,2,1.99603,4.75139,4.23137,5.57424,6.59208,5.57424,6.59208,4.75139,4.23137,4.39477,4.37581,-0.00397241,2,-1,-0.070926,0.156203,0.202987
5.3105,6.13595,2.84247,0.5,2,1.97782,4.43919,4.36039,5.54055,6.60472,5.57424,6.59208,4.43919,4.36039,4.75876,4.22921,-0.0221801,1,-0.0400329,-0.0885968,0.178026,0.205512
5.21532,6.1666,2.82583,0.5,2,1.96784,4.44351,4.35643,5.42404,6.65612,5.42404,6.65612,4.44351,4.35643,4.76407,4.22631,-0.0321591,2,-1,-0.0497398,0.197699,0.200624
5.12372,6.20632,2.63255,0.5,2,1.97326,4.44345,4.35403,5.30531,6.70076,5.42404,6.65612,4.44345,4.35403,4.76894,4.22784,-0.0267358,1,0.119691,0.0269608,0.157513,0.201155
5.03615,6.25459,2.64977,0.5,2,1.99202,4.41464,4.362,5.19464,6.73721,5.19464,6.73721,4.41464,4.362,4.04431,4.47843,-0.00798023,2,1,0.0934058,0.19155,0.200796
4.94401,6.29303,2.84624,0.5,2,2.00206,4.32792,4.38812,5.09724,6.76681,5.19464,6.73721,4.32792,4.38812,3.95949,4.51122,0.00206327,1,0.573296,0.0494004,0.139629,0.203308
4.84683,6.31635,2.96346,0.5,2,1.99439,4.19074,4.43297,5.01316,6.79382,5.01316,6.79382,4.19074,4.43297,3.82385,4.55914,-0.00561309,2,-1,-0.0379486,0.161407,0.202283
4.75058,6.34287,2.7729,0.5,2,1.98807,4.09924,4.46452,4.91829,6.82654,5.01316,6.79382,4.09924,4.46452,3.73432,4.59146,-0.0119284,1,0.0721672,-0.0314065,0.195845,0.201084
4.65723,6.37873,2.78198,0.5,2,1.99317,4.02133,4.48971,4.81892,6.85907,4.81892,6.85907,4.02133,4.48971,4.35424,4.37638,-0.00682688,2,1,0.0248244,0.0149169,0.205506
4.56093,6.40506,2.97455,0.5,2,1.98865,3.89479,4.5313,4.73222,6.88687,4.81892,6.85907,3.89479,4.5313,4.22583,4.4177,-0.0113544,1,0.074095,-0.0223576,0.008396,0.202507
4.46209,6.42023,2.99678,0.5,2,1.97103,3.77836,4.5716,4.64558,6.91636,4.64558,6.91636,3.77836,4.5716,4.10498,4.4547,-0.0289747,2,-1,-0.0877386,0.0728635,0.200826
4.3651,6.44392,2.80215,0.5,2,1.96146,3.71201,4.59438,4.54442,6.95173,4.64558,6.91636,3.71201,4.59438,4.03792,4.47796,-0.0385443,1,-0.0998698,-0.047267,0.0694925,0.202459
4.2713,6.47857,2.77768,0.5,2,1.96516,3.63634,4.61881,4.44411,6.98472,4.44411,6.98472,3.63634,4.61881,3.96431,4.50717,-0.0348363,2,-1,0.018269,0.0677659,0.202967
4.18182,6.52284,2.58218,0.5,2,1.979,3.56856,4.64127,4.34327,7.0182,4.44411,6.98472,3.56856,4.64127,3.90009,4.53144,-0.0210043,1,0.425463,0.0684207,0.043094,0.202161
4.09526,6.57286,2.66014,0.5,2,2.0018,3.52386,4.65434,4.23747,7.05033,4.23747,7.05033,3.52386,4.65434,3.15112,4.76574,0.00180244,2,1,0.110681,0,0.206059
4.00277,6.61044,2.85555,0.5,2,2.01592,3.3668,4.69746,4.15548,7.06979,4.23747,7.05033,3.3668,4.69746,3.70507,4.59186,0.0159237,1,0.650903,0.070021,0.073876,0.201672
3.90522,6.6321,2.98817,0.5,2,2.00595,3.22603,4.74463,4.07249,7.09697,4.07249,7.09697,3.22603,4.74463,3.5604,4.6339,0.00594974,2,-1,-0.049929,0.0635299,0.199764
3.80837,6.65635,2.79642,0.5,2,1.99631,3.1329,4.77778,3.9788,7.13032,4.07249,7.09697,3.1329,4.77778,3.46481,4.66254,-0.00368595,1,0.0611231,-0.0474631,0.0318499,0.203014
3.71424,6.6901,2.80334,0.5,2,1.9984,3.05109,4.80493,3.88069,7.16327,3.88069,7.16327,3.05109,4.80493,3.3833,4.68681,-0.00159729,2,1,0.0101657,0.0175782,0.205462
3.6174,6.71437,2.99583,0.5,2,1.9911,2.95762,4.83577,3.78603,7.19452,3.88069,7.16327,2.95762,4.83577,3.28876,4.71877,-0.00890136,1,0.0368946,-0.0364324,0.0144724,0.200483
3.51833,6.72797,3.00899,0.5,2,1.97113,2.82488,4.88285,3.70439,7.22303,3.70439,7.22303,2.82488,4.88285,3.15067,4.76296,-0.0288708,2,-1,-0.0997107,0.014244,0.200274
3.42107,6.75049,2.81417,0.5,2,1.95968,2.75854,4.90619,3.60374,7.25899,3.70439,7.22303,2.75854,4.90619,3.08422,4.79217,-0.0403154,1,-0.136877,-0.0555777,0.050328,0.20592
3.32706,6.78457,2.77989,0.5,2,1.96236,2.69713,4.92607,3.49965,7.29376,3.49965,7.29376,2.69713,4.92607,2.33818,5.05256,-0.0376419,2,-1,0.0132587,0.0113064,0.201642
3.23749,6.82867,2.58421,0.5,2,1.97537,2.62917,4.94929,3.39905,7.3278,3.49965,7.29376,2.62917,4.94929,2.26836,5.07567,-0.0246254,1,0.330612,0.0642465,0.0310623,0.202602
3.15121,6.87917,2.64501,0.5,2,1.99555,2.48665,4.99753,3.3192,7.35483,3.3192,7.35483,2.48665,4.99753,2.81968,4.8879,-0.00445247,2,1,0.099263,0.0129962,0.203227
3.05925,6.91804,2.84166,0.5,2,2.00408,2.40067,5.02526,3.22222,7.38642,3.3192,7.35483,2.40067,5.02526,2.73451,4.90966,0.0040822,1,0.527489,0.0419227,0.000513168,0.203581
2.96225,6.94218,2.95047,0.5,2,1.99617,2.31398,5.0542,3.12587,7.4187,3.12587,7.4187,2.31398,5.0542,1.94839,5.18262,-0.00382543,2,-1,-0.0395536,0.0327583,0.199922
2.86641,6.97012,2.75811,0.5,2,1.99032,2.18658,5.0995,3.0405,7.44915,3.12587,7.4187,2.18658,5.0995,2.516,4.97723,-0.00968456,1,0.0487306,-0.0287013,0.0410645,0.204142
2.77372,7.00765,2.76156,0.5,2,1.99631,2.09833,5.12906,2.94413,7.48164,2.94413,7.48164,2.09833,5.12906,2.43005,5.01273,-0.00368738,2,1,0.0294561,0.0183704,0.203597
2.67798,7.03596,2.95395,0.5,2,1.99305,2.00445,5.16016,2.8493,7.51308,2.94413,7.48164,2.00445,5.16016,2.33569,5.04419,-0.00694597,1,0.0752257,-0.0163408,0.00384592,0.199414
2.57952,7.05343,2.97362,0.5,2,1.97695,1.88316,5.20318,2.76376,7.54296,2.76376,7.54296,1.88316,5.20318,2.21007,5.08394,-0.0230527,2,-1,-0.0795458,0.0137357,0.202484
2.48311,7.07935,2.77899,0.5,2,1.9689,1.81696,5.22656,2.6628,7.57912,2.76376,7.54296,1.81696,5.22656,2.14345,5.10787,-0.0310953,1,-0.103951,-0.0395071,0.281484,0.203573
2.39018,7.11628,2.75283,0.5,2,1.97422,1.7385,5.25272,2.56374,7.61259,2.56374,7.61259,1.7385,5.25272,2.06725,5.13881,-0.0257795,2,-1,0.0262677,0.0726809,0.202369
2.30179,7.16269,2.5582,0.5,2,1.98977,1.67287,5.27493,2.46306,7.64676,2.56374,7.61259,1.67287,5.27493,2.00569,5.16375,-0.0102258,1,0.486273,0.0774226,0.0389512,0.200894
2.21616,7.21426,2.64803,0.5,2,2.01291,1.58481,5.30293,2.36894,7.67678,2.36894,7.67678,1.58481,5.30293,1.92169,5.19066,0.0129066,2,1,0.111578,0.0799939,0.207321
2.12413,7.25297,2.8434,0.5,2,2.02271,1.52988,5.31952,2.26436,7.70919,2.36894,7.67678,1.52988,5.31952,1.15734,5.44119,0.0227106,1,0.603634,0.0488614,0,0.200649
2.02694,7.27625,2.9669,0.5,2,2.01826,1.47033,5.33625,2.1598,7.7393,2.1598,7.7393,1.47033,5.33625,1.10298,5.46357,0.0182621,2,1,-0.0223046,0.0544842,0.19944
1.9274,7.28389,-3.11826,0.5,2,1.99443,1.22362,5.41777,2.10581,7.75694,2.1598,7.7393,1.22362,5.41777,1.55356,5.29841,-0.00557435,1,-0.105003,-0.118155,0.0258821,0.201739
1.82742,7.28206,-3.13374,0.5,2,1.95802,1.10821,5.46092,2.0265,7.78616,2.0265,7.78616,1.10821,5.46092,1.43087,5.34163,-0.0419823,2,-1,-0.178207,0.0287473,0.204302
1.72796,7.29072,2.95482,0.5,2,1.93067,1.04547,5.4847,1.92922,7.82329,2.0265,7.78616,1.04547,5.4847,1.36434,5.36661,-0.0693265,1,-0.316646,-0.134425,0.00902722,0.203417
1.63046,7.31285,2.8867,0.5,2,1.91913,0.955101,5.51648,1.83488,7.85656,1.83488,7.85656,0.955101,5.51648,1.27233,5.39997,-0.0808746,2,-1,-0.0578779,0.0117384,0.199524
1.53675,7.34728,2.68944,0.5,2,1.92088,0.914334,5.53004,1.7244,7.89516,1.83488,7.85656,0.914334,5.53004,0.562692,5.6538,-0.0791172,1,-0.217253,0.00861311,0.000433777,0.204036
1.44799,7.39333,2.64129,0.5,2,1.93692,0.8281,5.55828,1.6282,7.92679,1.6282,7.92679,0.8281,5.55828,0.473225,5.68197,-0.0630772,2,-1,0.078866,0.0143263,0.203383
1.36531,7.44928,2.44677,0.5,2,1.96402,0.764573,5.57938,1.52925,7.95956,1.6282,7.92679,0.764573,5.57938,0.404409,5.70217,-0.0359752,1,0.450768,0.135327,0.0280489,0.200271
1.28615,7.51032,2.52967,0.5,2,1.99913,0.567745,5.64473,1.46614,7.97773,1.46614,7.97773,0.567745,5.64473,0.900148,5.5357,-0.000866294,2,1,0.173983,0.0156765,0.201796
1.19925,7.55946,2.72692,0.5,2,2.017,0.517372,5.66122,1.36253,8.01403,1.46614,7.97773,0.517372,5.66122,0.852957,5.54606,0.0169995,1,0.618329,0.0871839,0.00752086,0.204921
1.10538,7.59375,2.85326,0.5,2,2.02006,0.430392,5.6898,1.26575,8.04611,1.26575,8.04611,0.430392,5.6898,0.7658,5.56894,0.0200553,2,1,0.0145874,0.0106828,0.209483
1.0074,7.61295,3.04792,0.5,2,2.00706,0.341816,5.71946,1.17087,8.07799,1.26575,8.04611,0.341816,5.71946,-0.0229127,5.85452,0.007061,1,0.0162087,-0.0672388,0.0449194,0.193256
0.907784,7.62166,3.05608,0.5,2,1.98162,0.200873,5.77042,1.09271,8.10593,1.09271,8.10593,0.200873,5.77042,0.526365,5.64093,-0.0183815,2,-1,-0.124014,0.0659132,0.205159
0.809519,7.63929,2.86421,0.5,2,1.96441,0.141096,5.7921,0.991763,8.14292,1.09271,8.10593,0.141096,5.7921,0.466669,5.67345,-0.0355929,1,-0.198791,-0.0853319,0.0145829,0.2017
0.714074,7.6691,2.81884,0.5,2,1.96165,0.0595061,5.81989,0.893712,8.1766,0.893712,8.1766,0.0595061,5.81989,0.385994,5.70698,-0.0383515,2,-1,-0.0136969,0.0248049,0.201405
0.622836,7.70963,2.62365,0.5,2,1.97047,-0.0406288,5.85421,0.80113,8.20824,0.893712,8.1766,-0.0406288,5.85421,0.287066,5.74037,-0.0295284,1,0.0224014,0.0429281,0.0274533,0.205534
0.536288,7.75973,2.61893,0.5,2,1.99171,-0.110396,5.87593,0.701324,8.24048,0.701324,8.24048,-0.110396,5.87593,0.222286,5.76518,-0.00829017,2,1,0.106266,0.00896262,0.199859
0.445478,7.8012,2.81306,0.5,2,2.00388,-0.201084,5.9045,0.605554,8.27079,0.701324,8.24048,-0.201084,5.9045,-0.568336,6.03267,0.00387764,1,0.48283,0.0602501,0.0065018,0.201955
0.349346,7.82861,2.91221,0.5,2,1.99942,-0.339168,5.95148,0.521726,8.29857,0.521726,8.29857,-0.339168,5.95148,-0.00794088,5.83141,-0.000584245,2,-1,-0.0220194,0.00849347,0.202634
0.254599,7.86007,2.72111,0.5,2,1.99705,-0.431444,5.98456,0.427377,8.33241,0.521726,8.29857,-0.431444,5.98456,-0.100184,5.86671,-0.00295186,1,0.0603343,-0.011519,0.0427925,0.205541
0.163445,7.90119,2.72363,0.5,2,2.00546,-0.487728,6.00439,0.324022,8.36893,0.324022,8.36893,-0.487728,6.00439,-0.854081,6.13504,0.00546193,2,1,0.0419788,0.0202937,0.20043
0.0688186,7.93301,2.91706,0.5,2,2.00577,-0.612755,6.0466,0.236763,8.39784,0.324022,8.36893,-0.612755,6.0466,-0.280561,5.92394,0.00576639,1,0.344146,0.0015123,0.0177153,0.201322
-0.0294324,7.95153,2.98982,0.5,2,1.99063,-0.732941,6.08935,0.150584,8.42803,0.150584,8.42803,-0.732941,6.08935,-0.404444,5.96608,-0.00936949,2,-1,-0.0739884,0.0328457,0.204571
-0.126377,7.97538,2.80057,0.5,2,1.97971,-0.820951,6.12151,0.056164,8.46259,0.150584,8.42803,-0.820951,6.12151,-1.1814,6.25637,-0.0202883,1,-0.1265,-0.0545222,0.229156,0.200264
-0.220005,8.01049,2.77003,0.5,2,1.98243,-0.874867,6.13934,-0.0490367,8.49901,-0.0490367,8.49901,-0.874867,6.13934,-0.545357,6.02128,-0.0175657,2,-1,0.0135057,0.0137547,0.20159
-0.309138,8.05546,2.5744,0.5,2,1.99538,-0.97514,6.17451,-0.140711,8.53114,-0.0490367,8.49901,-0.97514,6.17451,-0.643441,6.05729,-0.00461829,1,0.445179,0.0629362,0.00176794,0.205723
-0.395188,8.10634,2.65188,0.5,2,2.01728,-1.05391,6.19964,-0.237561,8.5626,-0.237561,8.5626,-1.05391,6.19964,-0.716936,6.08834,0.0172801,2,1,0.107901,0.0100057,0.202949
-0.487371,8.14468,2.84744,0.5,2,2.02489,-1.17507,6.24015,-0.32601,8.59155,-0.237561,8.5626,-1.17507,6.24015,-0.838694,6.1221,0.0248852,1,0.555041,0.0379797,0.00607714,0.20024
-0.584548,8.16805,2.96111,0.5,2,2.01513,-1.28501,6.27858,-0.416005,8.62268,-0.416005,8.62268,-1.28501,6.27858,-0.951463,6.15718,0.0151286,2,-1,-0.0484703,0.0231037,0.201289
-0.680691,8.19495,2.76889,0.5,2,2.00711,-1.37882,6.31316,-0.509252,8.65705,-0.416005,8.62268,-1.37882,6.31316,-1.04735,6.18816,0.00711393,1,0.0717574,-0.0391884,0.0493672,0.204517
-0.773817,8.23138,2.77574,0.5,2,2.01141,-1.42741,6.32912,-0.615054,8.69345,-0.615054,8.69345,-1.42741,6.32912,-1.79637,6.45755,0.0114086,2,1,0.021377,0.0428404,0.2009
-0.869999,8.25813,2.97017,0.5,2,2.00782,-1.45106,6.33623,-0.727564,8.72925,-0.615054,8.69345,-1.45106,6.33623,-1.81507,6.46732,0.00782418,1,0.279909,-0.0178186,0.0602455,0.20116
-0.969009,8.27207,3.02975,0.5,2,1.98848,-1.6624,6.40841,-0.790639,8.75149,-0.790639,8.75149,-1.6624,6.40841,-1.33377,6.28622,-0.0115219,2,-1,-0.0940881,0.0254156,0.205617
-1.06682,8.29209,2.83999,0.5,2,1.97282,-1.75064,6.44157,-0.884089,8.78658,-0.790639,8.75149,-1.75064,6.44157,-1.42385,6.32368,-0.0271767,1,-0.163211,-0.0773246,0.0591271,0.202456
-1.16162,8.32389,2.80149,0.5,2,1.97114,-1.81916,6.46566,-0.985202,8.82246,-0.985202,8.82246,-1.81916,6.46566,-2.17807,6.59738,-0.02886,2,-1,-0.00839114,0.548044,0.200597
-1.25215,8.36597,2.60651,0.5,2,1.98048,-1.9184,6.50092,-1.07738,8.85521,-0.985202,8.82246,-1.9184,6.50092,-1.58944,6.38398,-0.0195161,1,0.150989,0.0465921,0.0195429,0.200546
-1.3387,8.41605,2.63211,0.5,2,2.00063,-1.99637,6.52661,-1.17455,8.88768,-1.17455,8.88768,-1.99637,6.52661,-1.66331,6.41001,0.000625134,2,1,0.0980374,0.0248757,0.205445
-1.43002,8.45641,2.82531,0.5,2,2.01026,-2.08853,6.55707,-1.26959,8.91913,-1.17455,8.88768,-2.08853,6.55707,-1.75378,6.43993,0.0102565,1,0.489372,0.0480449,0.0241335,0.200467
-1.52651,8.48253,2.92625,0.5,2,2.0029,-2.22264,6.60449,-1.35373,8.94863,-1.35373,8.94863,-2.22264,6.60449,-1.89206,6.4786,0.00290465,2,-1,-0.0365052,0.0184481,0.201393
-1.62164,8.51279,2.7337,0.5,2,1.99825,-2.34981,6.65194,-1.4388,8.98004,-1.35373,8.94863,-2.34981,6.65194,-2.02079,6.52803,-0.00174963,1,0.0326284,-0.0228149,0.0337532,0.204002
-1.71333,8.55272,2.73403,0.5,2,2.00549,-2.4108,6.67242,-1.54134,9.01636,-1.54134,9.01636,-2.4108,6.67242,-2.07877,6.5521,0.0054884,2,1,0.0354275,0.0302724,0.204306
-1.80824,8.58366,2.92629,0.5,2,2.0054,-2.50517,6.70326,-1.63636,9.04744,-1.54134,9.01636,-2.50517,6.70326,-2.17385,6.57903,0.00539851,1,0.331816,-0.000447924,0.00932072,0.200668
-1.90665,8.60132,2.99733,0.5,2,1.98836,-2.62782,6.74835,-1.72108,9.07812,-1.72108,9.07812,-2.62782,6.74835,-2.30054,6.62399,-0.0116426,2,-1,-0.0842428,0.0010491,0.202285
-2.00371,8.6247,2.80532,0.5,2,1.97579,-2.72036,6.78346,-1.81357,9.11321,-1.72108,9.07812,-2.72036,6.78346,-2.3946,6.66264,-0.0242096,1,-0.153357,-0.0625797,0.039575,0.200817
-2.09745,8.65953,2.77042,0.5,2,1.97694,-2.78225,6.80499,-1.91626,9.15021,-1.91626,9.15021,-2.78225,6.80499,-2.45518,6.68455,-0.0230591,2,-1,0.00566855,0.00306082,0.20296
-2.18659,8.70448,2.57465,0.5,2,1.98896,-2.84998,6.82941,-2.01614,9.18625,-1.91626,9.15021,-2.84998,6.82941,-3.21201,6.96251,-0.0110375,1,0.39657,0.0595965,0.00068649,0.201718
-2.27264,8.75538,2.64698,0.5,2,2.00974,-2.93819,6.85904,-2.11028,9.21797,-2.11028,9.21797,-2.93819,6.85904,-2.60338,6.74427,0.00974178,2,1,0.100582,0.0095389,0.20659
-2.36459,8.79425,2.84155,0.5,2,2.01697,-3.06076,6.90123,-2.19787,9.24759,-2.11028,9.21797,-3.06076,6.90123,-2.72668,6.78008,0.0169735,1,0.517591,0.0358092,0.0254235,0.201952
-2.46157,8.81844,2.94893,0.5,2,2.00706,-3.18212,6.94518,-2.28461,9.27852,-2.28461,9.27852,-3.18212,6.94518,-2.85126,6.82097,0.00706005,2,-1,-0.0494461,0.0247752,0.20049
-2.55742,8.84639,2.75803,0.5,2,1.99922,-3.27311,6.97966,-2.37815,9.31398,-2.28461,9.27852,-3.27311,6.97966,-2.9442,6.85221,-0.000780821,1,0.015792,-0.0387998,0.0017701,0.202086
-2.64999,8.88422,2.7551,0.5,2,2.00364,-3.34002,7.00316,-2.47904,9.35022,-2.47904,9.35022,-3.34002,7.00316,-3.00868,6.87957,0.00363541,2,1,0.0219774,0.0147509,0.200944
-2.74561,8.9129,2.95018,0.5,2,1.99882,-3.42819,7.03423,-2.57447,9.38395,-2.47904,9.35022,-3.42819,7.03423,-3.0974,6.91116,-0.00117993,1,0.0341323,-0.023684,0,0.203316
-2.84394,8.93112,2.96183,0.5,2,1.98529,-3.4343,7.03564,-2.69088,9.42255,-2.47904,9.35022,-3.4343,7.03564,-3.10376,6.90281,-0.0147139,1,-0.145052,-0.0670214,0,0.201935
-2.94207,8.95034,2.93372,0.5,2,1.98061,-3.41822,7.02782,-2.81721,9.4545,-2.47904,9.35022,-3.41822,7.02782,-3.0822,6.90049,-0.0193923,1,-0.110404,-0.0228398,1.60287,0.204834
-3.03968,8.97208,2.91136,0.5,2,1.98312,-3.42458,7.02667,-2.93935,9.47913,-2.47904,9.35022,-3.42458,7.02667,-3.08283,6.89725,-0.0168793,1,-0.0363692,0.01237,3.49669,0.203148
-3.13694,8.99532,2.90342,0.5,2,1.98602,-3.43551,7.03187,-3.05967,9.50345,-2.47904,9.35022,-3.43551,7.03187,-3.08726,6.89276,-0.0139765,1,-0.0267345,0.0144832,3.20458,0.200429
-3.23405,9.01918,2.898,0.5,2,2.00205,-3.40703,7.02461,-3.19103,9.51526,-2.47904,9.35022,-3.40703,7.02461,-3.046,6.88826,0.00205088,1,0.427093,0.0793149,1.97078,0.202072
-3.33195,9.03943,2.98025,0.5,2,2.01221,-3.44584,7.03045,-3.30434,9.52644,-2.47904,9.35022,-3.44584,7.03045,-3.07634,6.88154,0.0122054,1,0.441409,0.0506239,3.1789,0.200587
-3.43123,9.05113,3.06846,0.5,2,2.02262,-3.47325,7.02894,-3.42131,9.5284,-2.47904,9.35022,-3.47325,7.02894,-3.09539,6.88408,0.0226202,1,0.505423,0.0514357,2.17352,0.202483
-3.53116,9.05342,-3.11396,0.5,2,2.02608,-3.4752,7.02811,-3.54425,9.52715,-2.47904,9.35022,-3.4752,7.02811,-3.0803,6.85364,0.0260828,1,0.483962,0.0171184,2.13463,0.202271
-3.63083,9.04581,-3.01707,0.5,2,2.01932,-3.52041,7.02951,-3.65712,9.52577,-2.47904,9.35022,-3.52041,7.02951,-3.12185,6.86461,0.0193212,1,0.341999,-0.0328355,2.01903,0.205922
-3.72953,9.02989,-2.94739,0.5,2,2.01901,-3.54911,7.01895,-3.77252,9.50895,-2.47904,9.35022,-3.54911,7.01895,-3.14127,6.85374,0.0190141,1,0.452508,-0.0015096,2.04621,0.20342
-3.82667,9.00628,-2.85799,0.5,2,2.00191,-3.53945,7.02508,-3.89814,9.49921,-2.47904,9.35022,-3.53945,7.02508,-3.10415,6.81503,0.0019145,1,-0.065948,-0.0853814,2.02391,0.200273
-3.92276,8.97859,-2.86755,0.5,2,1.99614,-3.5521,7.01717,-4.01632,9.47369,-2.47904,9.35022,-3.5521,7.01717,-3.1086,6.8241,-0.00385809,1,0.00181824,-0.0288045,2.05359,0.200406
-4.01904,8.95154,-2.86753,0.5,2,1.98665,-3.54843,7.02144,-4.14064,9.45028,-2.47904,9.35022,-3.54843,7.02144,-3.08502,6.82407,-0.0133494,1,-0.105769,-0.0469823,2.23877,0.202019
-4.11557,8.92545,-2.88814,0.5,2,1.99697,-3.54768,7.01093,-4.25862,9.40771,-2.47904,9.35022,-3.54768,7.01093,-3.05652,6.80332,-0.00303352,1,0.405694,0.0507001,2.26904,0.203469
-4.21132,8.89672,-2.80956,0.5,2,2.00346,-3.55827,7.00268,-4.37318,9.36614,-2.47904,9.35022,-3.55827,7.00268,-3.02938,6.76653,0.00345874,1,0.420309,0.0321953,2.32944,0.201652
-4.30438,8.8602,-2.72557,0.5,2,2.00034,-3.56035,7.00337,-4.49023,9.324,-2.47904,9.35022,-3.56035,7.00337,-3.84371,6.45351,0.000343084,1,0.0780761,-0.015158,2.34793,0.205545
-4.39542,8.81883,-2.70722,0.5,2,2.0029,-3.58436,6.9875,-4.59672,9.27335,-2.47904,9.35022,-3.58436,6.9875,-3.8504,6.43677,0.00289559,1,0.358646,0.0125368,2.34649,0.203601
-4.48465,8.77372,-2.63773,0.5,2,1.99143,-3.58462,6.99728,-4.7145,9.22739,-2.47904,9.35022,-3.58462,6.99728,-3.83796,6.49879,-0.00856674,1,-0.0831721,-0.0577346,2.23997,0.198535
-4.57252,8.72598,-2.65216,0.5,2,2.01075,-3.59639,6.96806,-4.81003,9.15372,-2.47904,9.35022,-3.59639,6.96806,-3.83712,6.46834,0.010746,1,0.568236,0.0955328,2.17395,0.202158
-4.65809,8.67433,-2.54177,0.5,2,2.00138,-3.61633,6.96546,-4.91763,9.10008,-2.47904,9.35022,-3.61633,6.96546,-3.84018,6.47118,0.0013814,1,-0.00777939,-0.0457659,2.0826,0.20462
-4.74045,8.61762,-2.53929,0.5,2,1.99721,-3.60896,6.97185,-5.0253,9.03194,-2.47904,9.35022,-3.60896,6.97185,-3.83061,6.52605,-0.00279152,1,0.01147,-0.0206615,1.77941,0.201966
-4.82279,8.56088,-2.53711,0.5,2,2.00119,-3.62868,6.955,-5.12043,8.96116,-2.47904,9.35022,-3.62868,6.955,-3.83445,6.50117,0.00119114,1,0.348901,0.0198607,1.7687,0.20053
-4.9031,8.50133,-2.46868,0.5,2,2.01136,-3.62225,6.95054,-5.21428,8.87809,-2.47904,9.35022,-3.62225,6.95054,-3.83128,6.53176,0.0113559,1,0.497274,0.0494095,2.069,0.205724
-4.97816,8.43531,-2.37042,0.5,2,2.00158,-3.63404,6.95218,-5.31286,8.80463,-2.47904,9.35022,-3.63404,6.95218,-3.84068,6.55601,0.00158024,1,-0.0123295,-0.0482215,1.17853,0.202724
-5.04967,8.36542,-2.36881,0.5,2,2.00083,-3.62805,6.95748,-5.40435,8.71667,-2.47904,9.35022,-3.62805,6.95748,-3.82592,6.56994,0.00082612,1,0.136826,-0.0037641,1.31423,0.200345
-5.12037,8.29469,-2.34234,0.5,2,2.01644,-3.65059,6.91419,-5.47283,8.62575,-2.47904,9.35022,-3.65059,6.91419,-3.84775,6.52977,0.016439,1,0.542568,0.0775003,1.60959,0.201455
-5.18622,8.2195,-2.23585,0.5,2,2.00623,-3.65173,6.92711,-5.56389,8.53759,-2.47904,9.35022,-3.65173,6.92711,-3.84743,6.56003,0.00622678,1,-0.00823751,-0.0501925,3.22726,0.20346
-5.24774,8.14066,-2.23419,0.5,2,2.0054,-3.64637,6.93351,-5.64269,8.43839,-2.47904,9.35022,-3.64637,6.93351,-3.8357,6.57189,0.00539756,1,0.295074,-0.00409157,0,0.202665
-5.3071,8.06021,-2.177,0.5,2,2.00804,-3.65686,6.91612,-5.71141,8.34051,-2.47904,9.35022,-3.65686,6.91612,-3.8456,6.56083,0.00803828,1,0.400579,0.0131951,4.81903,0.200128
-5.36077,7.97586,-2.09741,0.5,2,2.00608,-3.66273,6.90767,-5.77884,8.23886,-2.47904,9.35022,-3.66273,6.90767,-3.85206,6.56043,0.00608444,1,0.314266,-0.00949932,0,0.205682
-5.40822,7.88786,-2.03387,0.5,2,2.00332,-3.68267,6.87013,-5.83603,8.14018,-5.83603,8.14018,-3.68267,6.87013,-3.86842,6.52402,0.00332403,2,-1,-0.0136667,0,0.201981
-5.46064,7.80289,-2.22335,0.5,2,2.00798,-3.69414,6.84819,-5.89349,8.03682,-5.83603,8.14018,-3.69414,6.84819,-3.88006,6.5051,0.00797844,1,0.466538,0.0232455,0.0501897,0.200228
-5.51817,7.72113,-2.13738,0.5,2,2.02177,-3.74077,6.75758,-5.93859,7.94905,-5.93859,7.94905,-3.74077,6.75758,-3.92281,6.40776,0.0217705,2,1,0.0681801,0.0458106,0.202288
-5.56331,7.63209,-1.94004,0.5,2,2.02086,-3.78159,6.67848,-5.98575,7.85819,-5.93859,7.94905,-3.78159,6.67848,-3.97183,6.33613,0.0208621,1,0.497521,-0.00445288,0.0175705,0.203997
-5.59442,7.5371,-1.83753,0.5,2,2.00314,-3.84724,6.55732,-6.02779,7.78012,-6.02779,7.78012,-3.84724,6.55732,-4.0404,6.22001,0.00314498,2,-1,-0.0877202,0.0128784,0.201973
-5.62939,7.44359,-2.02854,0.5,2,1.98763,-3.8948,6.47309,-6.07653,7.69376,-6.02779,7.78012,-3.8948,6.47309,-3.72257,6.77856,-0.0123688,1,-0.0699363,-0.0773061,0.0255134,0.20068
-5.67462,7.3544,-2.04718,0.5,2,1.98503,-3.94345,6.38312,-6.12373,7.60638,-6.12373,7.60638,-3.94345,6.38312,-3.7754,6.6895,-0.0149671,2,-1,-0.0126344,0.0250521,0.205651
-5.72842,7.2703,-2.23974,0.5,2,1.99219,-3.9748,6.32498,-6.17542,7.51127,-6.12373,7.60638,-3.9748,6.32498,-3.80508,6.63319,-0.00781453,1,0.403851,0.0350052,0.0235467,0.204328
-5.7883,7.19025,-2.17301,0.5,2,2.00845,-4.00685,6.26272,-6.22429,7.41725,-6.22429,7.41725,-4.00685,6.26272,-3.83984,6.57574,0.00845432,2,1,0.0825609,0.018388,0.197053
-5.83662,7.10288,-1.97599,0.5,2,2.01095,-4.08149,6.12134,-6.26345,7.34159,-6.22429,7.41725,-4.08149,6.12134,-3.90949,6.43119,0.0109484,1,0.498928,0.0122982,0.0176939,0.202802
-5.87116,7.00908,-1.8737,0.5,2,1.99676,-4.14813,6.00001,-6.30541,7.2634,-6.30541,7.2634,-4.14813,6.00001,-3.97443,6.30539,-0.00324321,2,-1,-0.0697008,0,0.203608
-5.90949,6.9169,-2.0647,0.5,2,1.98503,-4.1617,5.97586,-6.36291,7.16103,-6.30541,7.2634,-4.1617,5.97586,-3.98527,6.28057,-0.0149741,1,-0.0293124,-0.0579352,0,0.202483
-5.95765,6.82926,-2.07639,0.5,2,1.99094,-4.15278,5.98885,-6.41914,7.04415,-6.41914,7.04415,-4.15278,5.98885,-3.98232,6.30114,-0.00905824,2,1,0.029369,4.62315,0.201433
-5.99751,6.73773,-1.88153,0.5,2,1.99165,-4.16153,5.9658,-6.46612,6.93476,-6.41914,7.04415,-4.16153,5.9658,-3.98487,6.28032,-0.00834692,1,0.126672,0.0034251,4.86284,0.207679
-6.02606,6.6419,-1.84747,0.5,2,1.9823,-4.1736,5.93628,-6.50985,6.82618,-6.41914,7.04415,-4.1736,5.93628,-3.99248,6.25205,-0.0177009,1,-0.0624104,-0.0463237,4.81974,0.201927
-6.05382,6.54583,-1.85825,0.5,2,1.97848,-4.16659,5.95188,-6.55128,6.70239,-6.41914,7.04415,-4.16659,5.95188,-3.98617,6.27472,-0.0215176,1,-0.0515999,-0.0193159,2.26449,0.197595
-6.08267,6.45008,-1.86862,0.5,2,1.98113,-4.16962,5.93518,-6.58371,6.58493,-6.41914,7.04415,-4.16962,5.93518,-3.98457,6.26415,-0.0188689,1,0.0139355,0.0130889,1.78088,0.202362
-6.11191,6.35445,-1.86616,0.5,2,1.98838,-4.16643,5.94364,-6.61249,6.46015,-6.41914,7.04415,-4.16643,5.94364,-3.96507,6.28235,-0.0116229,1,0.300152,0.035664,3.78634,0.203175
-6.13829,6.25801,-1.80785,0.5,2,1.99657,-4.16958,5.92565,-6.6347,6.34181,-6.41914,7.04415,-4.16958,5.92565,-3.97626,6.27377,-0.00342894,1,0.417689,0.0404583,1.07431,0.202529
-6.15775,6.15995,-1.7249,0.5,2,2.0123,-4.15973,5.92065,-6.64199,6.21794,-6.41914,7.04415,-4.15973,5.92065,-3.95198,6.28213,0.0122995,1,0.589188,0.0781033,1.92853,0.20138
-6.16733,6.06047,-1.60792,0.5,2,2.01499,-4.15756,5.91545,-6.65108,6.09537,-6.41914,7.04415,-4.15756,5.91545,-3.93741,6.28984,0.0149939,1,0.504692,0.0130276,1.70312,0.20682
-6.16592,5.96052,-1.50622,0.5,2,2.01111,-4.15643,5.8798,-6.65442,5.98014,-6.41914,7.04415,-4.15643,5.8798,-3.91997,6.26418,0.0111103,1,0.3928,-0.0191962,1.80582,0.202311
-6.15546,5.86109,-1.42665,0.5,2,1.99209,-4.1634,5.87009,-6.66337,5.8588,-6.41914,7.04415,-4.1634,5.87009,-3.89012,6.27109,-0.00791347,1,-0.0597788,-0.095894,2.10208,0.198383
-6.14147,5.76208,-1.43635,0.5,2,1.98537,-4.15831,5.85572,-6.65553,5.73781,-6.41914,7.04415,-4.15831,5.85572,-3.90131,6.26705,-0.0146331,1,-0.00411223,-0.0332342,2.1205,0.202189
-6.12813,5.66297,-1.43745,0.5,2,1.97353,-4.16416,5.85693,-6.65206,5.61123,-6.41914,7.04415,-4.16416,5.85693,-3.90041,6.28665,-0.0264727,1,-0.113035,-0.0583223,2.28279,0.203003
-6.1159,5.56372,-1.45951,0.5,2,1.98073,-4.1563,5.85226,-6.62963,5.48808,-6.41914,7.04415,-4.1563,5.85226,-3.87919,6.30675,-0.0192685,1,0.107336,0.0355757,2.29978,0.202503
-6.10386,5.46445,-1.43936,0.5,2,1.9891,-4.14826,5.82798,-6.60615,5.37108,-6.41914,7.04415,-4.14826,5.82798,-3.88762,6.29441,-0.0108973,1,0.358251,0.041261,2.30499,0.202885
-6.08736,5.36585,-1.36922,0.5,2,1.99178,-4.15102,5.83249,-6.58144,5.24678,-6.41914,7.04415,-4.15102,5.83249,-3.82957,6.34988,-0.00822091,1,0.132633,0.0130368,2.34643,0.205294
-6.06585,5.26819,-1.34066,0.5,2,1.99222,-4.1526,5.82352,-6.55351,5.12665,-6.41914,7.04415,-4.1526,5.82352,-3.61693,5.49044,-0.00778282,1,0.0678297,0.0021833,2.3212,0.200657
-6.04234,5.17099,-1.32664,0.5,2,1.99892,-4.15219,5.82141,-6.51615,5.00795,-6.41914,7.04415,-4.15219,5.82141,-3.67837,5.50276,-0.0010798,1,0.39469,0.033465,2.18985,0.200299
-6.01452,5.07497,-1.24934,0.5,2,2.01123,-4.14218,5.80941,-6.46954,4.89648,-6.41914,7.04415,-4.14218,5.80941,-3.66822,5.50636,0.0112252,1,0.537571,0.0607586,2.13369,0.202523
-5.97795,4.98195,-1.14254,0.5,2,2.01871,-4.1272,5.78811,-6.4192,4.78975,-6.41914,7.04415,-4.1272,5.78811,-3.69873,5.48879,0.0187092,1,0.549022,0.0368456,2.03699,0.203117
-5.93152,4.89343,-1.0328,0.5,2,2.00888,-4.12327,5.76854,-6.3736,4.67949,-6.41914,7.04415,-4.12327,5.76854,-3.70626,5.48239,0.00887632,1,0.0768505,-0.0486984,2.00364,0.201913
-5.87942,4.80808,-1.01507,0.5,2,2.01144,-4.10081,5.74744,-6.31144,4.57991,-6.41914,7.04415,-4.10081,5.74744,-3.68934,5.47099,0.0114377,1,0.462831,0.0124537,1.96692,0.205668
-5.82306,4.72552,-0.925594,0.5,2,2.01303,-4.09697,5.76132,-6.24062,4.47495,-6.41914,7.04415,-4.09697,5.76132,-3.73699,5.48344,0.0130334,1,0.481641,0.00782189,2.26193,0.204009
-5.75919,4.64862,-0.829454,0.5,2,1.982,-4.10597,5.74186,-6.19127,4.3629,-6.41914,7.04415,-4.10597,5.74186,-3.74421,5.48225,-0.0180023,1,-0.185913,-0.154292,2.18839,0.201149
-5.69261,4.57402,-0.860628,0.5,2,1.97312,-4.09006,5.72512,-6.12054,4.26664,-6.41914,7.04415,-4.09006,5.72512,-3.73495,5.47401,-0.0268813,1,-0.0939155,-0.0447448,2.2449,0.198438
-5.62816,4.49756,-0.879872,0.5,2,1.97492,-4.08444,5.72932,-6.0386,4.17007,-6.41914,7.04415,-4.08444,5.72932,-3.74618,5.48089,-0.0250789,1,-0.0117463,0.00884987,2.14196,0.203669
-5.56456,4.42039,-0.882632,0.5,2,1.97285,-4.08536,5.7258,-5.95981,4.07158,-6.41914,7.04415,-4.08536,5.7258,-3.7447,5.48933,-0.027151,1,-0.0794251,-0.0102466,1.85684,0.202223
-5.50164,4.34267,-0.898178,0.5,2,1.98344,-4.08787,5.73382,-5.86983,3.98036,-6.41914,7.04415,-4.08787,5.73382,-3.76083,5.49655,-0.0165589,1,0.316487,0.0505046,2.92595,0.209726
-5.43711,4.2663,-0.837652,0.5,2,1.99439,-4.07709,5.72504,-5.7819,3.89648,-6.41914,7.04415,-4.07709,5.72504,-3.75495,5.48872,-0.00561404,1,0.442744,0.0547119,4.84763,0.200045
-5.36703,4.195,-0.749735,0.5,2,2.00206,-4.0547,5.70697,-5.69343,3.81896,-6.41914,7.04415,-4.0547,5.70697,-3.73207,5.47436,0.00206327,1,0.468828,0.0379041,4.678,0.202546
-5.29077,4.13038,-0.6561,0.5,2,2.00466,-4.06786,5.71883,-5.59294,3.73789,-5.59294,3.73789,-4.06786,5.71883,-3.75513,5.48461,0.00466347,2,1,0.0121385,0,0.21421
-5.20643,4.07695,-0.46513,0.5,2,1.9978,-3.9861,5.65871,-5.5132,3.67932,-5.59294,3.73789,-3.9861,5.65871,-3.6752,5.42453,-0.00220311,1,0.0388735,-0.0358085,0.0207609,0.191758
-5.11659,4.03303,-0.450627,0.5,2,1.97863,-3.90335,5.59605,-5.43628,3.62118,-5.43628,3.62118,-3.90335,5.59605,-3.59929,5.36043,-0.0213675,2,-1,-0.0957014,0.00989107,0.200252
-5.0313,3.98115,-0.646472,0.5,2,1.96793,-3.84587,5.55197,-5.35181,3.55644,-5.43628,3.62118,-3.84587,5.55197,-3.54333,5.31903,-0.0320717,1,-0.142085,-0.0520746,0.00630879,0.205554
-4.95276,3.91926,-0.681752,0.5,2,1.97127,-3.76473,5.49231,-5.27141,3.49734,-5.27141,3.49734,-3.76473,5.49231,-4.04238,5.70123,-0.0287265,2,-1,0.0165811,0.0167058,0.20175
-4.8815,3.84934,-0.875746,0.5,2,1.98513,-3.70972,5.45173,-5.18541,3.43373,-5.27141,3.49734,-3.70972,5.45173,-3.40089,5.22151,-0.0148714,1,0.420821,0.0693085,0.00762856,0.199905
-4.81482,3.77485,-0.798686,0.5,2,2.0075,-3.64161,5.40385,-5.10265,3.3752,-5.10265,3.3752,-3.64161,5.40385,-3.92788,5.61273,0.00749516,2,1,0.110165,0.0239146,0.203027
-4.73856,3.71042,-0.601582,0.5,2,2.01587,-3.54037,5.33156,-5.02632,3.32109,-5.10265,3.3752,-3.54037,5.33156,-3.82625,5.54277,0.0158732,1,0.546329,0.0412172,0.0244643,0.203265
-4.65305,3.65866,-0.489594,0.5,2,2.00685,-3.44385,5.26032,-4.95019,3.26509,-4.95019,3.26509,-3.44385,5.26032,-3.72604,5.47398,0.0068543,2,-1,-0.0443408,0.00925827,0.2034
-4.56949,3.60404,-0.67877,0.5,2,1.99941,-3.34153,5.18194,-4.87693,3.20898,-4.95019,3.26509,-3.34153,5.18194,-3.61972,5.39853,-0.000587463,1,0.0451469,-0.0372519,0.030254,0.199769
-4.49163,3.54129,-0.673921,0.5,2,2.00369,-3.26873,5.12851,-4.79454,3.14813,-4.79454,3.14813,-3.26873,5.12851,-3.54942,5.34258,0.00368786,2,1,0.020797,0.0290685,0.205574
-4.4082,3.48646,-0.48156,0.5,2,1.99927,-3.24462,5.11224,-4.69962,3.07927,-4.79454,3.14813,-3.24462,5.11224,-2.93568,4.87936,-0.000727177,1,0.0677564,-0.0218998,0,0.201602
-4.31897,3.44131,-0.461483,0.5,2,1.98213,-3.08666,4.99381,-4.64093,3.03569,-4.64093,3.03569,-3.08666,4.99381,-3.36244,5.20734,-0.0178679,2,-1,-0.0850084,0.00668153,0.201636
-4.23413,3.38869,-0.655077,0.5,2,1.9721,-3.03268,4.95257,-4.55574,2.97007,-4.64093,3.03569,-3.03268,4.95257,-3.30789,5.16546,-0.0279001,1,-0.144053,-0.0497137,0.00459775,0.201799
-4.15598,3.3263,-0.688167,0.5,2,1.97577,-2.95515,4.89527,-4.4746,2.91001,-4.4746,2.91001,-2.95515,4.89527,-3.23344,5.10386,-0.0242316,2,-1,0.0182428,0.00341256,0.201096
-4.08535,3.25576,-0.884743,0.5,2,1.99026,-2.89613,4.85166,-4.38992,2.84702,-4.4746,2.91001,-2.89613,4.85166,-3.17781,5.0608,-0.00973761,1,0.438814,0.0714042,0.00892056,0.202984
-4.01922,3.18079,-0.804175,0.5,2,2.01297,-2.83386,4.80774,-4.30601,2.78715,-4.30601,2.78715,-2.83386,4.80774,-3.12019,5.01788,0.0129709,2,1,0.112437,0.0243908,0.201966
-3.94327,3.11598,-0.606419,0.5,2,2.02158,-2.73384,4.73588,-4.22949,2.73263,-4.30601,2.78715,-2.73384,4.73588,-3.01978,4.94852,0.0215821,1,0.552137,0.0419881,0.0244337,0.205087
-3.85796,3.0639,-0.492857,0.5,2,2.01265,-2.64003,4.66621,-4.15288,2.67591,-4.15288,2.67591,-2.64003,4.66621,-2.92234,4.8814,0.0126507,2,-1,-0.0441539,0.0272007,0.202279
-3.77458,3.00901,-0.681992,0.5,2,2.00519,-2.53798,4.5875,-4.07972,2.6195,-4.15288,2.67591,-2.53798,4.5875,-2.81625,4.80565,0.00519323,1,0.0670788,-0.0370675,0.0483801,0.201187
-3.69692,2.94601,-0.674979,0.5,2,2.00942,-2.46884,4.53647,-3.99674,2.55771,-3.99674,2.55771,-2.46884,4.53647,-2.74973,4.75215,0.00942183,2,1,0.0209041,0.0475486,0.202285
-3.61344,2.89125,-0.480576,0.5,2,2.0038,-2.39263,4.48022,-3.91575,2.49777,-3.99674,2.55771,-2.39263,4.48022,-2.67296,4.69519,0.00379825,1,0.0668538,-0.0277644,0.0230892,0.202546
-3.52425,2.84603,-0.46254,0.5,2,1.98922,-2.39749,4.48536,-3.81357,2.42509,-3.81357,2.42509,-2.39749,4.48536,-2.09288,4.25255,-0.010782,2,-1,-0.0723975,0.0610078,0.201392
-3.43952,2.79323,-0.657205,0.5,2,1.9794,-2.23029,4.36032,-3.75756,2.38107,-3.81357,2.42509,-2.23029,4.36032,-2.50696,4.57286,-0.0205978,1,-0.134497,-0.0485473,0.0139921,0.202191
-3.36139,2.73081,-0.687567,0.5,2,1.98283,-2.15721,4.30611,-3.67547,2.31994,-3.67547,2.31994,-2.15721,4.30611,-2.43709,4.51437,-0.0171689,2,-1,0.0166583,0.0165617,0.205839
-3.29048,2.66055,-0.880643,0.5,2,1.99655,-2.10408,4.26637,-3.58964,2.25562,-3.67547,2.31994,-2.10408,4.26637,-1.79502,4.03293,-0.00345016,1,0.44591,0.0681536,0.00727482,0.201291
-3.2242,2.58571,-0.801582,0.5,2,2.01889,-2.0396,4.22052,-3.5065,2.19612,-3.5065,2.19612,-2.0396,4.22052,-2.32639,4.43242,0.0188873,2,1,0.111074,0.0231732,0.201104
-3.14815,2.52102,-0.604907,0.5,2,2.02694,-1.93797,4.14705,-3.43059,2.14153,-3.5065,2.19612,-1.93797,4.14705,-1.62594,3.90813,0.0269427,1,0.548976,0.0392694,0.0242674,0.205133
-3.06274,2.46912,-0.491052,0.5,2,2.01746,-1.81691,4.05596,-3.36072,2.08957,-3.36072,2.08957,-1.81691,4.05596,-2.09826,4.27275,0.0174615,2,-1,-0.0473131,0.0203475,0.200393
-2.97925,2.41437,-0.680209,0.5,2,2.00945,-1.74285,3.99841,-3.28109,2.02767,-3.36072,2.08957,-1.74285,3.99841,-2.02124,4.21815,0.00944591,1,0.0749621,-0.0398339,0.00540935,0.201226
-2.90144,2.35157,-0.671667,0.5,2,2.01309,-1.6764,3.949,-3.19774,1.96519,-3.19774,1.96519,-1.6764,3.949,-1.95742,4.16626,0.013087,2,1,0.0180919,0.00512107,0.201258
-2.81768,2.29724,-0.475367,0.5,2,2.00641,-1.52164,3.8289,-3.13651,1.92045,-3.19774,1.96519,-1.52164,3.8289,-1.79781,4.04697,0.00641036,1,0.0539233,-0.0323466,0.033992,0.206411
-2.72818,2.25262,-0.457014,0.5,2,1.98604,-1.47335,3.79202,-3.05292,1.85425,-3.05292,1.85425,-1.47335,3.79202,-1.74601,4.01109,-0.0139595,2,-1,-0.101159,0.0274739,0.201364
-2.64306,2.20046,-0.649636,0.5,2,1.97481,-1.42124,3.75192,-2.968,1.78786,-3.05292,1.85425,-1.42124,3.75192,-1.69578,3.96554,-0.0251896,1,-0.183089,-0.0558028,0.0122937,0.201246
-2.56486,2.13815,-0.691156,0.5,2,1.97773,-1.35814,3.70507,-2.88352,1.72436,-2.88352,1.72436,-1.35814,3.70507,-1.63407,3.91854,-0.0222667,2,-1,0.014507,0.02904,0.201481
-2.49438,2.06743,-0.887071,0.5,2,1.99189,-1.30048,3.66187,-2.79894,1.66071,-2.88352,1.72436,-1.30048,3.66187,-1.58073,3.87415,-0.00810874,1,0.404196,0.0697038,0.00366711,0.203117
-2.42878,1.992,-0.814657,0.5,2,2.01476,-1.22537,3.60787,-2.71861,1.60282,-2.71861,1.60282,-1.22537,3.60787,-1.51056,3.81954,0.0147564,2,1,0.113034,0.0253829,0.202286
-2.35356,1.92635,-0.617636,0.5,2,2.02404,-1.12454,3.53453,-2.64257,1.54818,-2.71861,1.60282,-1.12454,3.53453,-1.40947,3.74861,0.0240421,1,0.528019,0.0462114,0.0245365,0.200939
-2.26903,1.87301,-0.510144,0.5,2,2.01611,-1.04928,3.47828,-2.56179,1.48772,-2.56179,1.48772,-1.04928,3.47828,-0.715198,3.21286,0.0161114,2,1,-0.0384593,0.00855555,0.206211
-2.17763,1.83286,-0.31392,0.5,2,1.99294,-0.923796,3.38196,-2.49664,1.43872,-2.56179,1.48772,-0.923796,3.38196,-1.19725,3.60249,-0.0070585,1,-0.182575,-0.115148,0.0281012,0.201217
-2.08291,1.8008,-0.344522,0.5,2,1.95932,-0.856801,3.32906,-2.42126,1.37907,-2.42126,1.37907,-0.856801,3.32906,-0.56374,3.08734,-0.0406842,2,-1,-0.16532,0.0437884,0.203398
-1.99257,1.75831,-0.539618,0.5,2,1.93468,-0.70008,3.19791,-2.37024,1.33765,-2.42126,1.37907,-0.70008,3.19791,-0.962492,3.41204,-0.0653206,1,-0.371922,-0.121256,0.0292325,0.203176
-1.90898,1.70347,-0.617771,0.5,2,1.92431,-0.713806,3.21163,-2.26653,1.25228,-2.26653,1.25228,-0.713806,3.21163,-0.979467,3.42286,-0.0756923,2,-1,-0.0516763,0.0129614,0.200705
