-9.03525e-19,5.77609e-36,-9.75906e-18,1.49925,2,2.00296,0.0349618,2.00266,-0.0261178,-1.49606,0,0,0.0349618,2.00266,-0.692921,2.01241,0.00296021,1,0.0860011
0.00446493,2.39995e-05,0.00808411,1.49925,2,2.00287,0.0232353,2.00281,-0.00955866,-1.49629,0,0,0.0232353,2.00281,-0.706925,2.01305,0.00287461,1,0.0761756
0.0189138,0.000203165,0.0157704,1.49925,2,2.00272,0.0572411,2.00255,-0.00972629,-1.49605,0,0,0.0572411,2.00255,-0.671342,2.01588,0.00271845,1,0.0654502
0.0433592,0.000675724,0.0223798,1.49925,2,2.00217,0.0684445,2.00268,0.024602,-1.49629,0,0,0.0684445,2.00268,-0.661858,2.01648,0.00216556,1,0.0107216
0.0777998,0.0014788,0.0238351,1.49925,2,2.00129,0.099962,2.00265,0.0612115,-1.49639,0,0,0.099962,2.00265,-0.630456,2.01655,0.00129437,1,-0.0577986
0.12224,0.00242841,0.0186034,1.49925,2,2.00026,0.154854,2.00242,0.0977983,-1.49637,0,0,0.154854,2.00242,-0.573659,2.01596,0.000256538,1,-0.092884
0.176684,0.00320575,0.00980617,1.49925,2,1.9994,0.191979,2.00255,0.16521,-1.4966,0,0,0.191979,2.00255,-0.537431,2.01292,-0.000599384,1,-0.107665
0.241133,0.00348739,-0.000871662,1.49925,2,1.99913,0.242881,2.00261,0.239821,-1.49664,0,0,0.242881,2.00261,1.00632,1.99166,-0.000873208,1,-0.0576939
0.315582,0.00318476,-0.00689091,1.49925,2,1.99941,0.329365,2.00255,0.305243,-1.49662,0,0,0.329365,2.00255,1.09508,1.99274,-0.000588775,1,0.011722
0.40003,0.00261912,-0.00613521,1.49925,2,2.00004,0.412306,2.00262,0.390828,-1.49657,0,0,0.412306,2.00262,1.17803,1.99278,3.57628e-05,1,0.0710849
0.49448,0.0023539,0.000676466,1.49925,2,2.00039,0.528044,2.00246,0.469331,-1.4963,0,0,0.528044,2.00246,-0.199084,2.01221,0.000385761,1,0.0504884
0.594464,0.00268402,0.00582829,1.49925,2,1.99998,0.617719,2.00253,0.577032,-1.49648,0,0,0.617719,2.00253,-0.110737,2.01262,-1.64509e-05,1,-0.0461363
0.694463,0.00308327,0.00169778,1.49925,2,1.99958,0.725972,2.00241,0.670832,-1.4964,0,0,0.725972,2.00241,-0.00116731,2.01227,-0.000423193,1,-0.0583342
0.794463,0.00296616,-0.00408685,1.49925,2,1.99968,0.802641,2.00263,0.788331,-1.4966,0,0,0.802641,2.00263,1.56758,1.99264,-0.000323772,1,0.000695135
0.894462,0.0025266,-0.00437151,1.49925,2,2.00016,0.903211,2.00266,0.887905,-1.49655,0,0,0.903211,2.00266,1.66842,1.99269,0.000155926,1,0.060054
0.994462,0.00236078,0.0013371,1.49925,2,2.00042,0.991792,2.00278,0.996462,-1.49647,0,0,0.991792,2.00278,1.75536,1.99251,0.000418663,1,0.0429163
1.09446,0.00271742,0.00571441,1.49925,2,2.00076,1.11795,2.00334,1.07687,-1.49567,0,0,1.11795,2.00334,0.391279,2.00763,0.000763893,1,0.0602124
1.19446,0.00357985,0.0116319,1.49925,2,1.99985,1.2061,2.00339,1.18572,-1.4958,0,0,1.2061,2.00339,0.47808,2.00806,-0.000154376,1,-0.0952348
1.29445,0.00434263,0.00288563,1.49925,2,1.99898,1.32358,2.00311,1.2726,-1.49577,0,0,1.32358,2.00311,0.5983,2.00734,-0.00101721,1,-0.116475
1.39445,0.00405715,-0.0086769,1.49925,2,1.99925,1.41181,2.00323,1.38143,-1.49589,0,0,1.41181,2.00323,2.17731,1.99173,-0.00074923,1,0.00810134
1.49445,0.00316925,-0.00848964,1.49925,2,2.00021,1.51144,2.00331,1.48172,-1.49582,0,0,1.51144,2.00331,2.27728,1.99187,0.000211954,1,0.104189
1.59445,0.00280356,0.00154488,1.49925,2,2.00065,1.62628,2.0032,1.5706,-1.49561,0,0,1.62628,2.0032,0.900807,2.00724,0.00065136,1,0.0677325
1.69445,0.00331448,0.00850041,1.49925,2,2.00006,1.71236,2.00329,1.68102,-1.49582,0,0,1.71236,2.00329,0.985139,2.00779,5.67436e-05,1,-0.0605758
1.79444,0.00393631,0.00321269,1.49925,2,1.99937,1.82292,2.00311,1.77308,-1.49579,0,0,1.82292,2.00311,1.09713,2.00816,-0.000628471,1,-0.0910222
1.89444,0.00381732,-0.0057373,1.49925,2,1.99946,1.90592,2.00325,1.88584,-1.49594,0,0,1.90592,2.00325,2.6706,1.9916,-0.000536561,1,-0.00699695
1.99444,0.0031597,-0.00694114,1.49925,2,1.99959,2.04322,2.00216,1.95786,-1.49605,0,0,2.04322,2.00216,1.31987,2.00736,-0.000409007,1,0.00132626
2.09444,0.00246738,-0.00685846,1.49925,2,2.0001,2.10816,2.00252,2.08415,-1.49665,0,0,2.10816,2.00252,2.87376,1.99176,0.000102043,1,0.0600446
2.19444,0.00205314,-0.00114759,1.49925,2,2.00059,2.19674,2.00264,2.19271,-1.49661,0,0,2.19674,2.00264,2.96077,1.99158,0.000589609,1,0.0696011
2.29444,0.00228172,0.00576474,1.49925,2,2.00029,2.31782,2.00243,2.27691,-1.49658,0,0,2.31782,2.00243,1.5907,2.00845,0.000286102,1,-0.0258754
2.39444,0.00277536,0.00365458,1.49925,2,1.99974,2.42203,2.00232,2.37374,-1.4966,0,0,2.42203,2.00232,1.6957,2.00824,-0.000263929,1,-0.064135
2.49444,0.00284241,-0.00252936,1.49925,2,1.99965,2.4995,2.00249,2.49064,-1.49675,0,0,2.4995,2.00249,3.26325,1.9906,-0.000347137,1,-0.0210274
2.59444,0.00246744,-0.00480453,1.49925,2,2.00002,2.60405,2.00247,2.58723,-1.49674,0,0,2.60405,2.00247,3.36864,1.99071,2.24113e-05,1,0.0405861
2.69444,0.00215988,-0.00105399,1.49925,2,2.00038,2.69655,2.00254,2.69285,-1.49671,0,0,2.69655,2.00254,3.46013,1.99058,0.000381231,1,0.0496761
2.79443,0.00229757,0.00385908,1.49925,2,2.00018,2.82163,2.00229,2.77405,-1.49664,0,0,2.82163,2.00229,2.09536,2.00741,0.000179052,1,-0.0168581
2.89443,0.00263791,0.00257247,1.49925,2,1.9998,2.9242,2.00221,2.87212,-1.49665,0,0,2.9242,2.00221,2.19842,2.00726,-0.000203609,1,-0.0471113
2.99443,0.00267721,-0.00195714,1.49925,2,1.99894,3.03324,2.00124,2.96531,-1.49735,0,0,3.03324,2.00124,2.30873,2.00686,-0.00105739,1,-0.11236
3.09443,0.00195768,-0.0128016,1.49925,2,1.99964,3.12003,2.00143,3.07523,-1.49753,0,0,3.12003,2.00143,2.39129,2.0136,-0.000359893,1,0.0650385
3.19443,0.000899485,-0.00736219,1.49925,2,2.00076,3.20916,2.00161,3.18339,-1.49755,0,0,3.20916,2.00161,3.97521,1.99097,0.000761509,1,0.127011
3.29442,0.000762253,0.00496704,1.49925,2,2.00093,3.31941,2.00153,3.27571,-1.49744,0,0,3.31941,2.00153,2.59231,2.00743,0.00092864,1,0.0461614
3.39442,0.00153681,0.0100683,1.49925,2,2.00008,3.4092,2.00157,3.38335,-1.49759,0,0,3.4092,2.00157,2.68093,2.00784,8.4877e-05,1,-0.0888844
3.49442,0.00215215,0.00172001,1.49925,2,1.99941,3.52588,2.00132,3.47082,-1.4975,0,0,3.52588,2.00132,2.80019,2.00714,-0.000588298,1,-0.0851657
3.59442,0.00189616,-0.00681887,1.49925,2,1.99964,3.60806,2.00149,3.58419,-1.49768,0,0,3.60806,2.00149,4.37469,1.99385,-0.000362635,1,0.0135575
3.69442,0.00121538,-0.00615418,1.49925,2,2.00037,3.70673,2.00155,3.68519,-1.49763,0,0,3.70673,2.00155,4.47345,1.99391,0.000374079,1,0.0873095
3.79442,0.000993583,0.00213426,1.49925,2,2.00064,3.82507,2.0014,3.77146,-1.49744,0,0,3.82507,2.0014,3.09914,2.00632,0.000644207,1,0.0501359
3.89441,0.00147581,0.00733372,1.49925,2,2.00008,3.91466,2.00146,3.87924,-1.49762,0,0,3.91466,2.00146,3.18747,2.00672,8.17776e-05,1,-0.056164
3.99441,0.00198018,0.00224882,1.49925,2,1.99962,3.98992,2.0016,3.99778,-1.49764,0,0,3.98992,2.0016,4.75375,1.99348,-0.000378489,1,-0.0607606
4.09441,0.0019035,-0.00380425,1.49925,2,2.00214,4.03216,2.00308,4.14097,-1.49448,0,0,4.03216,2.00308,4.79079,1.99959,0.00214195,1,0.230748
4.19441,0.00250714,0.0175215,1.49925,2,2.00216,4.22922,2.00437,4.16838,-1.49435,0,0,4.22922,2.00437,3.50332,2.00915,0.0021646,1,0.0672633
4.29438,0.00469057,0.0252287,1.49925,2,1.99982,4.31374,2.00442,4.27987,-1.49467,0,0,4.31374,2.00442,3.58645,2.0099,-0.000181079,1,-0.208928
4.39437,0.00630335,0.00571689,1.49925,2,1.99801,4.41782,2.00418,4.37675,-1.49483,0,0,4.41782,2.00418,3.69291,2.00629,-0.00199044,1,-0.199663
4.49437,0.0058731,-0.0142864,1.49925,2,1.9985,4.52292,2.00417,4.47292,-1.49472,0,0,4.52292,2.00417,3.79645,2.01214,-0.00149751,1,0.0123589
4.59436,0.00438291,-0.0143227,1.49925,2,2.00014,4.5881,2.00452,4.59905,-1.49472,0,0,4.5881,2.00452,5.35162,1.99571,0.00014472,1,0.157208
4.69435,0.00363885,0.00038415,1.49925,2,2.00101,4.72851,2.00436,4.66878,-1.49438,0,0,4.72851,2.00436,4.00413,2.0057,0.00100899,1,0.110051
4.79435,0.00425937,0.0117194,1.49925,2,2.00033,4.80583,2.00456,4.78575,-1.49464,0,0,4.80583,2.00456,4.07738,2.00983,0.00033021,1,-0.0677511
4.89435,0.00517922,0.00583327,1.49925,2,1.99931,4.91758,2.00435,4.87691,-1.49466,0,0,4.91758,2.00435,4.19114,2.00941,-0.000691056,1,-0.115439
4.99435,0.00521756,-0.0053768,1.49925,2,1.99779,5.03996,2.00248,4.96007,-1.49585,0,0,5.03996,2.00248,4.31659,2.00851,-0.00221264,1,-0.179116
5.09433,0.00382738,-0.0228427,1.49925,2,1.9991,5.10511,2.0029,5.08625,-1.4963,0,0,5.10511,2.0029,5.87144,1.99609,-0.000897169,1,0.108703
5.19432,0.00194643,-0.0134115,1.49925,2,2.00128,5.22116,2.00304,5.17422,-1.49589,0,0,5.22116,2.00304,4.49195,2.01531,0.00127554,1,0.208318
5.29431,0.00159832,0.00692228,1.49925,2,2.0017,5.3154,2.00318,5.27854,-1.49587,0,0,5.3154,2.00318,4.58738,2.00944,0.00169516,1,0.09159
5.39431,0.00283811,0.0170151,1.49925,2,2.00044,5.4301,2.00296,5.36749,-1.49573,0,0,5.4301,2.00296,4.7033,2.01254,0.000444889,1,-0.112981
5.4943,0.00407441,0.0067399,1.49925,2,1.99909,5.51572,2.00305,5.47822,-1.496,0,0,5.51572,2.00305,4.78858,2.00963,-0.000905275,1,-0.147524
5.5943,0.00403731,-0.00773612,1.49925,2,1.99915,5.60977,2.00313,5.58269,-1.49601,0,0,5.60977,2.00313,6.37502,1.99178,-0.000845075,1,-0.0206691
5.69429,0.00306294,-0.0108179,1.49925,2,2.00028,5.71594,2.00322,5.67807,-1.49582,0,0,5.71594,2.00322,4.98625,2.01591,0.000276327,1,0.123958
5.79429,0.00251678,0.000710177,1.49925,2,2.00098,5.8278,2.00321,5.7692,-1.49555,0,0,5.8278,2.00321,5.1023,2.00758,0.000976801,1,0.0994767
5.89429,0.00310171,0.0108292,1.49925,2,2.00035,5.90754,2.00341,5.88435,-1.49576,0,0,5.90754,2.00341,5.17941,2.00846,0.000351191,1,-0.0585467
5.99428,0.00399863,0.00608071,1.49925,2,1.99871,6.0519,2.00188,5.95103,-1.49592,0,0,6.0519,2.00188,5.3289,2.01025,-0.00128841,1,-0.174093
6.09428,0.00380349,-0.0106353,1.49925,2,1.99866,6.11554,2.00235,6.07832,-1.4967,0,0,6.11554,2.00235,5.38658,2.0145,-0.00134206,1,-0.0475934
6.19427,0.00241658,-0.0162802,1.49925,2,2.00022,6.19193,2.00263,6.19603,-1.49662,0,0,6.19193,2.00263,6.95675,1.99572,0.000215054,1,0.151346
6.29427,0.00141094,-0.0025381,1.49925,2,2.00138,6.29935,2.00278,6.29046,-1.49646,0,0,6.29935,2.00278,7.06346,1.9901,0.00137877,1,0.147497
6.39426,0.00189685,0.0122347,1.49925,2,2.00093,6.40471,2.0028,6.38644,-1.49641,0,0,6.40471,2.0028,5.67564,2.00883,0.000926495,1,-0.01898
6.49426,0.00313785,0.011502,1.49925,2,1.99961,6.50616,2.00271,6.48533,-1.49648,0,0,6.50616,2.00271,5.77773,2.00884,-0.000393629,1,-0.137591
6.59425,0.00368021,-0.00142681,1.49925,2,1.99905,6.59711,2.00273,6.59211,-1.49652,0,0,6.59711,2.00273,7.35989,1.98974,-0.000947833,1,-0.0867446
6.69425,0.00307422,-0.0104064,1.49925,2,1.99973,6.71507,2.00269,6.67864,-1.49637,0,0,6.71507,2.00269,7.48087,1.99022,-0.000274658,1,0.0613555
6.79425,0.00225417,-0.00515941,1.49925,2,2.00066,6.80458,2.00289,6.78651,-1.49631,0,0,6.80458,2.00289,7.56916,1.99025,0.000663042,1,0.110599
6.89425,0.00226257,0.00560505,1.49925,2,2.00072,6.91796,2.00284,6.87649,-1.49616,0,0,6.91796,2.00284,6.19119,2.00754,0.000717878,1,0.0292366
6.99425,0.00302421,0.00909825,1.49925,2,1.99783,7.04581,2.00019,6.9555,-1.4979,0,0,7.04581,2.00019,6.3219,2.00998,-0.0021714,1,-0.259774
7.09424,0.00280338,-0.015145,1.49925,2,1.99788,7.08964,2.00068,7.0977,-1.49856,0,0,7.08964,2.00068,7.85302,1.99318,-0.00211656,1,-0.0580211
7.19422,0.000862609,-0.0223594,1.49925,2,1.99994,7.20404,2.00078,7.18686,-1.49843,0,0,7.20404,2.00078,7.97055,1.99395,-5.90086e-05,1,0.180478
7.29421,-0.000631974,-0.00598111,1.49925,2,2.00163,7.30619,2.00096,7.28525,-1.49823,0,0,7.30619,2.00096,8.07271,1.99171,0.00162697,1,0.184255
7.39421,-0.000311715,0.0124142,1.49925,2,2.00136,7.4043,2.00102,7.38666,-1.49819,0,0,7.4043,2.00102,6.67448,2.00857,0.00135779,1,0.0117516
7.4942,0.00108881,0.0146244,1.49925,2,1.99988,7.53476,2.00055,7.46379,-1.49798,0,0,7.53476,2.00055,6.8085,2.01097,-0.000124693,1,-0.138546
7.59419,0.00196003,0.00182187,1.49925,2,1.99889,7.62544,2.0006,7.57074,-1.49822,0,0,7.62544,2.0006,6.89946,2.00776,-0.00111127,1,-0.123005
7.69419,0.00151815,-0.0105719,1.49925,2,1.99935,7.71533,2.00075,7.67833,-1.4983,0,0,7.71533,2.00075,6.98559,2.01437,-0.000653625,1,0.0320874
7.79419,0.000531149,-0.00829372,1.49925,2,2.00043,7.81078,2.0009,7.78175,-1.49823,0,0,7.81078,2.0009,8.5775,1.9916,0.000434399,1,0.12449
7.89419,0.000279183,0.00369328,1.49925,2,2.00076,7.92172,2.00085,7.87356,-1.49807,0,0,7.92172,2.00085,7.19541,2.00562,0.000761509,1,0.0574829
7.99418,0.00098738,0.00997763,1.49925,2,2.00001,8.00914,2.00094,7.98297,-1.49821,0,0,8.00914,2.00094,7.28131,2.00613,8.10623e-06,1,-0.0749089
8.09418,0.00171227,0.00354587,1.49925,2,2.00037,8.12201,2.00189,8.07333,-1.49702,0,0,8.12201,2.00189,7.39623,2.00561,0.000368357,1,0.0492382
8.19418,0.0022177,0.00747652,1.49925,2,1.99982,8.21414,2.00194,8.17922,-1.49714,0,0,8.21414,2.00194,7.48748,2.00585,-0.000177145,1,-0.0687364
8.29418,0.00269033,0.00131073,1.49925,2,1.99936,8.32646,2.00179,8.26996,-1.497,0,0,8.32646,2.00179,7.60167,2.00536,-0.000640392,1,-0.0693384
8.39418,0.00247528,-0.00561709,1.49925,2,1.99957,8.40542,2.00201,8.38575,-1.49718,0,0,8.40542,2.00201,9.16924,1.98816,-0.000433207,1,0.0123133
8.49418,0.00193534,-0.00479402,1.49925,2,2.00018,8.50377,2.00209,8.48699,-1.49712,0,0,8.50377,2.00209,9.26759,1.98822,0.000180721,1,0.0657631
8.59418,0.00173881,0.00130124,1.49925,2,2.00046,8.62649,2.00194,8.56996,-1.49686,0,0,8.62649,2.00194,7.90132,2.00547,0.000458241,1,0.0451983
8.69418,0.00210689,0.00594446,1.49925,2,2.00004,8.7172,2.00201,8.67692,-1.49701,0,0,8.7172,2.00201,7.99089,2.00585,3.57628e-05,1,-0.0455588
8.79417,0.00254324,0.00211464,1.49925,2,1.9996,8.82485,2.00191,8.77117,-1.49693,0,0,8.82485,2.00191,8.09936,2.00667,-0.000400662,1,-0.0588878
8.89417,0.00246927,-0.00368083,1.49925,2,1.99967,8.90154,2.00213,8.88865,-1.4971,0,0,8.90154,2.00213,9.66481,1.98816,-0.000327349,1,-0.00171582
8.99417,0.00206474,-0.00413828,1.49925,2,1.99763,9.07216,1.99817,8.93555,-1.49841,0,0,9.07216,1.99817,8.35148,2.0083,-0.00236762,1,-0.212068
9.09416,0.000752188,-0.0236622,1.49925,2,1.99824,9.10658,1.99895,9.08484,-1.50023,0,0,9.10658,1.99895,9.87274,1.99197,-0.00176132,1,0.0148441
9.19413,-0.00167164,-0.0235393,1.49925,2,2.00089,9.20632,1.99919,9.18501,-1.5,0,0,9.20632,1.99919,9.97359,1.99249,0.000893831,1,0.231057
9.29412,-0.00299605,-0.00173084,1.49925,2,2.00243,9.29759,1.99943,9.29153,-1.49981,0,0,9.29759,1.99943,8.56377,2.0145,0.00243163,1,0.186217
9.39412,-0.00221197,0.0171599,1.49925,2,2.00162,9.42964,1.99909,9.36754,-1.49961,0,0,9.42964,1.99909,8.70174,2.01053,0.00162125,1,-0.0359741
9.4941,-0.000525841,0.0151178,1.49925,2,1.9998,9.53368,1.99888,9.46443,-1.49968,0,0,9.53368,1.99888,8.80692,2.01045,-0.000199914,1,-0.169396
9.5941,0.000241413,-0.000754426,1.49925,2,1.99893,9.59561,1.99918,9.59296,-1.50007,0,0,9.59561,1.99918,8.86256,2.01486,-0.00106514,1,-0.116231
9.6941,-0.000451088,-0.0127497,1.49925,2,1.99966,9.7196,1.99904,9.67497,-1.49992,0,0,9.7196,1.99904,8.99002,2.01354,-0.000343084,1,0.0660612
9.79409,-0.00151887,-0.00741959,1.49925,2,2.0008,9.80894,1.99923,9.78297,-1.49992,0,0,9.80894,1.99923,9.07855,2.01076,0.000802994,1,0.129762
9.89409,-0.00164909,0.00517436,1.49925,2,2.00098,9.91866,1.99918,9.87569,-1.49981,0,0,9.91866,1.99918,9.19182,2.00412,0.00097537,1,0.0491385
9.99409,-0.000824053,0.0107332,1.49925,2,2.00009,10.0075,1.99923,9.98401,-1.49995,0,0,10.0075,1.99923,9.27941,2.00458,9.48906e-05,1,-0.0964165
10.0941,-0.000134502,0.00211043,1.49925,2,2.00257,10.02,2.00106,10.1495,-1.49579,0,0,10.02,2.00106,9.27844,2.00648,0.00256801,1,0.234083
10.1941,0.000993084,0.0228748,1.49925,2,2.00709,10.0432,2.0024,10.3062,-1.48695,0,0,10.0432,2.0024,9.28359,2.01652,0.00708866,1,0.358508
10.294,0.00495365,0.0574813,1.49925,2,2.01583,10.0381,2.00447,10.4823,-1.46647,0,0,10.0381,2.00447,9.25583,2.01693,0.0158267,1,0.475922
10.3937,0.0130146,0.104486,1.49925,2,2.0252,10.0425,2.00753,10.6493,-1.4387,0,0,10.0425,2.00753,9.23352,2.02353,0.0252008,1,0.496454
10.4928,0.0258907,0.153947,1.49925,2,2.02843,10.0773,2.01131,10.7941,-1.41374,0,0,10.0773,2.01131,9.24518,2.03653,0.0284302,1,0.443574
10.5912,0.0434697,0.198939,1.49925,2,2.03595,10.085,2.01547,10.9551,-1.37387,0,0,10.085,2.01547,9.22031,2.0458,0.0359464,1,0.507684
10.6888,0.065636,0.248874,1.49925,2,2.04708,10.0814,2.02054,11.1196,-1.32115,0,0,10.0814,2.02054,9.17426,2.05662,0.047076,1,0.544107
10.785,0.0928548,0.302884,1.49925,2,2.04971,10.1057,2.02674,11.2653,-1.27477,0,0,10.1057,2.02674,9.17841,2.05192,0.04971,1,0.499583
10.8796,0.125078,0.35311,1.49925,2,2.06159,10.0996,2.03342,11.4236,-1.20571,0,0,10.0996,2.03342,9.11924,2.06436,0.0615909,1,0.56179
10.9724,0.162248,0.408977,1.49925,2,2.07474,10.1143,2.05119,11.5616,-1.1347,0,0,10.1143,2.05119,9.08394,2.08853,0.0747364,1,0.57479
11.063,0.204623,0.466378,1.49925,2,2.06626,10.1018,2.03372,11.7296,-1.06389,0,0,10.1018,2.03372,8.96981,2.10785,0.0662632,1,0.431145
11.1513,0.251573,0.510355,1.49925,2,2.07076,10.1084,2.04053,11.8707,-0.982522,0,0,10.1084,2.04053,8.89726,2.12682,0.0707572,1,0.541759
11.2372,0.302724,0.564088,1.49925,2,2.06533,10.133,2.04809,12.0038,-0.909051,0,0,10.133,2.04809,8.8403,2.15394,0.0653296,1,0.465675
11.3204,0.358173,0.611112,1.49925,2,2.07327,10.1308,2.05621,12.1386,-0.809718,0,0,10.1308,2.05621,8.71842,2.17916,0.0732739,1,0.558201
11.4007,0.417757,0.666285,1.49925,2,2.06761,10.1513,2.06521,12.2658,-0.722962,0,0,10.1513,2.06521,8.68568,2.16914,0.0676115,1,0.465642
11.4778,0.481406,0.713312,1.49925,2,2.06891,10.1795,2.09221,12.3754,-0.63222,0,0,10.1795,2.09221,8.63174,2.20033,0.0689137,1,0.524282
11.5517,0.548763,0.765329,1.49925,2,2.06008,10.1773,2.0833,12.5119,-0.523267,0,0,10.1773,2.0833,8.39764,2.23642,0.0600798,1,0.384957
11.6224,0.619468,0.804661,1.49925,2,2.05604,10.1915,2.09588,12.6268,-0.416876,0,0,10.1915,2.09588,8.22433,2.26923,0.0560408,1,0.449537
11.6901,0.693036,0.849227,1.49925,2,2.05376,10.1965,2.10267,12.7414,-0.299096,0,0,10.1965,2.10267,7.9412,2.31092,0.0537612,1,0.463027
11.7544,0.76961,0.895436,1.49925,2,2.05013,10.2001,2.10638,12.8531,-0.175269,0,0,10.2001,2.10638,7.51243,2.37215,0.0501349,1,0.433052
11.8152,0.848996,0.938891,1.49925,2,2.04862,10.2054,2.11604,12.9551,-0.0482007,0,0,10.2054,2.11604,6.93339,2.4546,0.0486174,1,0.456714
11.8725,0.930999,0.98442,1.49925,2,2.04809,10.2071,2.12315,13.0524,0.0863055,0,0,10.2071,2.12315,5.94558,2.58548,0.0480888,1,0.465269
11.9258,1.01555,1.03089,1.49925,2,2.05601,10.2003,2.13336,13.1371,0.230883,0,0,10.2003,2.13336,4.03737,2.82727,0.0560088,1,0.540255
11.9749,1.10265,1.08454,1.49925,2,2.04421,10.2202,2.15123,13.224,0.356284,0,0,10.2202,2.15123,22.2759,-5.05278,0.0442073,1,0.0249627
12.0213,1.19126,1.09013,1.49925,2,2.04995,10.2204,2.17069,13.2945,0.498813,0,0,10.2204,2.17069,22.563,-4.54211,0.0499549,1,0.520367
12.0656,1.2809,1.1377,1.49925,2,2.04874,10.2213,2.17305,13.3713,0.649264,0,0,10.2213,2.17305,10.3303,3.12971,0.0487404,1,0.460452
12.1054,1.37264,1.18471,1.49925,2,2.04618,10.2235,2.17613,13.4417,0.802047,0,0,10.2235,2.17613,10.3328,3.09169,0.0461817,1,0.425991
12.141,1.46606,1.22751,1.49925,2,2.04655,10.2262,2.18842,13.5002,0.953307,0,0,10.2262,2.18842,10.3359,3.07262,0.0465534,1,0.470622
12.1725,1.56097,1.27431,1.49925,2,2.04496,10.2275,2.19248,13.5557,1.11187,0,0,10.2275,2.19248,10.3377,3.04612,0.0449593,1,0.44146
12.1996,1.65723,1.31863,1.49925,2,2.04435,10.2291,2.20178,13.6019,1.26969,0,0,10.2291,2.20178,10.3402,3.03052,0.0443461,1,0.452391
12.2223,1.7546,1.36379,1.49925,2,2.04354,10.23,2.20945,13.6415,1.43058,0,0,10.23,2.20945,10.3422,3.0161,0.0435388,1,0.447139
12.2407,1.85289,1.40854,1.49925,2,2.0428,10.2308,2.21803,13.6737,1.59256,0,0,10.2308,2.21803,10.3443,3.00577,0.0427999,1,0.44484
12.2546,1.9519,1.45304,1.49925,2,2.04175,10.2366,2.2624,13.6952,1.73025,0,0,10.2366,2.2624,10.3552,3.03737,0.0417464,1,0.436381
12.2642,2.05143,1.49672,1.49925,2,2.03689,10.2538,2.37865,13.7076,1.81651,0,0,10.2538,2.37865,10.3757,3.15253,0.0368948,1,0.334666
12.2699,2.15127,1.5307,1.49925,2,2.02769,10.2688,2.47887,13.7221,1.91351,0,0,10.2688,2.47887,24.1122,0.212484,0.0276911,1,-0.155191
12.2743,2.25117,1.51861,1.49925,2,2.01709,10.282,2.56638,13.7383,2.01955,0,0,10.282,2.56638,24.1269,0.375924,0.0170932,1,-0.34646
12.2812,2.35093,1.48492,1.49925,2,2.0086,10.3026,2.69698,13.7495,2.09411,0,0,10.3026,2.69698,24.1017,0.283497,0.00859571,1,-0.351382
12.2915,2.45039,1.4498,1.49925,2,2.00405,10.3118,2.76156,13.7686,2.21822,0,0,10.3118,2.76156,24.146,0.587115,0.00405359,1,-0.262208
12.3049,2.54948,1.42305,1.49925,2,2.00303,10.3237,2.84436,13.7848,2.32921,0,0,10.3237,2.84436,24.1742,0.782891,0.00303125,1,-0.0189404
12.3199,2.64836,1.41969,1.49925,2,2.00375,10.339,2.94998,13.7983,2.42324,0,0,10.339,2.94998,24.1831,0.841971,0.00375152,1,0.159675
12.3343,2.74732,1.43459,1.49925,2,2.00387,10.354,3.05403,13.812,2.51843,0,0,10.354,3.05403,10.245,2.33379,0.00387216,1,0.117712
12.3472,2.84647,1.44665,1.49925,2,2.00245,10.37,3.16363,13.8251,2.6094,0,0,10.37,3.16363,10.2577,2.44459,0.00244784,1,-0.0746516
12.3598,2.94567,1.44053,1.49925,2,2.00109,10.3757,3.20561,13.8453,2.75107,0,0,10.3757,3.20561,10.2569,2.47806,0.0010922,1,-0.106277
12.3733,3.04476,1.43025,1.49925,2,2.00509,10.376,3.22135,13.8617,2.91317,0,0,10.376,3.22135,10.2554,2.47934,0.00508761,1,0.321427
12.3863,3.14391,1.45598,1.49925,2,2.01561,10.3715,3.19943,13.8694,3.10304,0,0,10.3715,3.19943,10.2552,2.4341,0.0156066,1,0.489422
12.3954,3.24348,1.50392,1.49925,2,2.02667,10.3692,3.20217,13.8677,3.27349,0,0,10.3692,3.20217,10.2465,2.41135,0.0266674,1,0.510086
12.3996,3.34338,1.55482,1.49925,2,2.03249,10.37,3.23402,13.8642,3.42231,0,0,10.37,3.23402,10.2351,2.42085,0.0324876,1,0.480817
12.3988,3.44337,1.60308,1.49925,2,2.04336,10.3661,3.23512,13.8471,3.59175,0,0,10.3661,3.23512,10.2217,2.3886,0.0433557,1,0.536569
12.3929,3.54318,1.65646,1.49925,2,2.04775,10.3646,3.26145,13.8306,3.74288,0,0,10.3646,3.26145,10.2049,2.38431,0.0477517,1,0.50625
12.3818,3.64256,1.70726,1.49925,2,2.06044,10.358,3.2558,13.795,3.91263,0,0,10.358,3.2558,10.1849,2.33198,0.0604374,1,0.561902
12.3655,3.7412,1.76306,1.49925,2,2.06458,10.3539,3.27621,13.7633,4.06432,0,0,10.3539,3.27621,10.1888,2.32679,0.0645828,1,0.532472
12.3437,3.8388,1.81649,1.49925,2,2.08098,10.3441,3.26252,13.7065,4.23156,0,0,10.3441,3.26252,3.2877,4.61884,0.0809789,1,0.583549
12.3166,3.93504,1.87454,1.49925,2,2.06774,10.3546,3.28226,13.6749,4.38696,0,0,10.3546,3.28226,5.64126,4.23783,0.067745,1,0.361027
12.2848,4.02985,1.9122,1.49925,2,2.07079,10.346,3.30259,13.6223,4.53152,0,0,10.346,3.30259,6.60815,4.07338,0.0707948,1,0.535105
12.249,4.12318,1.96449,1.49925,2,2.07794,10.3442,3.29272,13.5518,4.69122,0,0,10.3442,3.29272,7.50383,3.91129,0.0779352,1,0.558834
12.2081,4.21442,2.02021,1.49925,2,2.07611,10.3381,3.31249,13.4899,4.83268,0,0,10.3381,3.31249,7.93509,3.85943,0.0761089,1,0.518409
12.1623,4.30331,2.07233,1.49925,2,2.07279,10.3276,3.33865,13.4249,4.96717,0,0,10.3276,3.33865,8.04647,3.81722,0.0727932,1,0.50159
12.112,4.38975,2.12261,1.49925,2,2.07885,10.323,3.33102,13.3344,5.11314,0,0,10.323,3.33102,8.40008,3.76084,0.0788515,1,0.556362
12.0573,4.47342,2.17791,1.49925,2,2.07154,10.3157,3.3517,13.2576,5.24651,0,0,10.3157,3.3517,8.58918,3.74983,0.0715368,1,0.460314
11.9983,4.55417,2.22462,1.49925,2,2.07855,10.3053,3.3483,13.1555,5.37839,0,0,10.3053,3.3483,8.775,3.7229,0.0785539,1,0.558383
11.9354,4.63187,2.27938,1.49925,2,2.0666,10.298,3.37099,13.0705,5.50597,0,0,10.298,3.37099,8.88454,3.72246,0.0665977,1,0.35694
11.8689,4.70653,2.31648,1.49925,2,2.06612,10.2798,3.38608,12.9711,5.62244,0,0,10.2798,3.38608,8.95143,3.71765,0.0661237,1,0.509031
11.7993,4.77831,2.36632,1.49925,2,2.05892,10.2832,3.3852,12.8598,5.75286,0,0,10.2832,3.3852,9.06895,3.69841,0.0589247,1,0.402322
11.7264,4.8468,2.40719,1.49925,2,2.0543,10.2718,3.39617,12.7495,5.86714,0,0,10.2718,3.39617,9.12713,3.69378,0.0543027,1,0.435428
11.6508,4.91219,2.4505,1.49925,2,2.05221,10.2618,3.40149,12.6302,5.97742,0,0,10.2618,3.40149,9.18302,3.68702,0.0522077,1,0.459996
11.5723,4.97415,2.49638,1.49925,2,2.04712,10.2573,3.40523,12.5051,6.08706,0,0,10.2573,3.40523,9.23984,3.67956,0.0471199,1,0.392901
11.4912,5.03267,2.53607,1.49925,2,2.04772,10.2391,3.41232,12.3787,6.18124,0,0,10.2391,3.41232,9.26594,3.67937,0.047724,1,0.475771
11.4077,5.08765,2.58307,1.49925,2,2.04221,10.2363,3.4148,12.2434,6.28118,0,0,10.2363,3.4148,9.30711,3.67087,0.0422094,1,0.34226
11.3219,5.13913,2.61796,1.49925,2,2.0451,10.2081,3.42401,12.114,6.35866,0,0,10.2081,3.42401,9.30809,3.67608,0.0450962,1,0.491177
11.2342,5.18709,2.66589,1.49925,2,2.03958,10.2065,3.42533,11.9697,6.44793,0,0,10.2065,3.42533,9.34452,3.67077,0.0395794,1,0.325919
11.1445,5.23134,2.69947,1.49925,2,2.0345,10.2104,3.42397,11.8171,6.53257,0,0,10.2104,3.42397,9.3787,3.65979,0.034497,1,0.309596
11.0535,5.27271,2.73053,1.49925,2,2.03278,10.2088,3.42373,11.6629,6.60659,0,0,10.2088,3.42373,9.40076,3.65153,0.0327752,1,0.383207
10.9611,5.31095,2.76834,1.49925,2,2.03416,10.1864,3.43009,11.5191,6.66563,0,0,10.1864,3.43009,9.39685,3.65599,0.0341554,1,0.442389
10.8672,5.34538,2.81222,1.49925,2,2.03367,10.1759,3.4328,11.3654,6.72369,0,0,10.1759,3.4328,9.4061,3.65692,0.0336742,1,0.410158
10.772,5.37575,2.85343,1.49925,2,2.03304,10.1942,3.42654,11.1886,6.7815,0,0,10.1942,3.42654,9.45083,3.65469,0.0330434,1,0.404627
10.6755,5.40222,2.89393,1.49925,2,2.03134,10.0752,3.46163,11.1094,6.80456,0,0,10.0752,3.46163,9.33037,3.69224,0.0313354,1,0.372875
10.5781,5.42491,2.9314,1.49925,2,2.02539,9.95082,3.49912,11.0346,6.82629,0,0,9.95082,3.49912,9.20845,3.73607,0.0253909,1,0.0944112
10.4802,5.44518,2.94224,1.49925,2,2.01665,9.87641,3.52104,10.9241,6.85976,0,0,9.87641,3.52104,9.14129,3.75722,0.0166531,1,-0.293226
10.3825,5.46616,2.91563,1.49925,2,2.00852,9.76355,3.55537,10.8418,6.88435,0,0,9.76355,3.55537,9.02555,3.78735,0.00852084,1,-0.330945
10.2854,5.49014,2.88284,1.49925,2,2.00374,9.70537,3.57219,10.7183,6.92163,0,0,9.70537,3.57219,8.97307,3.79991,0.0037396,1,-0.267471
10.1891,5.51708,2.85545,1.49925,2,2.00233,9.62391,3.59617,10.6116,6.95314,0,0,9.62391,3.59617,8.89549,3.82482,0.00232768,1,-0.0815517
10.0933,5.54594,2.84451,1.49925,2,2.00312,9.50695,3.63057,10.5313,6.97653,0,0,9.50695,3.63057,8.77471,3.8595,0.0031209,1,0.15732
9.99753,5.57459,2.85881,1.49925,2,2.00377,9.40491,3.66046,10.4398,7.00318,0,0,9.40491,3.66046,10.1013,3.45154,0.0037694,1,0.156399
9.90128,5.60175,2.87445,1.49925,2,2.00199,9.20652,3.72418,10.4209,7.00596,10.4209,7.00596,9.20652,3.72418,9.89008,3.505,0.00198627,2,-0.667
9.80562,5.63081,2.81352,1.49925,2,2.0001,9.19428,3.72642,10.2638,7.05821,10.4209,7.00596,9.19428,3.72642,9.88726,3.50813,0.000101805,1,-0.168216
9.71132,5.6641,2.7937,1.49925,2,2.00526,9.12729,3.74577,10.1464,7.09332,10.4209,7.00596,9.12729,3.74577,8.39442,3.97446,0.00526047,1,0.35823
9.61682,5.69679,2.82637,1.49925,2,2.01029,9.02702,3.77497,10.0537,7.12023,10.4209,7.00596,9.02702,3.77497,9.72666,3.5573,0.0102856,1,0.380065
9.52119,5.72599,2.8642,1.49925,2,2.01127,8.93672,3.80152,9.95359,7.14976,10.4209,7.00596,8.93672,3.80152,9.63736,3.58545,0.0112722,1,0.287129
9.42462,5.75195,2.89338,1.49925,2,2.00857,8.82994,3.83344,9.86597,7.1758,10.4209,7.00596,8.82994,3.83344,8.09474,4.0633,0.00856709,1,-0.0194498
9.32766,5.77641,2.89358,1.49925,2,2.00407,8.73469,3.86207,9.77005,7.20464,10.4209,7.00596,8.73469,3.86207,8.0016,4.09192,0.00407028,1,-0.265811
9.23101,5.80208,2.86872,1.49925,2,2.00087,8.62486,3.89524,9.68494,7.23005,10.4209,7.00596,8.62486,3.89524,9.3188,3.67685,0.000867605,1,-0.230563
9.13504,5.83016,2.84545,1.49925,2,2.00035,8.55127,3.91688,9.57246,7.26381,10.4209,7.00596,8.55127,3.91688,7.81939,4.14425,0.000353575,1,-0.0456592
9.03949,5.85968,2.83959,1.49925,2,2.00161,8.44415,3.94866,9.48494,7.28954,10.4209,7.00596,8.44415,3.94866,9.13977,3.73061,0.00160933,1,0.157734
8.94382,5.88878,2.85415,1.49925,2,2.00239,8.34271,3.97875,9.39318,7.3166,10.4209,7.00596,8.34271,3.97875,9.03756,3.76775,0.00239229,1,0.138784
8.84773,5.91646,2.86814,1.49925,2,2.00156,8.27363,3.99899,9.2773,7.35121,10.4209,7.00596,8.27363,3.99899,8.97176,3.78606,0.00156498,1,-0.0482227
8.75149,5.94361,2.86425,1.49925,2,2.00117,8.17005,4.02877,9.18675,7.37706,10.4209,7.00596,8.17005,4.02877,8.86698,3.81744,0.00116801,1,-0.00864777
8.65533,5.97105,2.86315,1.49925,2,2.00001,8.07212,4.05796,9.0925,7.40513,10.4209,7.00596,8.07212,4.05796,8.76836,3.84692,1.09673e-05,1,-0.120587
8.55933,5.99905,2.85176,1.49925,2,1.99952,7.98788,4.08293,8.98794,7.43624,10.4209,7.00596,7.98788,4.08293,7.26037,4.31271,-0.000484824,1,-0.0687782
8.46361,6.028,2.84447,1.49925,2,2.00003,7.87805,4.1156,8.90254,7.46152,10.4209,7.00596,7.87805,4.1156,7.14809,4.34567,3.21865e-05,1,0.0603073
8.36793,6.05707,2.8496,1.49925,2,2.00076,7.79197,4.141,8.79929,7.49213,10.4209,7.00596,7.79197,4.141,7.06328,4.3709,0.000763893,1,0.0940203
8.27203,6.08543,2.85873,1.49925,2,2.00066,7.68019,4.17432,8.71535,7.51695,10.4209,7.00596,7.68019,4.17432,8.37553,3.96389,0.00066185,1,0.00990838
8.17598,6.11325,2.86022,1.49925,2,1.99994,7.5872,4.20194,8.61737,7.54611,10.4209,7.00596,7.5872,4.20194,8.28268,3.99134,-6.07967e-05,1,-0.0738153
8.07998,6.14125,2.85418,1.49925,2,1.99947,7.47981,4.23398,8.53016,7.57187,10.4209,7.00596,7.47981,4.23398,8.17367,4.02305,-0.000531793,1,-0.0699038
7.98418,6.16994,2.84716,1.49925,2,1.99969,7.40388,4.2563,8.41935,7.60496,10.4209,7.00596,7.40388,4.2563,6.67485,4.48619,-0.000309944,1,0.0157307
7.88848,6.19893,2.84822,1.49925,2,1.99819,7.27734,4.29649,8.34757,7.62806,10.4209,7.00596,7.27734,4.29649,7.96938,4.08413,-0.00181305,1,-0.175501
7.79297,6.22856,2.83201,1.49925,2,1.99932,7.21717,4.31394,8.22494,7.66494,10.4209,7.00596,7.21717,4.31394,6.48507,4.53865,-0.000675678,1,0.0927685
7.69764,6.25876,2.83941,1.49925,2,2.0014,7.10201,4.34805,8.14342,7.68874,10.4209,7.00596,7.10201,4.34805,7.79761,4.12788,0.00139642,1,0.211399
7.60188,6.28756,2.85995,1.49925,2,2.00181,7.01204,4.37463,8.04311,7.71853,10.4209,7.00596,7.01204,4.37463,7.70826,4.16055,0.00180578,1,0.0951904
7.50567,6.31483,2.87017,1.49925,2,2.00053,6.90239,4.40744,7.95763,7.74379,10.4209,7.00596,6.90239,4.40744,7.59651,4.1905,0.000525713,1,-0.101731
7.40943,6.342,2.86138,1.49925,2,1.99904,6.82312,4.43088,7.84944,7.77623,10.4209,7.00596,6.82312,4.43088,7.51876,4.21655,-0.00095582,1,-0.149362
7.31353,6.37034,2.84682,1.49925,2,1.9989,6.73281,4.45766,7.74942,7.80598,10.4209,7.00596,6.73281,4.45766,6.00312,4.68639,-0.00109839,1,-0.0492984
7.21794,6.3997,2.84119,1.49925,2,1.99996,6.62614,4.4893,7.66159,7.83184,10.4209,7.00596,6.62614,4.4893,7.32171,4.26881,-4.14848e-05,1,0.10642
7.12228,6.42885,2.85105,1.49925,2,2.00079,6.54912,4.51191,7.55155,7.86451,10.4209,7.00596,6.54912,4.51191,5.81991,4.74054,0.000790834,1,0.104542
7.02633,6.45699,2.86152,1.49925,2,2.00044,6.43988,4.54444,7.46571,7.88995,10.4209,7.00596,6.43988,4.54444,7.13592,4.33253,0.000442028,1,-0.0230863
6.93023,6.48465,2.86023,1.49925,2,1.99882,6.30855,4.58497,7.39689,7.91066,10.4209,7.00596,6.30855,4.58497,6.99958,4.37089,-0.00117755,1,-0.173332
6.83438,6.51315,2.84395,1.49925,2,1.99861,6.24825,4.60242,7.27446,7.94781,10.4209,7.00596,6.24825,4.60242,5.51718,4.83047,-0.00138783,1,-0.065411
6.73889,6.54285,2.83676,1.49925,2,2.00006,6.17199,4.62482,7.16382,7.98056,10.4209,7.00596,6.17199,4.62482,5.44096,4.84925,5.72205e-05,1,0.143465
6.64332,6.57228,2.85007,1.49925,2,2.0012,6.06814,4.65552,7.07388,8.00712,10.4209,7.00596,6.06814,4.65552,5.33887,4.88473,0.00119877,1,0.141055
6.54734,6.60034,2.86418,1.49925,2,2.0008,5.96588,4.6859,6.9828,8.03412,10.4209,7.00596,5.96588,4.6859,6.66277,4.47261,0.00079751,1,-0.0180034
6.45115,6.62771,2.8635,1.49925,2,1.99958,5.86874,4.71483,6.88796,8.06236,10.4209,7.00596,5.86874,4.71483,6.56504,4.50164,-0.000424743,1,-0.135219
6.35516,6.65574,2.8508,1.49925,2,1.9991,5.78198,4.74057,6.78528,8.0929,10.4209,7.00596,5.78198,4.74057,5.05387,4.96973,-0.000900626,1,-0.0764226
6.25948,6.68481,2.84274,1.49925,2,1.9998,5.67069,4.77366,6.70096,8.1178,10.4209,7.00596,5.67069,4.77366,4.9398,5.00315,-0.000201702,1,0.0646831
6.16385,6.71405,2.84808,1.49925,2,2.00071,5.58501,4.7989,6.59741,8.1485,10.4209,7.00596,5.58501,4.7989,4.85538,5.02822,0.000710011,1,0.093752
6.06801,6.7426,2.85667,1.49925,2,2.00086,5.47218,4.83251,6.51422,8.17301,10.4209,7.00596,5.47218,4.83251,6.16713,4.62126,0.000859261,1,0.0431531
5.97194,6.77034,2.86296,1.49925,2,1.99857,5.35552,4.86921,6.4348,8.19786,10.4209,7.00596,5.35552,4.86921,6.04715,4.65411,-0.00143266,1,-0.275578
5.87613,6.79896,2.83763,1.49925,2,1.99855,5.31133,4.88188,6.30023,8.23849,10.4209,7.00596,5.31133,4.88188,4.58156,5.1067,-0.00144541,1,-0.0463667
5.78082,6.82924,2.83162,1.49925,2,2.00053,5.20393,4.91369,6.213,8.2643,10.4209,7.00596,5.20393,4.91369,4.47134,5.13865,0.000530243,1,0.187172
5.68535,6.85898,2.84894,1.49925,2,2.00202,5.10777,4.94209,6.1173,8.29255,10.4209,7.00596,5.10777,4.94209,4.3749,5.16762,0.00202155,1,0.173562
5.58935,6.88699,2.86636,1.49925,2,2.00156,5.01185,4.97056,6.02148,8.32099,10.4209,7.00596,5.01185,4.97056,5.70963,4.75584,0.00156021,1,-0.00441522
5.4931,6.91412,2.86663,1.49925,2,2.00003,4.91656,4.99899,5.92528,8.3497,10.4209,7.00596,4.91656,4.99899,5.61389,4.78422,3.21865e-05,1,-0.129351
5.39702,6.94183,2.85445,1.49925,2,1.99911,4.79746,5.03474,5.84693,8.37291,10.4209,7.00596,4.79746,5.03474,5.49135,4.82173,-0.000890255,1,-0.118154
5.30128,6.97072,2.84257,1.49925,2,1.99954,4.71225,5.05991,5.74307,8.40388,10.4209,7.00596,4.71225,5.05991,5.40803,4.83954,-0.000457287,1,0.0318933
5.2057,7.00011,2.84486,1.49925,2,2.00058,4.62074,5.08696,5.6439,8.43328,10.4209,7.00596,4.62074,5.08696,5.31739,4.86797,0.000581026,1,0.117184
5.10992,7.02884,2.85599,1.49925,2,2.00091,4.51275,5.11912,5.55709,8.45889,10.4209,7.00596,4.51275,5.11912,5.20757,4.90766,0.000913858,1,0.0676166
5.01387,7.05667,2.86299,1.49925,2,2.00018,4.43032,5.14351,5.45122,8.49053,10.4209,7.00596,4.43032,5.14351,5.12665,4.9311,0.000175476,1,-0.077496
4.91781,7.08447,2.85597,1.49925,2,2.00255,4.32013,5.17319,5.36451,8.51296,10.4209,7.00596,4.32013,5.17319,5.01536,4.96475,0.00255275,1,0.244279
4.82159,7.11168,2.87815,1.49925,2,2.00121,4.23333,5.19888,5.26193,8.54354,10.4209,7.00596,4.23333,5.19888,4.92943,4.9868,0.00121212,1,-0.0937087
4.7251,7.13796,2.87114,1.49925,2,1.99872,4.12421,5.2317,5.17621,8.56907,10.4209,7.00596,4.12421,5.2317,4.81772,5.02016,-0.00128126,1,-0.221916
4.62902,7.16567,2.84972,1.49925,2,1.99783,4.05414,5.25234,5.06105,8.60359,10.4209,7.00596,4.05414,5.25234,3.32587,5.48101,-0.0021714,1,-0.139237
4.53347,7.19516,2.83522,1.49925,2,1.99897,3.96391,5.27905,4.96093,8.63326,10.4209,7.00596,3.96391,5.27905,3.2335,5.50433,-0.0010283,1,0.0838598
4.43804,7.22507,2.84204,1.49925,2,2.00064,3.84766,5.31352,4.88028,8.65694,10.4209,7.00596,3.84766,5.31352,4.54341,5.09861,0.000640392,1,0.171757
4.34226,7.25379,2.85878,1.49925,2,2.00097,3.75041,5.34235,4.78542,8.68503,10.4209,7.00596,3.75041,5.34235,4.44577,5.1341,0.000971794,1,0.0639958
4.24613,7.28133,2.86582,1.49925,2,1.99998,3.66805,5.36672,4.67948,8.71661,10.4209,7.00596,3.66805,5.36672,4.36503,5.15415,-2.19345e-05,1,-0.099671
4.15002,7.30895,2.85684,1.49925,2,1.99899,3.55505,5.40056,4.59654,8.74122,10.4209,7.00596,3.55505,5.40056,4.24941,5.18922,-0.0010134,1,-0.122444
4.05421,7.33762,2.84471,1.49925,2,1.99863,3.43626,5.43692,4.51819,8.76471,10.4209,7.00596,3.43626,5.43692,4.12756,5.22639,-0.00137448,1,-0.077066
3.95871,7.36727,2.83668,1.49925,2,1.99973,3.39175,5.44959,4.38385,8.80526,10.4209,7.00596,3.39175,5.44959,2.66082,5.674,-0.000265241,1,0.104719
3.8632,7.39689,2.84606,1.49925,2,2.00107,3.28039,5.48258,4.29954,8.83013,10.4209,7.00596,3.28039,5.48258,2.54892,5.71061,0.00106645,1,0.149435
3.76733,7.42533,2.86074,1.49925,2,2.00108,3.1792,5.51262,4.20765,8.85733,10.4209,7.00596,3.1792,5.51262,3.8753,5.29989,0.0010829,1,0.0358366
3.67118,7.4528,2.86512,1.49925,2,2.00001,3.09174,5.53856,4.10553,8.88773,10.4209,7.00596,3.09174,5.53856,3.7886,5.32524,1.43051e-05,1,-0.112993
3.57511,7.48058,2.85441,1.49925,2,1.99926,2.97545,5.57337,4.02503,8.91151,10.4209,7.00596,2.97545,5.57337,3.66933,5.36153,-0.00074017,1,-0.097705
3.47935,7.50938,2.84457,1.49925,2,1.99962,2.8941,5.59732,3.91826,8.94335,10.4209,7.00596,2.8941,5.59732,2.1633,5.82603,-0.000383019,1,0.026235
3.38372,7.5386,2.84632,1.49925,2,2.00051,2.80157,5.62467,3.81985,8.97248,10.4209,7.00596,2.80157,5.62467,2.07095,5.85336,0.000508785,1,0.0968435
3.28792,7.5673,2.85537,1.49925,2,2.00084,2.68961,5.65801,3.73599,8.99715,10.4209,7.00596,2.68961,5.65801,3.38423,5.4469,0.000839233,1,0.061896
3.1919,7.59521,2.86181,1.49925,2,2.00022,2.60606,5.68271,3.63094,9.02851,10.4209,7.00596,2.60606,5.68271,3.30209,5.47073,0.000216484,1,-0.0646203
3.09585,7.62306,2.8561,1.49925,2,1.99914,2.46624,5.72566,3.56831,9.04684,10.4209,7.00596,2.46624,5.72566,3.15638,5.51227,-0.000864506,1,-0.124382
3.00007,7.65178,2.84414,1.49925,2,1.99903,2.41418,5.74054,3.43976,9.08612,10.4209,7.00596,2.41418,5.74054,1.68295,5.96853,-0.000973344,1,-0.0421908
2.90454,7.68134,2.83935,1.49925,2,2.00035,2.3091,5.77167,3.35071,9.1123,10.4209,7.00596,2.3091,5.77167,3.00425,5.55306,0.000350952,1,0.136281
2.8089,7.71056,2.85191,1.49925,2,2.00125,2.23723,5.7927,3.23681,9.14614,10.4209,7.00596,2.23723,5.7927,1.50692,6.01978,0.00124717,1,0.123187
2.71289,7.73852,2.86429,1.49925,2,2.00071,2.13167,5.8241,3.14823,9.17243,10.4209,7.00596,2.13167,5.8241,2.82855,5.61096,0.000711441,1,-0.0374035
2.61674,7.76599,2.86151,1.49925,2,1.99958,2.03053,5.85426,3.05639,9.19977,10.4209,7.00596,2.03053,5.85426,2.72631,5.6415,-0.000416875,1,-0.123511
2.52079,7.79418,2.84968,1.49925,2,1.99929,1.94542,5.87947,2.95246,9.23068,10.4209,7.00596,1.94542,5.87947,1.21528,6.1066,-0.000708699,1,-0.0533704
2.42511,7.82326,2.84385,1.49925,2,2,1.83839,5.91126,2.86494,9.25654,10.4209,7.00596,1.83839,5.91126,1.10614,6.13866,-3.57628e-07,1,0.0706012
2.32944,7.85234,2.85004,1.49925,2,2.00075,1.75434,5.93602,2.76016,9.2876,10.4209,7.00596,1.75434,5.93602,1.02372,6.16322,0.000747204,1,0.0970751
2.23352,7.88063,2.85957,1.49925,2,2.00057,1.6433,5.9691,2.67567,9.3126,10.4209,7.00596,1.6433,5.9691,2.33888,5.75743,0.000573874,1,-0.00209898
2.13746,7.90841,2.86005,1.49925,2,1.99982,1.54839,5.99732,2.57914,9.34132,10.4209,7.00596,1.54839,5.99732,2.24383,5.78561,-0.000184774,1,-0.0883367
2.04151,7.93657,2.85165,1.49925,2,2.00034,1.4696,6.01973,2.47005,9.37291,10.4209,7.00596,1.4696,6.01973,0.740197,6.24757,0.000344515,1,0.0710372
1.94561,7.96491,2.8578,1.49925,2,2.00021,1.35211,6.05478,2.3904,9.39644,10.4209,7.00596,1.35211,6.05478,2.04707,5.84431,0.000212908,1,-0.00927707
1.84961,7.99291,2.85735,1.49925,2,1.99972,1.2554,6.08351,2.29518,9.42471,10.4209,7.00596,1.2554,6.08351,1.95009,5.87313,-0.000278473,1,-0.0623414
1.7537,8.02122,2.85154,1.49925,2,1.99959,1.1818,6.10515,2.18261,9.45823,10.4209,7.00596,1.1818,6.10515,0.455819,6.33704,-0.000408053,1,-0.0284304
1.65792,8.04997,2.84849,1.49925,2,1.99993,1.08009,6.13533,2.09111,9.48535,10.4209,7.00596,1.08009,6.13533,0.353058,6.36736,-6.98566e-05,1,0.0349689
1.56214,8.07873,2.85161,1.49925,2,2.00033,0.990171,6.16191,1.99074,9.51506,10.4209,7.00596,0.990171,6.16191,0.263931,6.39388,0.000334978,1,0.0560269
1.46624,8.10707,2.85706,1.49925,2,2.00021,0.871351,6.19737,1.91208,9.53828,10.4209,7.00596,0.871351,6.19737,1.56613,5.98699,0.000210524,1,-0.00760456
1.37026,8.13514,2.85675,1.49925,2,1.99979,0.774893,6.22602,1.81667,9.5666,10.4209,7.00596,0.774893,6.22602,1.46949,6.01486,-0.000207067,1,-0.0525892
1.27436,8.16346,2.85181,1.49925,2,1.99969,0.702946,6.24715,1.70286,9.6005,10.4209,7.00596,0.702946,6.24715,-0.0229946,6.47904,-0.000311494,1,-0.0210487
1.17856,8.19216,2.84945,1.49925,2,1.99571,0.537434,6.30223,1.66158,9.616,10.4209,7.00596,0.537434,6.30223,1.22494,6.08585,-0.00428653,1,-0.316982
1.08321,8.22226,2.82012,1.49925,2,1.99688,0.485414,6.31695,1.53296,9.65572,10.4209,7.00596,0.485414,6.31695,1.17894,6.09821,-0.00311637,1,0.0280943
0.988368,8.25397,2.82017,1.49925,2,2.00066,0.38954,6.34503,1.43692,9.68386,10.4209,7.00596,0.38954,6.34503,1.08435,6.12669,0.000657082,1,0.276797
0.893108,8.28438,2.84635,1.49925,2,2.00283,0.310342,6.36821,1.32852,9.71605,10.4209,7.00596,0.310342,6.36821,-0.421223,6.59703,0.00283432,1,0.229622
0.7971,8.31235,2.86965,1.49925,2,2.0024,0.192251,6.40349,1.24924,9.73928,10.4209,7.00596,0.192251,6.40349,0.887001,6.1838,0.00239801,1,0.0256985
0.700714,8.33899,2.87324,1.49925,2,2.00034,0.103336,6.42993,1.14835,9.7695,10.4209,7.00596,0.103336,6.42993,0.798305,6.20968,0.000338554,1,-0.165769
0.604477,8.36616,2.85819,1.49925,2,1.99887,0.0121324,6.45707,1.0491,9.79915,10.4209,7.00596,0.0121324,6.45707,0.707039,6.24032,-0.00112748,1,-0.141768
0.508683,8.39485,2.84341,1.49925,2,1.99914,-0.0786303,6.48393,0.949387,9.82876,10.4209,7.00596,-0.0786303,6.48393,-0.809393,6.71291,-0.000855327,1,0.0122638
0.413133,8.42435,2.84264,1.49925,2,2.00037,-0.176023,6.51271,0.85459,9.85675,10.4209,7.00596,-0.176023,6.51271,0.519946,6.2945,0.000367403,1,0.132917
0.317429,8.45335,2.85388,1.49925,2,2.00107,-0.283802,6.54474,0.767566,9.88231,10.4209,7.00596,-0.283802,6.54474,0.410522,6.33394,0.00106835,1,0.112766
0.221379,8.48117,2.86526,1.49925,2,1.99986,-0.4242,6.58838,0.705401,9.90029,10.4209,7.00596,-0.4242,6.58838,0.264338,6.37219,-0.000140786,1,-0.125161
0.125314,8.50895,2.85393,1.49925,2,1.99844,-0.47503,6.60282,0.576169,9.94044,10.4209,7.00596,-0.47503,6.60282,0.218464,6.39069,-0.00156486,1,-0.16897
0.0296611,8.53811,2.83725,1.49925,2,1.9992,-0.536056,6.62061,0.454131,9.97684,10.4209,7.00596,-0.536056,6.62061,-1.26652,6.84508,-0.000797272,1,0.0577728
-0.0657839,8.56794,2.84144,1.49925,2,2.00079,-0.657351,6.65661,0.377262,9.99941,10.4209,7.00596,-0.657351,6.65661,0.0385143,6.43728,0.000787973,1,0.153003
-0.16152,8.59683,2.85617,1.49925,2,2.00132,-0.75845,6.68661,0.285266,10.0266,10.4209,7.00596,-0.75845,6.68661,-0.0634098,6.47419,0.00131917,1,0.0884239
-0.257607,8.62453,2.8654,1.49925,2,2.00049,-0.836643,6.70966,0.176202,10.0591,10.4209,7.00596,-0.836643,6.70966,-0.139527,6.49597,0.000494003,1,-0.0682239
-0.353749,8.65203,2.85952,1.49925,2,1.99939,-0.943714,6.74166,0.0888166,10.0851,10.4209,7.00596,-0.943714,6.74166,-0.248488,6.52879,-0.000605822,1,-0.119978
-0.449636,8.68042,2.84783,1.49925,2,1.99931,-1.02855,6.76675,-0.0153172,10.1161,10.4209,7.00596,-1.02855,6.76675,-1.75736,6.99642,-0.000688314,1,-0.0304145
-0.545293,8.70957,2.84425,1.49925,2,2.00011,-1.13129,6.79722,-0.106074,10.1429,10.4209,7.00596,-1.13129,6.79722,-1.86153,7.02707,0.000114679,1,0.0890347
-0.641017,8.73849,2.85256,1.49925,2,2.00072,-1.21128,6.82076,-0.213893,10.1749,10.4209,7.00596,-1.21128,6.82076,-1.93923,7.05033,0.000724316,1,0.0836041
-0.736988,8.76659,2.86095,1.49925,2,1.99913,-1.39048,6.87729,-0.246615,10.1843,10.4209,7.00596,-1.39048,6.87729,-0.703172,6.66068,-0.000871301,1,-0.164178
-0.832885,8.79494,2.84601,1.49925,2,1.99803,-1.4149,6.88356,-0.395585,10.2311,10.4209,7.00596,-1.4149,6.88356,-2.14497,7.11164,-0.00197113,1,-0.153456
-0.928319,8.82481,2.83062,1.49925,2,1.9996,-1.50686,6.91073,-0.494425,10.2603,10.4209,7.00596,-1.50686,6.91073,-2.23949,7.13555,-0.000402212,1,0.128613
-1.02366,8.85498,2.8415,1.49925,2,2.00161,-1.61535,6.94282,-0.580944,10.2857,10.4209,7.00596,-1.61535,6.94282,-0.919143,6.72248,0.00161171,1,0.208052
-1.11948,8.88358,2.86191,1.49925,2,2.00181,-1.70558,6.96949,-0.681052,10.3154,10.4209,7.00596,-1.70558,6.96949,-1.00886,6.75528,0.0018115,1,0.0729954
-1.21572,8.91073,2.87029,1.49925,2,2.00038,-1.81874,7.0034,-0.763891,10.3399,10.4209,7.00596,-1.81874,7.0034,-1.12464,6.78659,0.000383377,1,-0.134471
-1.31191,8.93808,2.85788,1.49925,2,1.99909,-1.90491,7.02897,-0.866907,10.3707,10.4209,7.00596,-1.90491,7.02897,-1.21015,6.81522,-0.000910997,1,-0.139839
-1.40771,8.96674,2.84393,1.49925,2,1.9993,-1.99408,7.05536,-0.967802,10.4007,10.4209,7.00596,-1.99408,7.05536,-2.72623,7.28243,-0.000697136,1,0.0018669
-1.50329,8.99615,2.84313,1.49925,2,2.0004,-2.09152,7.08419,-1.06255,10.4287,10.4209,7.00596,-2.09152,7.08419,-1.3954,6.86572,0.000404596,1,0.114273
-1.59901,9.02508,2.85377,1.49925,2,2.00101,-2.20044,7.11659,-1.1487,10.454,10.4209,7.00596,-2.20044,7.11659,-1.50615,6.90564,0.00101423,1,0.0883693
-1.69503,9.05303,2.86279,1.49925,2,2.00041,-2.27904,7.13977,-1.25745,10.4866,10.4209,7.00596,-2.27904,7.13977,-1.58269,6.92757,0.00040555,1,-0.0521776
-1.79112,9.08071,2.85855,1.49925,2,2.00075,-2.38333,7.16961,-1.34758,10.5121,10.4209,7.00596,-2.38333,7.16961,-1.688,6.95918,0.000750542,1,0.0599356
-1.88721,9.1084,2.86399,1.49925,2,1.9999,-2.46878,7.19493,-1.4512,10.543,10.4209,7.00596,-2.46878,7.19493,-1.77237,6.98387,-9.82285e-05,1,-0.0935152
-1.98327,9.13618,2.8554,1.49925,2,1.99913,-2.58102,7.22851,-1.53473,10.5677,10.4209,7.00596,-2.58102,7.22851,-1.88703,7.01862,-0.000872731,1,-0.103921
-2.07906,9.1649,2.84507,1.49925,2,1.99939,-2.66327,7.25277,-1.64081,10.5993,10.4209,7.00596,-2.66327,7.25277,-1.96706,7.03526,-0.000612378,1,0.00868977
-2.17469,9.19416,2.84515,1.49925,2,2.00029,-2.75901,7.28111,-1.73681,10.6277,10.4209,7.00596,-2.75901,7.28111,-2.06246,7.06354,0.000293016,1,0.0965272
-2.27045,9.22296,2.85419,1.49925,2,2.00075,-2.87099,7.31447,-1.82066,10.6524,10.4209,7.00596,-2.87099,7.31447,-2.17674,7.1047,0.000745058,1,0.0694116
-2.36645,9.25096,2.86129,1.49925,2,2.00019,-2.95325,7.33879,-1.92666,10.6841,10.4209,7.00596,-2.95325,7.33879,-2.25742,7.12804,0.00018549,1,-0.051809
-2.4625,9.27879,2.85696,1.49925,2,1.99948,-3.05736,7.36986,-2.01629,10.7107,10.4209,7.00596,-3.05736,7.36986,-2.36281,7.15843,-0.000524163,1,-0.085775
-2.55836,9.30726,2.84862,1.49925,2,1.99947,-3.1358,7.39299,-2.12522,10.7431,10.4209,7.00596,-3.1358,7.39299,-2.43854,7.17352,-0.000527501,1,-0.0175089
-2.65406,9.33626,2.84646,1.49925,2,2.00008,-3.23582,7.42266,-2.218,10.7706,10.4209,7.00596,-3.23582,7.42266,-2.53892,7.20353,7.7486e-05,1,0.0653972
-2.74982,9.36508,2.8525,1.49925,2,2.00342,-3.25359,7.42604,-2.37368,10.8129,10.4209,7.00596,-3.25359,7.42604,-2.54473,7.21012,0.00342107,1,0.297343
-2.84605,9.39227,2.88108,1.49925,2,2.00632,-3.29486,7.4368,-2.51208,10.8474,10.4209,7.00596,-3.29486,7.4368,-2.57612,7.21697,0.00631738,1,0.30209
-2.94305,9.41657,2.91126,1.49925,2,2.01238,-3.29931,7.43598,-2.67981,10.88,10.4209,7.00596,-3.29931,7.43598,-2.55978,7.19836,0.0123761,1,0.424635
-3.04085,9.43738,2.95311,1.49925,2,2.01829,-3.31474,7.43777,-2.83987,10.9046,10.4209,7.00596,-3.31474,7.43777,-2.55504,7.19054,0.0182891,1,0.431192
-3.13945,9.454,2.99618,1.49925,2,2.02454,-3.32758,7.43822,-3.00241,10.9223,10.4209,7.00596,-3.32758,7.43822,-2.54414,7.17966,0.0245421,1,0.468487
-3.23869,9.46619,3.04284,1.49925,2,2.03277,-3.33297,7.43561,-3.17068,10.9311,10.4209,7.00596,-3.33297,7.43561,-2.51953,7.16312,0.0327675,1,0.505788
-3.33841,9.47355,3.09323,1.49925,2,2.04406,-3.33024,7.4295,-3.34423,10.9287,10.4209,7.00596,-3.33024,7.4295,-2.47833,7.13955,0.0440645,1,0.535612
-3.43838,9.47572,-3.1366,1.49925,2,2.04618,-3.35677,7.43117,-3.49633,10.9276,10.4209,7.00596,-3.35677,7.43117,-2.48362,7.14614,0.0461783,1,0.486066
-3.53832,9.47277,-3.0877,1.49925,2,2.05654,-3.35594,7.42433,-3.66627,10.9098,10.4209,7.00596,-3.35594,7.42433,-2.43673,7.11981,0.05654,1,0.549655
-3.63798,9.46469,-3.03324,1.49925,2,2.07397,-3.34189,7.41196,-3.84147,10.8754,10.4209,7.00596,-3.34189,7.41196,-2.36069,7.08334,0.0739696,1,0.580977
-3.73703,9.45101,-2.97536,1.49925,2,2.06006,-3.36076,7.42561,-3.9999,10.866,10.4209,7.00596,-3.36076,7.42561,-2.319,7.046,0.0600576,1,0.263703
-3.83538,9.43293,-2.94645,1.49925,2,2.08429,-3.36012,7.40354,-4.15802,10.8106,10.4209,7.00596,-3.36012,7.40354,-2.26017,7.02397,0.0842938,1,0.596623
-3.93289,9.41081,-2.88879,1.49925,2,2.06465,-3.38167,7.4211,-4.31589,10.7933,10.4209,7.00596,-3.38167,7.4211,-2.19872,6.9782,0.0646541,1,-0.0510985
-4.02966,9.38562,-2.88936,1.49925,2,2.07011,-3.40884,7.4108,-4.45826,10.749,10.4209,7.00596,-3.40884,7.4108,-2.15668,6.94041,0.0701132,1,0.543532
-4.12591,9.35854,-2.84036,1.49925,2,2.08356,-3.40445,7.40387,-4.61612,10.6866,10.4209,7.00596,-3.40445,7.40387,-2.03066,6.88432,0.0835621,1,0.579112
-4.22051,9.32614,-2.78267,1.49925,2,2.09025,-3.41842,7.39591,-4.76118,10.6273,10.4209,7.00596,-3.41842,7.39591,-1.96221,6.86724,0.0902455,1,0.566783
-4.31308,9.28837,-2.7259,1.49925,2,2.102,-3.43082,7.38049,-4.89954,10.5566,10.4209,7.00596,-3.43082,7.38049,-1.82072,6.78006,0.102003,1,0.583568
-4.40334,9.24536,-2.66768,1.49925,2,2.09911,-3.41292,7.39459,-5.06397,10.4798,10.4209,7.00596,-3.41292,7.39459,-1.47034,6.61863,0.099112,1,0.544807
-4.49102,9.19729,-2.61289,1.49925,2,2.09394,-3.43481,7.38925,-5.19988,10.4107,10.4209,7.00596,-3.43481,7.38925,-1.21405,6.47597,0.0939441,1,0.527499
-4.57599,9.14459,-2.56,1.49925,2,2.09234,-3.45724,7.37646,-5.32825,10.3335,10.4209,7.00596,-3.45724,7.37646,-1.07472,6.44071,0.0923364,1,0.541737
-4.65803,9.08742,-2.50593,1.49925,2,2.09721,-3.47254,7.35742,-5.45055,10.244,10.4209,7.00596,-3.47254,7.35742,-0.663929,6.23014,0.0972106,1,0.567611
-4.73678,9.02582,-2.44937,1.49925,2,2.09632,-3.4851,7.34419,-5.57444,10.1512,10.4209,7.00596,-3.4851,7.34419,0.0203782,5.89634,0.0963178,1,0.549046
-4.81196,8.9599,-2.39435,1.49925,2,2.09553,-3.49852,7.32709,-5.6918,10.0537,10.4209,7.00596,-3.49852,7.32709,1.1361,5.35953,0.0955253,1,0.548872
-4.88342,8.88996,-2.33947,1.49925,2,2.08543,-3.48912,7.33917,-5.82868,9.94132,10.4209,7.00596,-3.48912,7.33917,-12.9065,17.8135,0.0854347,1,0.475248
-4.95118,8.81643,-2.29157,1.49925,2,2.08134,-3.51315,7.31175,-5.93083,9.84149,10.4209,7.00596,-3.51315,7.31175,-13.2421,17.4917,0.0813408,1,0.514406
-5.01523,8.73965,-2.24033,1.49925,2,2.06825,-3.51153,7.31959,-6.05561,9.72217,10.4209,7.00596,-3.51153,7.31959,-3.90069,6.41743,0.0682509,1,0.378097
-5.0757,8.66001,-2.20129,1.49925,2,2.06435,-3.52067,7.30228,-6.15658,9.60375,10.4209,7.00596,-3.52067,7.30228,-3.89957,6.43636,0.0643511,1,0.477702
-5.13276,8.57791,-2.15432,1.49925,2,2.05602,-3.52222,7.29987,-6.26329,9.47503,10.4209,7.00596,-3.52222,7.29987,-3.88916,6.47228,0.0560212,1,0.37706
-5.18622,8.4934,-2.11591,1.49925,2,2.05145,-3.53147,7.28085,-6.35405,9.34915,10.4209,7.00596,-3.53147,7.28085,-3.89122,6.48144,0.0514476,1,0.426633
-5.23626,8.40683,-2.07359,1.49925,2,2.04542,-3.53671,7.26873,-6.44425,9.21576,10.4209,7.00596,-3.53671,7.26873,-3.88882,6.49613,0.0454183,1,0.369806
-5.28278,8.31832,-2.03621,1.49925,2,2.03713,-3.53054,7.27929,-6.54042,9.06406,10.4209,7.00596,-3.53054,7.27929,-3.87989,6.54407,0.0371311,1,0.176233
-5.32675,8.2285,-2.01724,1.49925,2,2.03424,-3.54037,7.25538,-6.61326,8.92933,10.4209,7.00596,-3.54037,7.25538,-3.88187,6.53202,0.0342379,1,0.360222
-5.36838,8.13758,-1.98213,1.49925,2,2.03094,-3.53632,7.26106,-6.6929,8.77128,10.4209,7.00596,-3.53632,7.26106,-3.86897,6.55378,0.0309443,1,0.330465
-5.40682,8.04527,-1.94885,1.49925,2,2.02719,-3.57957,7.16741,-6.7337,8.68274,10.4209,7.00596,-3.57957,7.16741,-3.9186,6.46817,0.0271864,1,0.280814
-5.44239,7.95182,-1.92042,1.49925,2,2.02003,-3.6273,7.06528,-6.77154,8.60101,10.4209,7.00596,-3.6273,7.06528,-3.96578,6.36657,0.0200257,1,-0.120799
-5.47695,7.85798,-1.92969,1.49925,2,2.01158,-3.67771,6.95843,-6.80759,8.52324,10.4209,7.00596,-3.67771,6.95843,-16.2103,13.2242,0.0115829,1,-0.318572
-5.51344,7.76488,-1.96016,1.49925,2,2.00527,-3.70065,6.90762,-6.86402,8.40356,10.4209,7.00596,-3.70065,6.90762,-16.3616,12.8949,0.00526714,1,-0.305251
-5.55281,7.67296,-1.99078,1.49925,2,2.00233,-3.73903,6.82473,-6.90879,8.30709,10.4209,7.00596,-3.73903,6.82473,-16.4229,12.7564,0.00232768,1,-0.182026
-5.59451,7.58207,-2.01009,1.49925,2,2.00221,-3.78241,6.73052,-6.94941,8.21877,10.4209,7.00596,-3.78241,6.73052,-16.4551,12.6857,0.00221038,1,0.0548377
-5.63696,7.49153,-2.0065,1.49925,2,2.00307,-3.82103,6.64613,-6.99335,8.12299,10.4209,7.00596,-3.82103,6.64613,-16.5158,12.5562,0.00307107,1,0.158335
-5.6785,7.40056,-1.99129,1.49925,2,2.00287,-3.86465,6.55118,-7.03366,8.03515,10.4209,7.00596,-3.86465,6.55118,-3.55566,7.21138,0.00286865,1,0.0668555
-5.71895,7.30911,-1.98387,1.49925,2,2.00135,-3.91509,6.44223,-7.06904,7.95793,10.4209,7.00596,-3.91509,6.44223,-3.60411,7.09923,0.00134659,1,-0.116729
-5.75953,7.21772,-1.99444,1.49925,2,2.00016,-3.9362,6.39547,-7.12609,7.83398,10.4209,7.00596,-3.9362,6.39547,-3.61764,7.05767,0.000158548,1,-0.109319
-5.80114,7.12678,-2.00544,1.49925,2,2.00409,-3.94172,6.37917,-7.18837,7.68455,10.4209,7.00596,-3.94172,6.37917,-3.6175,7.05421,0.00408816,1,0.312713
-5.84209,7.03556,-1.97712,1.49925,2,2.01124,-3.94365,6.37144,-7.24663,7.5269,10.4209,7.00596,-3.94365,6.37144,-3.615,7.0635,0.0112417,1,0.435045
-5.87967,6.94289,-1.93435,1.49925,2,2.01908,-3.94707,6.35829,-7.29643,7.37146,10.4209,7.00596,-3.94707,6.35829,-3.60682,7.06875,0.0190828,1,0.462981
-5.91307,6.84865,-1.88828,1.49925,2,2.02824,-3.94672,6.35143,-7.33919,7.20926,10.4209,7.00596,-3.94672,6.35143,-3.59179,7.08482,0.028239,1,0.499586
-5.94193,6.75291,-1.83865,1.49925,2,2.03961,-3.94219,6.35162,-7.37305,7.0401,10.4209,7.00596,-3.94219,6.35162,-3.56901,7.11403,0.0396056,1,0.529775
-5.96586,6.65583,-1.78591,1.49925,2,2.04373,-3.94913,6.32466,-7.40213,6.89169,10.4209,7.00596,-3.94913,6.32466,-3.55357,7.11052,0.0437348,1,0.496694
-5.98474,6.55764,-1.73601,1.49925,2,2.05535,-3.94247,6.32617,-7.41946,6.72025,10.4209,7.00596,-3.94247,6.32617,-3.52249,7.1503,0.0553539,1,0.549359
-5.99851,6.45861,-1.6815,1.49925,2,2.05835,-3.94608,6.30273,-7.43528,6.56772,10.4209,7.00596,-3.94608,6.30273,-3.52733,7.15123,0.058347,1,0.517231
-6.00697,6.35897,-1.62958,1.49925,2,2.07249,-3.93507,6.30948,-7.43332,6.39305,10.4209,7.00596,-3.93507,6.30948,-18.0035,6.64554,0.0724936,1,0.573762
-6.01002,6.25903,-1.5726,1.49925,2,2.0586,-3.95167,6.29124,-7.45049,6.2365,10.4209,7.00596,-3.95167,6.29124,0.97135,3.70371,0.0586023,1,0.258999
-6.00866,6.15905,-1.54418,1.49925,2,2.08075,-3.93185,6.28696,-7.42448,6.07184,10.4209,7.00596,-3.93185,6.28696,-0.290651,4.35886,0.0807498,1,0.592957
-6.00335,6.0592,-1.48823,1.49925,2,2.07433,-3.93939,6.26633,-7.42115,5.91692,10.4209,7.00596,-3.93939,6.26633,-1.0142,4.69719,0.074332,1,0.478231
-5.99264,5.95979,-1.43949,1.49925,2,2.07234,-3.94319,6.26693,-7.40379,5.7483,10.4209,7.00596,-3.94319,6.26693,-1.62486,4.99334,0.0723424,1,0.510511
-5.97704,5.86102,-1.38866,1.49925,2,2.07962,-3.93182,6.23769,-7.3732,5.60389,10.4209,7.00596,-3.93182,6.23769,-1.89089,5.09893,0.0796189,1,0.560979
-5.95622,5.76323,-1.33292,1.49925,2,2.08566,-3.92102,6.21924,-7.33561,5.45416,10.4209,7.00596,-3.92102,6.21924,-2.00545,5.18189,0.0856583,1,0.562147
-5.92993,5.66676,-1.27671,1.49925,2,2.08282,-3.9263,6.2356,-7.29251,5.27991,10.4209,7.00596,-3.9263,6.2356,-2.33177,5.34244,0.0828221,1,0.524292
-5.89842,5.57187,-1.2239,1.49925,2,2.06964,-3.92869,6.20713,-7.25902,5.13305,10.4209,7.00596,-3.92869,6.20713,-2.46541,5.38445,0.0696354,1,0.339034
-5.86275,5.47845,-1.18908,1.49925,2,2.08129,-3.90537,6.18588,-7.19628,4.99648,10.4209,7.00596,-3.90537,6.18588,-2.54053,5.41297,0.0812941,1,0.573412
-5.82302,5.38669,-1.13361,1.49925,2,2.07516,-3.91352,6.19915,-7.13343,4.82914,10.4209,7.00596,-3.91352,6.19915,-2.71366,5.49793,0.0751586,1,0.485075
-5.77845,5.29719,-1.08448,1.49925,2,2.07118,-3.89924,6.16803,-7.07415,4.69674,10.4209,7.00596,-3.89924,6.16803,-2.7645,5.50073,0.0711811,1,0.495368
-5.72955,5.20997,-1.03503,1.49925,2,2.06045,-3.9052,6.16766,-7.00349,4.54122,10.4209,7.00596,-3.9052,6.16766,-2.86149,5.54674,0.0604455,1,0.373622
-5.67683,5.12501,-0.996693,1.49925,2,2.06279,-3.88849,6.15308,-6.92217,4.40909,10.4209,7.00596,-3.88849,6.15308,-2.90016,5.5595,0.0627854,1,0.520139
-5.62045,5.04242,-0.945851,1.49925,2,2.0609,-3.88826,6.15903,-6.82939,4.26312,10.4209,7.00596,-3.88826,6.15903,-2.97484,5.59544,0.0608988,1,0.488009
-5.55997,4.9628,-0.896793,1.49925,2,2.05744,-3.86678,6.13162,-6.74653,4.14371,10.4209,7.00596,-3.86678,6.13162,-2.989,5.58561,0.0574374,1,0.463134
-5.49576,4.88615,-0.850305,1.49925,2,2.05021,-3.86446,6.12801,-6.64872,4.00843,10.4209,7.00596,-3.86446,6.12801,-3.03421,5.60507,0.0502138,1,0.378425
-5.42833,4.81231,-0.811785,1.49925,2,2.04907,-3.84694,6.11535,-6.54752,3.89012,10.4209,7.00596,-3.84694,6.11535,-3.04889,5.60791,0.0490713,1,0.461908
-5.35789,4.74134,-0.766095,1.49925,2,2.04319,-3.84203,6.11131,-6.43815,3.76505,10.4209,7.00596,-3.84203,6.11131,-3.07818,5.62128,0.0431936,1,0.354112
-5.28458,4.67334,-0.730145,1.49925,2,2.03502,-3.84977,6.11647,-6.31695,3.63498,10.4209,7.00596,-3.84977,6.11647,-3.11531,5.64668,0.035023,1,0.209093
-5.20929,4.60754,-0.70764,1.49925,2,2.03509,-3.83322,6.10688,-6.1993,3.52882,10.4209,7.00596,-3.83322,6.10688,-3.11477,5.64977,0.0350921,1,0.425903
-5.13206,4.54401,-0.667218,1.49925,2,2.03077,-3.84777,6.11709,-6.06076,3.40649,10.4209,7.00596,-3.84777,6.11709,-3.15304,5.67608,0.0307674,1,0.304327
-5.0525,4.48344,-0.635448,1.49925,2,2.03255,-3.81774,6.09794,-5.94352,3.3184,10.4209,7.00596,-3.81774,6.09794,-3.13685,5.66155,0.0325499,1,0.438537
-4.97085,4.42572,-0.593473,1.49925,2,2.03155,-3.83471,6.10988,-5.79165,3.209,10.4209,7.00596,-3.83471,6.10988,-3.18212,5.67803,0.0315533,1,0.388149
-4.88687,4.37145,-0.554306,1.49925,2,2.03153,-3.75792,6.06042,-5.70249,3.15122,10.4209,7.00596,-3.75792,6.06042,-3.10501,5.63029,0.0315337,1,0.407764
-4.80079,4.32055,-0.513627,1.49925,2,2.02744,-3.65451,5.99285,-5.63293,3.10656,10.4209,7.00596,-3.65451,5.99285,-3.00262,5.5597,0.0274441,1,0.271488
-4.713,4.27269,-0.485525,1.49925,2,2.01951,-3.589,5.95051,-5.53657,3.04332,10.4209,7.00596,-3.589,5.95051,-2.9472,5.51746,0.0195124,1,-0.177413
-4.62483,4.22551,-0.500124,1.49925,2,2.01039,-3.48165,5.87923,-5.47145,3.00079,10.4209,7.00596,-3.48165,5.87923,-2.83916,5.44566,0.0103903,1,-0.353236
-4.53789,4.1761,-0.534392,1.49925,2,2.00401,-3.42835,5.84493,-5.36575,2.93096,10.4209,7.00596,-3.42835,5.84493,-2.78993,5.41746,0.00401497,1,-0.314267
-4.45266,4.12381,-0.566014,1.49925,2,2.00131,-3.35009,5.79402,-5.27791,2.87369,10.4209,7.00596,-3.35009,5.79402,-2.7056,5.37318,0.00130916,1,-0.187156
-4.36881,4.06932,-0.585619,1.49925,2,2.00153,-3.26252,5.73734,-5.19662,2.82118,10.4209,7.00596,-3.26252,5.73734,-2.62259,5.31243,0.0015347,1,0.0691305
-4.28536,4.01422,-0.580244,1.49925,2,2.0026,-3.18748,5.68905,-5.10587,2.76253,10.4209,7.00596,-3.18748,5.68905,-2.54843,5.26483,0.00259852,1,0.155267
-4.20134,3.95999,-0.565406,1.49925,2,2.00256,-3.0991,5.63191,-5.02515,2.71042,10.4209,7.00596,-3.0991,5.63191,-3.70799,6.03156,0.00255775,1,0.0720439
-4.11668,3.90677,-0.557536,1.49925,2,2.00122,-2.99921,5.56694,-4.95316,2.66404,10.4209,7.00596,-2.99921,5.56694,-3.60482,5.96822,0.00122476,1,-0.0986891
-4.03199,3.8536,-0.565527,1.49925,2,2.00099,-2.93041,5.52407,-4.85681,2.60281,10.4209,7.00596,-2.93041,5.52407,-3.53905,5.92233,0.000986338,1,0.00350946
-3.94763,3.7999,-0.566709,1.49925,2,2.00021,-2.84451,5.46843,-4.77435,2.54945,10.4209,7.00596,-2.84451,5.46843,-3.45268,5.86624,0.000209808,1,-0.0857091
-3.86344,3.74594,-0.574298,1.49925,2,1.99984,-2.77703,5.42495,-4.67799,2.48707,10.4209,7.00596,-2.77703,5.42495,-2.14176,5.00118,-0.000158191,1,-0.0492919
-3.77963,3.69138,-0.579519,1.49925,2,2.00014,-2.68431,5.36494,-4.60058,2.43704,10.4209,7.00596,-2.68431,5.36494,-2.04925,4.93918,0.000136375,1,0.0387792
-3.69589,3.63672,-0.576346,1.49925,2,2.00065,-2.60561,5.31418,-4.51258,2.38021,10.4209,7.00596,-2.60561,5.31418,-1.97126,4.88871,0.000645876,1,0.0740148
-3.61186,3.58252,-0.569191,1.49925,2,2.00053,-2.50442,5.24856,-4.44151,2.33438,10.4209,7.00596,-2.50442,5.24856,-3.1122,5.64592,0.000530481,1,0.00470116
-3.52759,3.52868,-0.568235,1.49925,2,1.99994,-2.42207,5.19529,-4.35637,2.27926,10.4209,7.00596,-2.42207,5.19529,-3.02985,5.59274,-5.82933e-05,1,-0.0570111
-3.44342,3.47469,-0.573196,1.49925,2,1.99961,-2.32983,5.13552,-4.27857,2.22912,10.4209,7.00596,-2.32983,5.13552,-2.93621,5.53316,-0.000391841,1,-0.0535838
-3.35955,3.42023,-0.578568,1.49925,2,1.99979,-2.26601,5.09454,-4.17949,2.16481,10.4209,7.00596,-2.26601,5.09454,-1.63131,4.66898,-0.000213504,1,0.0125251
-3.27581,3.36556,-0.577778,1.49925,2,1.99895,-2.12628,5.00092,-4.13858,2.13816,10.4209,7.00596,-2.12628,5.00092,-2.72675,5.39984,-0.00104618,1,-0.11559
-3.19231,3.31053,-0.588441,1.49925,2,1.99919,-2.11182,4.99259,-4.00304,2.04843,10.4209,7.00596,-2.11182,4.99259,-1.47436,4.57179,-0.000809431,1,0.00224073
-3.10919,3.25494,-0.589395,1.49925,2,2.00088,-2.02618,4.93738,-3.92021,1.99504,10.4209,7.00596,-2.02618,4.93738,-1.38785,4.51616,0.000877142,1,0.179574
-3.02563,3.20001,-0.572679,1.49925,2,2.00177,-1.9117,4.86321,-3.85894,1.9558,10.4209,7.00596,-1.9117,4.86321,-2.51836,5.26336,0.00176859,1,0.132895
-2.94121,3.14642,-0.558922,1.49925,2,2.0009,-1.82162,4.80477,-3.77959,1.90458,10.4209,7.00596,-1.82162,4.80477,-2.42631,5.20785,0.000898361,1,-0.0722768
-2.85655,3.09318,-0.564919,1.49925,2,1.99947,-1.75683,4.76306,-3.68145,1.84063,10.4209,7.00596,-1.75683,4.76306,-2.36429,5.16469,-0.000534415,1,-0.142362
-2.77245,3.03908,-0.578735,1.49925,2,1.99919,-1.67896,4.71272,-3.59293,1.78331,10.4209,7.00596,-1.67896,4.71272,-1.04374,4.28774,-0.000805259,1,-0.0523139
-2.68892,2.98411,-0.584687,1.49925,2,2.00008,-1.58499,4.65195,-3.51637,1.73398,10.4209,7.00596,-1.58499,4.65195,-0.947712,4.22609,8.17776e-05,1,0.0943208
-2.60532,2.92924,-0.576134,1.49925,2,2.00086,-1.51527,4.60711,-3.42162,1.67273,10.4209,7.00596,-1.51527,4.60711,-0.880103,4.18221,0.000864506,1,0.103668
-2.52118,2.87519,-0.565824,1.49925,2,2.00054,-1.41936,4.54496,-3.34662,1.62427,10.4209,7.00596,-1.41936,4.54496,-2.0275,4.94431,0.00053525,1,-0.0235754
-2.4368,2.82153,-0.567545,1.49925,2,1.99958,-1.27512,4.44906,-3.30804,1.6009,10.4209,7.00596,-1.27512,4.44906,-1.87374,4.84936,-0.000421524,1,-0.100826
-2.35272,2.7674,-0.577087,1.49925,2,1.99836,-1.26244,4.44213,-3.17159,1.50957,10.4209,7.00596,-1.26244,4.44213,-0.626913,4.01829,-0.00164485,1,-0.158784
-2.26933,2.7122,-0.592617,1.49925,2,1.9995,-1.18165,4.38999,-3.08515,1.45376,10.4209,7.00596,-1.18165,4.38999,-0.542943,3.96859,-0.000498772,1,0.106019
-2.18616,2.65668,-0.583339,1.49925,2,2.00115,-1.08389,4.3269,-3.01134,1.40633,10.4209,7.00596,-1.08389,4.3269,-0.449682,3.89882,0.00114942,1,0.16936
-2.10225,2.60228,-0.566783,1.49925,2,2.00135,-0.998379,4.27167,-2.92844,1.35283,10.4209,7.00596,-0.998379,4.27167,-1.60637,4.67186,0.00134897,1,0.0619015
-2.01769,2.54891,-0.559841,1.49925,2,2.00025,-0.926028,4.225,-2.83578,1.29284,10.4209,7.00596,-0.926028,4.225,-0.2886,3.80163,0.000247478,1,-0.109085
-1.9332,2.49542,-0.569895,1.49925,2,1.99919,-0.825333,4.15956,-2.76447,1.24675,10.4209,7.00596,-0.825333,4.15956,-1.43197,4.55892,-0.00081265,1,-0.119602
-1.84932,2.44097,-0.581781,1.49925,2,1.99939,-0.750626,4.11143,-2.67352,1.18786,10.4209,7.00596,-0.750626,4.11143,-0.117584,3.6838,-0.000606298,1,0.00366363
-1.7658,2.38597,-0.582154,1.49925,2,2.00034,-0.665961,4.05681,-2.58994,1.13397,10.4209,7.00596,-0.665961,4.05681,-0.0324477,3.62898,0.0003438,1,0.104081
-1.68202,2.33138,-0.572248,1.49925,2,2.00081,-0.569337,3.99427,-2.51532,1.08602,10.4209,7.00596,-0.569337,3.99427,-1.17632,4.39213,0.000810623,1,0.0750422
-1.59774,2.27756,-0.564541,1.49925,2,1.99604,-0.443004,3.90568,-2.46736,1.05143,10.4209,7.00596,-0.443004,3.90568,-1.0401,4.30954,-0.00396109,1,-0.34665
-1.51406,2.22281,-0.596676,1.49925,2,1.99564,-0.421699,3.89293,-2.3371,0.964458,10.4209,7.00596,-0.421699,3.89293,0.216039,3.47119,-0.00436187,1,-0.14927
-1.43185,2.16588,-0.613182,1.49925,2,1.99914,-0.339154,3.83997,-2.25178,0.909684,10.4209,7.00596,-0.339154,3.83997,-0.947031,4.24387,-0.000857592,1,0.251725
-1.34948,2.10918,-0.590415,1.49925,2,2.00222,-0.264033,3.79163,-2.16107,0.851222,10.4209,7.00596,-0.264033,3.79163,0.375257,3.37018,0.00221515,1,0.264848
-1.26569,2.05461,-0.564022,1.49925,2,2.00262,-0.165731,3.7281,-2.08773,0.803946,10.4209,7.00596,-0.165731,3.7281,-0.773708,4.13321,0.00262237,1,0.112514
-1.18083,2.00171,-0.551705,1.49925,2,2.00083,-0.073278,3.66804,-2.01027,0.753798,10.4209,7.00596,-0.073278,3.66804,-0.678666,4.07573,0.000831842,1,-0.138411
-1.09594,1.94885,-0.563789,1.49925,2,1.99895,0.00161308,3.61953,-1.9197,0.69493,10.4209,7.00596,0.00161308,3.61953,-0.605163,4.02451,-0.00105226,1,-0.188568
-1.01191,1.89464,-0.582395,1.49925,2,1.99877,0.0874701,3.56391,-1.83722,0.641522,10.4209,7.00596,0.0874701,3.56391,0.725104,3.13965,-0.00122702,1,-0.0567279
-0.928595,1.83934,-0.588859,1.49925,2,2.00011,0.153099,3.52171,-1.73936,0.578351,10.4209,7.00596,0.153099,3.52171,0.791486,3.10105,0.000111341,1,0.127947
-0.845144,1.78424,-0.577172,1.49925,2,2.00113,0.246788,3.4612,-1.66261,0.5288,10.4209,7.00596,0.246788,3.4612,0.883918,3.03727,0.00112605,1,0.128299
-0.760995,1.73021,-0.564345,1.49925,2,2.00077,0.338486,3.4018,-1.58446,0.478269,10.4209,7.00596,0.338486,3.4018,-0.270001,3.80165,0.000767946,1,-0.0177434
-0.676503,1.67672,-0.565243,1.49925,2,2.00051,0.424338,3.34711,-1.50123,0.425307,10.4209,7.00596,0.424338,3.34711,-0.184062,3.74599,0.000512838,1,-0.0105715
-0.592089,1.62311,-0.566358,1.49925,2,1.9996,0.51011,3.29151,-1.41871,0.371853,10.4209,7.00596,0.51011,3.29151,-0.0977857,3.68997,-0.000401258,1,-0.107666
-0.507968,1.56904,-0.576639,1.49925,2,1.99929,0.582071,3.24505,-1.32576,0.311632,10.4209,7.00596,0.582071,3.24505,1.2176,2.82094,-0.000705004,1,-0.0560347
-0.42431,1.51426,-0.582604,1.49925,2,1.99988,0.676028,3.18422,-1.24927,0.262236,10.4209,7.00596,0.676028,3.18422,1.31278,2.75877,-0.000120282,1,0.0611679
-0.340676,1.45944,-0.57719,1.49925,2,2.00057,0.750981,3.13591,-1.15847,0.203545,10.4209,7.00596,0.750981,3.13591,1.38645,2.71101,0.000569105,1,0.0902735
-0.25664,1.40523,-0.568337,1.49925,2,2.00042,0.849313,3.07213,-1.08528,0.156298,10.4209,7.00596,0.849313,3.07213,0.241561,3.47031,0.000420332,1,-0.00356275
-0.172346,1.35143,-0.568224,1.49925,2,1.99975,0.933052,3.0179,-1.00122,0.10185,10.4209,7.00596,0.933052,3.0179,0.325487,3.416,-0.000245571,1,-0.0796867
-0.0882472,1.29733,-0.57566,1.49925,2,1.99951,1.00027,2.97458,-0.90469,0.0393029,10.4209,7.00596,1.00027,2.97458,1.63492,2.55006,-0.000485659,1,-0.0411251
-0.00449034,1.2427,-0.580043,1.49925,2,1.99989,1.09157,2.91548,-0.826231,-0.0114238,10.4209,7.00596,1.09157,2.91548,1.72761,2.49036,-0.000107646,1,0.0357638
0.0792191,1.18799,-0.577081,1.49925,2,2.00043,1.17062,2.86446,-0.738512,-0.0681083,10.4209,7.00596,1.17062,2.86446,1.80599,2.4396,0.0004282,1,0.0679616
0.163198,1.1337,-0.570511,1.49925,2,1.99959,1.27231,2.7975,-0.668617,-0.11412,10.4209,7.00596,1.27231,2.7975,0.665662,3.19677,-0.000406027,1,-0.0943798
0.247164,1.07939,-0.578812,1.49925,2,1.99956,1.34099,2.75325,-0.573213,-0.176016,10.4209,7.00596,1.34099,2.75325,1.97716,2.32877,-0.000435829,1,-0.0174857
0.330795,1.02456,-0.581176,1.49925,2,2.00021,1.42893,2.69637,-0.492192,-0.228359,10.4209,7.00596,1.42893,2.69637,2.06601,2.27148,0.000210285,1,0.0735316
0.41454,0.969912,-0.574551,1.49925,2,2.0007,1.50184,2.64937,-0.39986,-0.28802,10.4209,7.00596,1.50184,2.64937,2.13647,2.22467,0.000704288,1,0.0767573
0.49869,0.915887,-0.566891,1.49925,2,2.00027,1.60215,2.58426,-0.328231,-0.334372,10.4209,7.00596,1.60215,2.58426,0.994581,2.9845,0.000268698,1,-0.0362984
0.583008,0.862123,-0.569391,1.49925,2,1.99954,1.69023,2.52712,-0.247437,-0.38667,10.4209,7.00596,1.69023,2.52712,1.08341,2.92676,-0.000457883,1,-0.0901074
0.667007,0.807863,-0.578025,1.49925,2,1.99946,1.75946,2.48249,-0.15244,-0.448276,10.4209,7.00596,1.75946,2.48249,2.39461,2.05759,-0.000542521,1,-0.027449
0.750666,0.753081,-0.581146,1.49925,2,2.00004,1.84865,2.42478,-0.0723778,-0.50001,10.4209,7.00596,1.84865,2.42478,2.4849,1.99938,3.79086e-05,1,0.0650918
0.834398,0.69841,-0.575192,1.49925,2,2.00054,1.92269,2.37704,0.0191046,-0.559135,10.4209,7.00596,1.92269,2.37704,2.55743,1.95228,0.000543356,1,0.0674646
0.918489,0.644292,-0.568464,1.49925,2,2.00024,2.02455,2.3109,0.0895846,-0.604691,10.4209,7.00596,2.02455,2.3109,1.41712,2.71,0.000236511,1,-0.0261836
1.00273,0.590402,-0.570427,1.49925,2,1.99882,2.11127,2.25365,0.170585,-0.658132,10.4209,7.00596,2.11127,2.25365,1.50489,2.65299,-0.00118005,1,-0.155576
1.08652,0.535823,-0.585079,1.49925,2,1.99912,2.19057,2.20243,0.258046,-0.714783,10.4209,7.00596,2.19057,2.20243,1.58508,2.60889,-0.00087595,1,0.00885172
1.16985,0.480541,-0.585345,1.49925,2,2.00038,2.27503,2.1479,0.341736,-0.768799,10.4209,7.00596,2.27503,2.1479,1.66919,2.5544,0.00037837,1,0.127895
1.25351,0.42576,-0.573388,1.49925,2,2.00102,2.3682,2.08755,0.418899,-0.818475,10.4209,7.00596,2.3682,2.08755,1.76172,2.48662,0.00102258,1,0.0932508
1.33778,0.371924,-0.563821,1.49925,2,2.00036,2.43616,2.04375,0.514751,-0.880789,10.4209,7.00596,2.43616,2.04375,1.82795,2.44473,0.000364304,1,-0.0584079
1.4222,0.318321,-0.5686,1.49925,2,1.9994,2.52802,1.98408,0.592661,-0.931246,10.4209,7.00596,2.52802,1.98408,1.92111,2.38398,-0.000599504,1,-0.10844
1.50621,0.264079,-0.578694,1.49925,2,1.99928,2.59968,1.93783,0.685824,-0.991661,10.4209,7.00596,2.59968,1.93783,3.23835,1.51533,-0.000719309,1,-0.0373641
1.58978,0.209173,-0.583141,1.49925,2,2.00002,2.6911,1.87866,0.764232,-1.04229,10.4209,7.00596,2.6911,1.87866,2.08493,2.2857,1.78814e-05,1,0.0789418
1.67344,0.154391,-0.575828,1.49925,2,2.00065,2.76286,1.83242,0.857409,-1.10255,10.4209,7.00596,2.76286,1.83242,3.40122,1.41003,0.000650883,1,0.0828475
1.75754,0.100284,-0.567567,1.49925,2,2.00033,2.86216,1.76796,0.92981,-1.14937,10.4209,7.00596,2.86216,1.76796,2.25453,2.16733,0.000329971,1,-0.024401
1.84184,0.0464923,-0.569149,1.49925,2,2.00048,2.89036,1.75017,1.05628,-1.22992,10.4209,7.00596,2.89036,1.75017,3.52517,1.33303,0.000475407,1,0.0312928
1.92614,-0.00730343,-0.566465,1.49925,2,2.00207,3.02988,1.66304,1.10074,-1.25641,10.4209,7.00596,3.02988,1.66304,2.42073,2.05978,0.00206971,1,0.181964
2.01096,-0.0602725,-0.549173,1.49925,2,2.00035,3.11402,1.60846,1.18441,-1.31068,10.4209,7.00596,3.11402,1.60846,2.5063,2.00847,0.000354052,1,-0.144807
2.096,-0.112873,-0.561039,1.49925,2,1.99809,3.18849,1.5601,1.27522,-1.36977,10.4209,7.00596,3.18849,1.5601,2.57956,1.95767,-0.00190604,1,-0.225381
2.1801,-0.166977,-0.582933,1.49925,2,1.99765,3.27976,1.50076,1.3535,-1.42059,10.4209,7.00596,3.27976,1.50076,3.91449,1.07473,-0.00235045,1,-0.112633
2.26324,-0.22254,-0.59476,1.49925,2,1.99919,3.35434,1.45265,1.44455,-1.47949,10.4209,7.00596,3.35434,1.45265,3.99147,1.02953,-0.000810623,1,0.121231
2.34629,-0.278252,-0.584975,1.49925,2,2.00098,3.45119,1.39002,1.51897,-1.52739,10.4209,7.00596,3.45119,1.39002,2.84414,1.79281,0.000983953,1,0.186113
2.43015,-0.332722,-0.566753,1.49925,2,2.00115,3.53386,1.33654,1.60389,-1.58236,10.4209,7.00596,3.53386,1.33654,2.92585,1.73636,0.00115275,1,0.0531008
2.5147,-0.386112,-0.560512,1.49925,2,1.99997,3.60733,1.28901,1.69561,-1.64187,10.4209,7.00596,3.60733,1.28901,2.99841,1.69002,-3.3617e-05,1,-0.109773
2.59917,-0.439632,-0.570186,1.49925,2,1.99829,3.76439,1.18377,1.72395,-1.659,10.4209,7.00596,3.76439,1.18377,3.16697,1.58451,-0.00170565,1,-0.179887
2.68289,-0.494325,-0.587684,1.49925,2,1.99759,3.79043,1.16812,1.85031,-1.74405,10.4209,7.00596,3.79043,1.16812,3.18622,1.5748,-0.00241315,1,-0.132966
2.76572,-0.550347,-0.601309,1.49925,2,1.99975,3.86808,1.11813,1.93913,-1.80144,10.4209,7.00596,3.86808,1.11813,3.26138,1.52174,-0.000250578,1,0.176807
2.84859,-0.606312,-0.585178,1.49925,2,2.00193,3.95436,1.06252,2.02155,-1.8545,10.4209,7.00596,3.95436,1.06252,3.34814,1.46991,0.00192785,1,0.21135
2.93252,-0.660682,-0.564284,1.49925,2,2.00203,4.03259,1.01203,2.10983,-1.91162,10.4209,7.00596,4.03259,1.01203,3.4241,1.41378,0.00203252,1,0.0718326
3.01726,-0.713779,-0.556125,1.49925,2,2.00048,4.13197,0.94735,2.18211,-1.95831,10.4209,7.00596,4.13197,0.94735,3.5268,1.35079,0.000480652,1,-0.136864
3.1019,-0.767029,-0.56835,1.49925,2,1.99906,4.20712,0.898719,2.27249,-2.01709,10.4209,7.00596,4.20712,0.898719,3.60046,1.29942,-0.000941753,1,-0.152226
3.18577,-0.821485,-0.583481,1.49925,2,1.99921,4.28721,0.846956,2.35935,-2.07334,10.4209,7.00596,4.28721,0.846956,4.92371,0.421332,-0.000786424,1,-0.00853373
3.26909,-0.876791,-0.586633,1.49925,2,2.00052,4.3765,0.789262,2.43945,-2.12494,10.4209,7.00596,4.3765,0.789262,3.77064,1.19454,0.000524998,1,0.148454
3.35272,-0.931615,-0.572886,1.49925,2,2.00123,4.46669,0.730903,2.51885,-2.1761,10.4209,7.00596,4.46669,0.730903,3.8598,1.1291,0.00122571,1,0.107587
3.43705,-0.985351,-0.561923,1.49925,2,2.00048,4.53232,0.688653,2.61647,-2.23953,10.4209,7.00596,4.53232,0.688653,3.92344,1.08904,0.000477076,1,-0.0683169
3.52154,-1.03885,-0.567876,1.49925,2,1.9984,4.6256,0.626874,2.69235,-2.28985,10.4209,7.00596,4.6256,0.626874,4.01886,1.02676,-0.00160193,1,-0.205498
3.60533,-1.09343,-0.587602,1.49925,2,1.99874,4.71337,0.570062,2.77349,-2.34226,10.4209,7.00596,4.71337,0.570062,4.10855,0.975989,-0.0012629,1,-0.00410802
3.68847,-1.149,-0.589423,1.49925,2,2.00037,4.77125,0.532986,2.87714,-2.40931,10.4209,7.00596,4.77125,0.532986,5.40916,0.111673,0.000370741,1,0.159918
3.77197,-1.20401,-0.574579,1.49925,2,2.00132,4.85966,0.475935,2.95787,-2.4614,10.4209,7.00596,4.85966,0.475935,5.49341,0.0503095,0.00131655,1,0.129362
3.85627,-1.2578,-0.56149,1.49925,2,2.00064,4.95091,0.416815,3.03632,-2.5122,10.4209,7.00596,4.95091,0.416815,4.34212,0.818311,0.000640869,1,-0.0509739
3.94085,-1.31116,-0.565325,1.49925,2,1.99935,5.04119,0.358173,3.11538,-2.56347,10.4209,7.00596,5.04119,0.358173,4.43363,0.758775,-0.00064671,1,-0.136702
4.02495,-1.36525,-0.578395,1.49925,2,1.99905,5.1178,0.308627,3.20482,-2.62143,10.4209,7.00596,5.1178,0.308627,5.75164,-0.117163,-0.000953317,1,-0.0626948
4.10849,-1.42023,-0.585183,1.49925,2,1.99989,5.21313,0.2469,3.28031,-2.67011,10.4209,7.00596,5.21313,0.2469,5.84923,-0.17988,-0.000111818,1,0.0823558
4.19201,-1.47521,-0.578108,1.49925,2,2.00076,5.28531,0.200419,3.37318,-2.73019,10.4209,7.00596,5.28531,0.200419,5.91975,-0.225609,0.000759125,1,0.113512
