-4.06413e-19,1.53638e-36,-5.78256e-18,1.5,2,2.00729,0.0700588,2.00607,-0.0520988,-1.4918,0,0,0.0700588,2.00607,-0.282985,2.01358,0.00729179,1,0.666666,5.59838e-07
0.00446063,0.000185969,0.0626666,1.5,2,2.00706,0.0888443,2.00547,-0.0583077,-1.49144,-0.0583077,-1.49144,0.0888443,2.00547,-0.264205,2.01633,0.00706029,2,0.666666,-0.00228834
0.0188361,0.00162607,0.129333,1.5,2,2.00529,0.0744739,2.00614,-0.0226354,-1.49251,-0.0583077,-1.49144,0.0744739,2.00614,-0.278942,2.01572,0.00529051,1,-0.666666,-0.0174183
0.043159,0.0040729,0.0693333,1.5,2,2.00232,0.114005,2.00514,-0.00983154,-1.49267,-0.00983154,-1.49267,0.114005,2.00514,-0.239412,2.02174,0.0023222,2,-0.666666,-0.0296322
0.0775823,0.0052571,0.00266666,1.5,2,2.0006,0.107169,2.00564,0.055408,-1.49398,-0.00983154,-1.49267,0.107169,2.00564,0.494948,1.99486,0.000601292,1,-0.666666,-0.0167015
0.122001,0.00383891,-0.0639999,1.5,2,2.00159,0.180231,2.00458,0.0784097,-1.49394,0.0784097,-1.49394,0.180231,2.00458,-0.172692,2.01579,0.00158644,2,0.666666,0.0097256
0.176401,0.00173359,-0.00666666,1.5,2,2.00404,0.189767,2.00573,0.166424,-1.49419,0.0784097,-1.49394,0.189767,2.00573,0.579212,2.00267,0.00404263,1,0.666666,0.0236183
0.240815,0.00350726,0.0599999,1.5,2,2.00252,0.260471,2.00593,0.226116,-1.4939,0.226116,-1.4939,0.260471,2.00593,0.649721,2.0022,0.00252175,2,-0.666666,-0.0152174
0.315203,0.00620037,0.004,1.5,2,1.99901,0.376981,2.00425,0.268816,-1.49408,0.226116,-1.4939,0.376981,2.00425,0.0245788,2.01578,-0.00274223,2,-0.666666,-0.052023
0.3996,0.00366847,-0.0626666,1.5,2,2.00072,0.455138,2.00362,0.357981,-1.49504,0.226116,-1.4939,0.455138,2.00362,0.102959,2.01026,-0.0075823,2,-0.666666,-0.0491369
0.493592,-0.00543841,-0.129333,1.5,2,2.0095,0.507985,2.00401,0.482916,-1.49591,0.226116,-1.4939,0.507985,2.00401,0.898052,1.99858,0.00949526,1,0.666666,0.169291
0.593034,-0.0156667,-0.0693333,1.5,2,2.02094,0.59207,2.00527,0.59374,-1.49473,0.59374,-1.49473,0.59207,2.00527,0.235906,2.00407,0.0209367,2,0.666666,0.112841
0.692951,-0.0192652,-0.00266666,1.5,2,2.0254,0.698357,2.00613,0.689015,-1.49386,0.59374,-1.49473,0.698357,2.00613,0.340531,2.01109,0.0253999,1,0.666666,0.0441391
0.792886,-0.0161996,0.0639999,1.5,2,2.02258,0.839945,2.00583,0.75851,-1.49322,0.75851,-1.49322,0.839945,2.00583,0.483819,2.01142,0.0225821,2,0.666666,-0.0274587
0.892394,-0.00648345,0.130667,1.5,2,2.01256,0.910431,2.006,0.879063,-1.49386,0.75851,-1.49322,0.910431,2.006,0.5544,2.01622,0.0125628,1,-0.666666,-0.0997903
0.991837,0.00387937,0.0706666,1.5,2,2.00028,1.05995,2.003,0.940773,-1.49497,0.940773,-1.49497,1.05995,2.003,0.70745,2.01499,0.000279903,2,-0.666666,-0.121029
1.09175,0.00761114,0.004,1.5,2,1.99648,1.04893,2.00364,1.124,-1.49556,0.940773,-1.49497,1.04893,2.00364,1.43521,2.00206,-0.00351608,1,-0.666666,-0.0379
1.19169,0.00467877,-0.0626666,1.5,2,2.00402,1.24732,2.00793,1.15016,-1.49073,1.15016,-1.49073,1.24732,2.00793,0.895603,2.0075,0.00401974,2,0.666666,0.0744744
1.29161,0.00109685,-0.00266666,1.5,2,2.00823,1.29697,2.00932,1.28762,-1.49067,1.15016,-1.49073,1.29697,2.00932,0.943468,2.00678,0.00823402,1,0.666666,0.0411742
1.39154,0.00416246,0.0639999,1.5,2,2.00554,1.4382,2.00916,1.35677,-1.48989,1.35677,-1.48989,1.4382,2.00916,1.05038,2.00704,0.00554109,2,-0.666666,-0.0258193
1.49144,0.00825129,0.00799999,1.5,2,2.00026,1.54526,2.00778,1.45109,-1.49095,1.35677,-1.48989,1.54526,2.00778,1.19306,2.01476,0.000256777,1,-0.666666,-0.0525122
1.59139,0.0057187,-0.0586666,1.5,2,2.00185,1.63895,2.007,1.55579,-1.49201,1.55579,-1.49201,1.63895,2.007,1.28633,2.01367,0.00184822,2,0.666666,0.0158042
1.69131,0.00228597,-0.00133333,1.5,2,2.00588,1.69399,2.00816,1.68932,-1.49184,1.55579,-1.49201,1.69399,2.00816,2.11888,2.00071,0.00587773,1,0.666666,0.0405569
1.79124,0.00548483,0.0653333,1.5,2,2.00304,1.83518,2.00804,1.75841,-1.49112,1.75841,-1.49112,1.83518,2.00804,1.48247,2.01317,0.00303888,2,-0.666666,-0.0281213
1.89115,0.00933318,0.00533333,1.5,2,1.99802,1.95023,2.00648,1.84673,-1.49199,1.75841,-1.49112,1.95023,2.00648,1.5986,2.01333,-0.00197756,1,-0.666666,-0.0497331
1.99109,0.00653407,-0.0613333,1.5,2,1.99919,2.11364,2.00196,1.8991,-1.49146,1.8991,-1.49146,2.11364,2.00196,1.76307,2.01232,-0.000809908,2,0.666666,0.0115081
2.09101,0.00308538,-0.00133333,1.5,2,2.00095,2.09369,2.00403,2.08901,-1.49597,1.8991,-1.49146,2.09369,2.00403,2.48212,2.00091,0.00094676,1,0.666666,0.0171414
2.19095,0.00628423,0.0653333,1.5,2,1.99812,2.23477,2.00392,2.158,-1.49523,2.158,-1.49523,2.23477,2.00392,1.88247,2.01205,-0.00187898,2,-0.666666,-0.0280902
2.29085,0.0101326,0.00533333,1.5,2,1.99311,2.34979,2.00237,2.24629,-1.4961,2.158,-1.49523,2.34979,2.00237,1.99859,2.01222,-0.00689018,1,-0.666666,-0.0493242
2.3908,0.00733348,-0.0613333,1.5,2,1.99498,2.44352,2.00161,2.35102,-1.49717,2.35102,-1.49717,2.44352,2.00161,2.09183,2.01118,-0.00502264,2,0.666666,0.0186096
2.49072,0.00388478,-0.00133333,1.5,2,1.99908,2.49339,2.00296,2.48871,-1.49704,2.35102,-1.49717,2.49339,2.00296,2.88147,1.99987,-0.0009197,1,0.666666,0.0394475
2.59065,0.00708364,0.0653333,1.5,2,1.99626,2.63443,2.00286,2.55766,-1.4963,2.55766,-1.4963,2.63443,2.00286,2.28293,2.00792,-0.00374162,2,-0.666666,-0.0276033
2.69054,0.0113057,0.00933332,1.5,2,1.99087,2.74145,2.00152,2.65195,-1.49733,2.55766,-1.4963,2.74145,2.00152,2.39084,2.00839,-0.00913012,1,-0.666666,-0.0533303
2.79049,0.00890634,-0.0573333,1.5,2,1.99236,2.83518,2.00076,2.75668,-1.49836,2.75668,-1.49836,2.83518,2.00076,2.48416,2.00732,-0.00764275,2,-0.666666,0.0148118
2.89007,-0.000146228,-0.124,1.5,2,2.0011,2.89373,2.00096,2.88732,-1.49904,2.75668,-1.49836,2.89373,2.00096,2.54023,2.0053,0.00110483,1,0.666666,0.0874062
2.98955,-0.0100953,-0.0666666,1.5,2,2.01225,2.98322,2.00215,2.99423,-1.49784,2.99423,-1.49784,2.98322,2.00215,2.62845,2.00082,0.012254,2,0.666666,0.110576
3.08948,-0.0134274,-1.09594e-11,1.5,2,2.01645,3.08948,2.00302,3.08947,-1.49698,2.99423,-1.49784,3.08948,2.00302,2.73307,2.00791,0.0164499,1,0.666666,0.0420242
3.1894,-0.0100953,0.0666666,1.5,2,2.01702,3.09018,2.00449,3.26235,-1.49128,3.26235,-1.49128,3.09018,2.00449,3.47903,2.00462,0.0170248,2,0.666666,0.00567766
3.28889,-0.000113831,0.133333,1.5,2,2.00933,3.3366,2.00865,3.25349,-1.49036,3.26235,-1.49128,3.3366,2.00865,2.98388,2.00736,0.00860252,2,-0.666666,-0.0834455
3.38831,0.0103875,0.0719999,1.5,2,1.99695,3.45365,2.00626,3.33914,-1.49186,3.26235,-1.49128,3.45365,2.00626,3.10257,2.01184,-0.0030539,1,-0.666666,-0.111321
3.48822,0.0142525,0.00533333,1.5,2,1.99158,3.54711,2.00496,3.44361,-1.49351,3.44361,-1.49351,3.54711,2.00496,3.19664,2.01166,-0.00842452,2,-0.666666,-0.0541865
3.58816,0.0114534,-0.0613333,1.5,2,1.99347,3.64084,2.00423,3.54835,-1.49455,3.44361,-1.49351,3.64084,2.00423,3.28989,2.01065,-0.0065304,1,0.666666,0.0187686
3.68809,0.00800468,-0.00133333,1.5,2,1.9976,3.69075,2.0056,3.68608,-1.4944,3.68608,-1.4944,3.69075,2.0056,4.18373,1.98468,-0.00240386,2,0.666666,0.0407732
3.78802,0.0112035,0.0653333,1.5,2,1.9948,3.83177,2.00553,3.755,-1.49363,3.68608,-1.4944,3.83177,2.00553,4.21575,1.98008,-0.00904829,2,-0.666666,-0.0659622
3.88792,0.0150519,0.00533333,1.5,2,1.98602,4.18815,1.97825,3.65906,-1.48153,3.68608,-1.4944,4.18815,1.97825,3.70266,2.01011,-0.0228854,2,-0.666666,-0.136453
3.98787,0.0122528,-0.0613333,1.5,2,1.97732,4.17787,1.98042,3.84155,-1.50338,3.68608,-1.4944,4.17787,1.98042,3.83145,2.00608,-0.0226778,1,-0.666666,0.00197295
4.0874,0.00280201,-0.128,1.5,2,1.98095,4.16807,1.98211,4.02554,-1.51499,4.02554,-1.51499,4.16807,1.98211,3.81739,2.00883,-0.0190473,2,-0.666666,0.036042
4.18608,-0.0132584,-0.194666,1.5,2,1.9965,4.19144,1.98323,4.18205,-1.51676,4.02554,-1.51499,4.19144,1.98323,4.57975,1.98337,-0.00350213,1,0.666666,0.155123
4.28462,-0.0302072,-0.137333,1.5,2,2.01532,4.24483,1.98472,4.31393,-1.5146,4.31393,-1.5146,4.24483,1.98472,4.63559,1.98729,0.0153201,2,0.666666,0.188129
4.38406,-0.0405865,-0.0706666,1.5,2,2.02727,4.38579,1.98668,4.3828,-1.51332,4.31393,-1.5146,4.38579,1.98668,4.78037,1.98897,0.0243214,2,0.666666,0.0902023
4.48397,-0.0443183,-0.004,1.5,2,2.03187,4.4921,1.98754,4.47809,-1.51244,4.31393,-1.5146,4.4921,1.98754,4.88664,1.98386,0.0318725,1,0.666666,0.0745746
4.58391,-0.0413859,0.0626666,1.5,2,2.0292,4.63383,1.9872,4.54773,-1.51175,4.54773,-1.51175,4.63383,1.9872,4.27662,1.99281,0.0291972,2,0.666666,-0.0262167
4.68343,-0.0318024,0.129333,1.5,2,2.01928,4.70422,1.98737,4.66819,-1.51245,4.54773,-1.51175,4.70422,1.98737,5.09628,1.98124,0.0192764,1,-0.666666,-0.0988964
4.78289,-0.0215722,0.0693333,1.5,2,2.00714,4.8539,1.98431,4.73007,-1.5135,4.73007,-1.5135,4.8539,1.98431,5.24239,1.96438,0.00714159,2,-0.666666,-0.118124
4.8828,-0.0179737,0.00266666,1.5,2,2.002,4.91241,1.98381,4.86065,-1.51581,4.73007,-1.5135,4.91241,1.98381,5.29901,1.9661,-0.00330145,2,-0.666666,-0.104185
4.98274,-0.0210393,-0.0639999,1.5,2,2.00413,5.04104,1.98224,4.93922,-1.51628,4.73007,-1.5135,5.04104,1.98224,4.68834,1.98889,0.00413156,1,0.666666,0.0728512
5.08265,-0.0248803,-0.00533333,1.5,2,2.0042,5.19822,1.97599,4.99639,-1.51819,4.99639,-1.51819,5.19822,1.97599,4.84679,1.98462,0.00420094,2,0.666666,0.000692712
5.18259,-0.0220812,0.0613333,1.5,2,1.99925,5.19955,1.9771,5.16986,-1.52278,4.99639,-1.51819,5.19955,1.9771,5.58803,1.9732,-0.000750184,1,-0.666666,-0.048696
5.28251,-0.0186325,0.00133333,1.5,2,1.99459,5.31467,1.9757,5.25824,-1.52385,5.25824,-1.52385,5.31467,1.9757,5.70138,1.96495,-0.00541103,2,-0.666666,-0.0460605
5.38244,-0.0218314,-0.0653333,1.5,2,1.9969,5.4432,1.97414,5.33671,-1.52424,5.25824,-1.52385,5.4432,1.97414,5.09085,1.98767,-0.00714278,2,-0.666666,-0.0165924
5.48194,-0.0316802,-0.132,1.5,2,2.0064,5.50166,1.97462,5.46726,-1.52521,5.25824,-1.52385,5.50166,1.97462,5.89133,1.96926,0.00639653,1,0.666666,0.134345
5.58134,-0.0424249,-0.0746666,1.5,2,2.01834,5.59114,1.97589,5.57415,-1.52407,5.57415,-1.52407,5.59114,1.97589,5.23577,1.97463,0.0183365,2,0.666666,0.119338
5.68124,-0.0465563,-0.00799999,1.5,2,2.02344,5.69743,1.97682,5.66942,-1.52307,5.57415,-1.52407,5.69743,1.97682,5.34035,1.98149,0.0234406,1,0.666666,0.0511951
5.78119,-0.0440237,0.0586666,1.5,2,2.02117,5.80372,1.97702,5.7647,-1.52276,5.7647,-1.52276,5.80372,1.97702,5.44724,1.98168,0.0211737,2,0.666666,-0.0224672
5.88075,-0.0348383,0.125333,1.5,2,2.01166,5.9095,1.97662,5.85947,-1.52302,5.7647,-1.52276,5.9095,1.97662,5.55405,1.98652,0.0116637,1,-0.666666,-0.093923
5.98024,-0.025006,0.0653333,1.5,2,2,6.059,1.97344,5.92117,-1.52384,5.92117,-1.52384,6.059,1.97344,5.70689,1.98532,7.15256e-07,2,-0.666666,-0.115181
6.08017,-0.0218072,-0.00133333,1.5,2,1.99526,6.11766,1.9731,6.0519,-1.52628,5.92117,-1.52384,6.11766,1.9731,5.76601,1.97901,-0.00474048,1,-0.666666,-0.0460989
6.18009,-0.0252725,-0.0679999,1.5,2,1.9979,6.21135,1.97238,6.1566,-1.52719,6.1566,-1.52719,6.21135,1.97238,5.85912,1.97781,-0.00209916,2,0.666666,0.0262845
6.27999,-0.0293873,-0.00799999,1.5,2,2.00715,6.29605,1.9777,6.26805,-1.52219,6.1566,-1.52719,6.29605,1.9777,5.94267,1.97747,0.00715089,1,0.666666,0.090152
6.37994,-0.0268547,0.0586666,1.5,2,2.00496,6.40229,1.97798,6.36327,-1.5218,6.36327,-1.5218,6.40229,1.97798,6.04947,1.97777,0.00496149,2,-0.666666,-0.0220363
6.47987,-0.0236725,-0.00133333,1.5,2,2.00059,6.51746,1.97656,6.4517,-1.52282,6.36327,-1.5218,6.51746,1.97656,6.16558,1.97803,0.000590324,1,-0.666666,-0.0433275
6.57979,-0.0271378,-0.0679999,1.5,2,2.00322,6.61113,1.97584,6.55638,-1.52374,6.55638,-1.52374,6.61113,1.97584,6.25796,1.9813,0.00322056,2,0.666666,0.0250865
6.67968,-0.0316262,-0.012,1.5,2,2.00832,6.66873,1.97666,6.68781,-1.52329,6.55638,-1.52374,6.66873,1.97666,7.05832,1.97466,0.00831723,1,0.666666,0.0501015
6.77963,-0.0294934,0.0546666,1.5,2,2.00655,6.81003,1.97683,6.75701,-1.52277,6.75701,-1.52277,6.81003,1.97683,6.45645,1.98103,0.0065546,2,-0.666666,-0.017512
6.87957,-0.0263371,-0.00133333,1.5,2,2.00228,6.91719,1.97559,6.85143,-1.5238,6.75701,-1.52277,6.91719,1.97559,6.5643,1.98157,0.00227618,1,-0.666666,-0.0424745
6.97949,-0.0298025,-0.0679999,1.5,2,2.0049,7.01085,1.97485,6.9561,-1.52472,6.9561,-1.52472,7.01085,1.97485,6.65738,1.98035,0.0048995,2,0.666666,0.0265102
7.07939,-0.0339172,-0.00799999,1.5,2,2.00965,7.09547,1.97567,7.06746,-1.52422,6.9561,-1.52472,7.09547,1.97567,6.74087,1.98,0.00965428,1,0.666666,0.0470959
7.17934,-0.0313846,0.0586666,1.5,2,2.00745,7.20172,1.97594,7.1627,-1.52384,7.1627,-1.52384,7.20172,1.97594,6.84771,1.98028,0.00744939,2,-0.666666,-0.0217088
7.27927,-0.0282024,-0.00133333,1.5,2,2.00727,7.21189,1.97794,7.32937,-1.52009,7.1627,-1.52384,7.21189,1.97794,6.85394,1.98606,0.00727344,1,0.666666,-0.00174924
7.37921,-0.0255259,0.0599999,1.5,2,2.01368,7.18839,1.97909,7.52006,-1.50516,7.1627,-1.52384,7.18839,1.97909,6.82473,1.98238,0.0136807,1,0.666666,0.0634566
7.47876,-0.0162078,0.126667,1.5,2,2.01563,7.18928,1.97852,7.69194,-1.48519,7.1627,-1.52384,7.18928,1.97852,6.81696,1.9899,0.015626,1,0.666666,0.0189751
7.57746,-0.000278976,0.193333,1.5,2,2.01384,7.2251,1.98249,7.8375,-1.46351,7.1627,-1.52384,7.2251,1.98249,6.8509,1.98762,0.01384,1,0.666666,-0.0176981
7.67489,0.0221899,0.26,1.5,2,2.01625,7.22487,1.98758,8.00605,-1.42413,7.1627,-1.52384,7.22487,1.98758,6.84128,1.99592,0.0162542,1,0.666666,0.0238126
7.7706,0.051099,0.326666,1.5,2,2.00829,7.26042,1.99351,8.14955,-1.39167,7.1627,-1.52384,7.26042,1.99351,6.87068,2.00618,0.00829387,1,-0.666666,-0.0791366
7.86612,0.0806298,0.266666,1.5,2,2.01253,7.26836,2.00233,8.30793,-1.33972,7.1627,-1.52384,7.26836,2.00233,6.86775,2.0167,0.0125251,1,0.666666,0.042003
7.96179,0.109677,0.328,1.5,2,2.02195,7.24402,1.99994,8.48648,-1.27211,7.1627,-1.52384,7.24402,1.99994,6.82876,2.01089,0.0219483,1,0.666666,0.090284
8.05531,0.145022,0.394666,1.5,2,2.01942,7.24644,1.99537,8.64836,-1.2116,7.1627,-1.52384,7.24644,1.99537,6.80557,2.02515,0.0194216,1,0.666666,-0.0248416
8.14628,0.18652,0.461333,1.5,2,2.01284,7.28187,2.00431,8.78493,-1.15652,7.1627,-1.52384,7.28187,2.00431,6.842,2.01963,0.0128434,1,-0.666666,-0.0653125
8.23681,0.228947,0.405333,1.5,2,2.02309,7.31131,2.02794,8.91245,-1.08436,7.1627,-1.52384,7.31131,2.02794,6.86632,2.03295,0.0230949,1,0.666666,0.101737
8.32771,0.270596,0.462666,1.5,2,2.02972,7.29728,2.0193,9.07412,-0.996132,7.1627,-1.52384,7.29728,2.0193,6.82934,2.02442,0.0297155,1,0.666666,0.0668187
8.41564,0.318178,0.529333,1.5,2,2.04139,7.29402,2.02383,9.21705,-0.900542,7.1627,-1.52384,7.29402,2.02383,6.78855,2.04309,0.0413911,1,0.666666,0.115404
8.50021,0.371513,0.595999,1.5,2,2.06312,7.28322,2.03747,9.34779,-0.788761,7.1627,-1.52384,7.28322,2.03747,6.73838,2.06411,0.0631216,1,0.666666,0.215829
8.58103,0.430362,0.662666,1.5,2,2.05597,7.28807,2.02887,9.48916,-0.692374,7.1627,-1.52384,7.28807,2.02887,6.67667,2.08768,0.0559664,1,0.666666,-0.0704506
8.65776,0.494466,0.729333,1.5,2,2.04427,7.32233,2.04226,9.60873,-0.607721,7.1627,-1.52384,7.32233,2.04226,6.71647,2.07845,0.0442722,1,-0.666666,-0.113762
8.73399,0.559163,0.670666,1.5,2,2.05564,7.34717,2.07653,9.70841,-0.506987,7.1627,-1.52384,7.34717,2.07653,6.73552,2.09674,0.0556421,1,0.666666,0.113529
8.81062,0.623382,0.730666,1.5,2,2.05634,7.33481,2.05534,9.84672,-0.381933,7.1627,-1.52384,7.33481,2.05534,7.36575,2.69733,0.0563402,1,0.666666,0.0068222
8.88282,0.69255,0.797333,1.5,2,2.0746,7.34877,2.08922,9.93681,-0.267062,7.1627,-1.52384,7.34877,2.08922,7.3854,2.70269,0.0746031,1,0.666666,0.182562
8.95024,0.766375,0.863999,1.5,2,2.08861,7.33854,2.0948,10.0394,-0.131315,7.1627,-1.52384,7.33854,2.0948,7.39529,2.65245,0.088613,1,0.666666,0.137937
9.0126,0.844527,0.930666,1.5,2,2.07802,7.34599,2.08574,10.153,-0.00482379,7.1627,-1.52384,7.34599,2.08574,7.40427,2.61063,0.0780237,1,0.666666,-0.10551
9.06961,0.926659,0.997332,1.5,2,2.08533,7.35843,2.1185,10.2305,0.118129,7.1627,-1.52384,7.35843,2.1185,7.42135,2.625,0.0853329,1,0.666666,0.070289
9.12103,1.01241,1.064,1.5,2,2.07264,7.36405,2.11189,10.331,0.255227,7.1627,-1.52384,7.36405,2.11189,7.40957,2.61046,0.0726366,1,0.666666,-0.124879
9.16662,1.10139,1.13067,1.5,2,2.07351,7.37486,2.14496,10.3993,0.383455,7.1627,-1.52384,7.37486,2.14496,7.42646,2.62574,0.0735114,1,0.666666,0.00871312
9.20618,1.19321,1.19733,1.5,2,2.07935,7.36006,2.15007,10.4675,0.539473,7.1627,-1.52384,7.36006,2.15007,7.43328,2.5983,0.0793517,1,0.666666,0.0581529
9.23953,1.28747,1.264,1.5,2,2.05298,7.37256,2.14138,10.5554,0.685597,7.1627,-1.52384,7.37256,2.14138,7.43901,2.57548,0.0529809,1,-0.666666,-0.265529
9.27239,1.38189,1.20267,1.5,2,2.04945,7.38716,2.18572,10.6067,0.812962,7.1627,-1.52384,7.38716,2.18572,7.45315,2.61326,0.0494473,1,0.666666,-0.0347044
9.30586,1.47611,1.26267,1.5,2,2.04689,7.37823,2.16458,10.6743,0.987351,7.1627,-1.52384,7.37823,2.16458,7.43832,2.58298,0.0468855,1,0.666666,-0.0253628
9.33299,1.57234,1.32933,1.5,2,2.04598,7.38533,2.19898,10.7171,1.12701,7.1627,-1.52384,7.38533,2.19898,7.43851,2.61535,0.0459807,1,0.666666,-0.00871762
9.35365,1.67016,1.396,1.5,2,2.03729,7.38592,2.19798,10.7664,1.29121,7.1627,-1.52384,7.38592,2.19798,7.44234,2.603,0.0372908,1,0.666666,-0.0868267
9.36774,1.76915,1.46267,1.5,2,2.03269,7.38872,2.23316,10.7963,1.43419,7.1627,-1.52384,7.38872,2.23316,7.45237,2.62977,0.0326943,1,0.666666,-0.045005
9.37522,1.86885,1.52933,1.5,2,2.01858,7.38361,2.1977,10.8369,1.62751,10.8369,1.62751,7.38361,2.1977,7.44648,2.58522,0.0185759,2,-0.666666,-0.140326
9.38217,1.96859,1.468,1.5,2,2.01,7.40203,2.31382,10.85,1.71267,10.8369,1.62751,7.40203,2.31382,7.46498,2.70031,0.0058652,2,-0.666666,-0.124146
9.39573,2.06764,1.40133,1.5,2,2.00863,7.41026,2.37181,10.8699,1.84181,10.8369,1.62751,7.41026,2.37181,7.47148,2.757,0.00863385,1,0.666666,0.0269271
9.41019,2.16657,1.45867,1.5,2,2.00978,7.4221,2.46103,10.8843,1.94824,10.8843,1.94824,7.4221,2.46103,7.48148,2.84672,0.00978327,2,0.666666,0.0112869
9.41807,2.26625,1.52533,1.5,2,2.00414,7.43648,2.56611,10.8971,2.04243,10.8843,1.94824,7.43648,2.56611,7.49684,2.95055,-0.000353919,2,-0.666666,-0.100841
9.42504,2.36599,1.468,1.5,2,1.99596,7.45874,2.70881,10.9067,2.10765,10.8843,1.94824,7.45874,2.70881,7.40163,2.3621,-0.00403738,1,-0.666666,-0.0369462
9.43861,2.46504,1.40133,1.5,2,1.99468,7.46692,2.76709,10.9266,2.23709,10.9266,2.23709,7.46692,2.76709,7.52734,3.14974,-0.00531626,2,-0.666666,-0.0126991
9.45874,2.56297,1.33467,1.5,2,2.00071,7.48016,2.85972,10.9414,2.3406,10.9266,2.23709,7.48016,2.85972,7.42454,2.51075,-0.00356029,2,0.666666,0.0173038
9.47952,2.66077,1.39467,1.5,2,2.00895,7.49057,2.94355,10.9557,2.4509,10.9266,2.23709,7.49057,2.94355,7.44083,2.59285,0.00894928,1,0.666666,0.123263
9.49375,2.75974,1.46133,1.5,2,2.01016,7.5045,3.04895,10.9681,2.54539,10.9681,2.54539,7.5045,3.04895,7.45441,2.69821,0.0101619,2,0.666666,0.0118023
9.50135,2.85943,1.528,1.5,2,2.00429,7.51883,3.15403,10.9808,2.63958,10.9681,2.54539,7.51883,3.15403,7.46373,2.80438,0.00429344,1,-0.666666,-0.0586699
9.50831,2.95917,1.468,1.5,2,1.9976,7.52513,3.19881,10.9999,2.77894,10.9999,2.77894,7.52513,3.19881,7.47009,2.84843,-0.00239897,2,-0.666666,-0.066325
9.52187,3.05823,1.40133,1.5,2,2.00317,7.5229,3.18784,11.0156,2.96138,10.9999,2.77894,7.5229,3.18784,7.46407,2.8314,0.00316978,1,0.666666,0.0547955
9.53609,3.15719,1.46133,1.5,2,2.01551,7.5206,3.16676,11.0206,3.15015,10.9999,2.77894,7.5206,3.16676,7.46433,2.80202,0.0155134,1,0.666666,0.122934
9.54369,3.25688,1.528,1.5,2,2.0234,7.52103,3.20223,11.0198,3.29677,10.9999,2.77894,7.52103,3.20223,7.46908,2.833,0.0233955,1,0.666666,0.0779281
9.54464,3.35686,1.59467,1.5,2,2.02758,7.52056,3.23776,11.0145,3.44335,10.9999,2.77894,7.52056,3.23776,7.46309,2.86222,0.0275788,1,0.666666,0.0401026
9.53892,3.45668,1.66133,1.5,2,2.04643,7.50857,3.20065,10.9811,3.63854,10.9999,2.77894,7.50857,3.20065,7.447,2.80964,0.0464289,1,0.666666,0.185181
9.52657,3.5559,1.728,1.5,2,2.03505,7.51661,3.2373,10.9735,3.78524,10.9999,2.77894,7.51661,3.2373,7.43778,2.83639,0.0350478,1,-0.666666,-0.113645
9.51332,3.655,1.67066,1.5,2,2.04427,7.50474,3.27468,10.9436,3.92582,10.9999,2.77894,7.50474,3.27468,7.43107,2.86727,0.044271,1,0.666666,0.0920989
9.50069,3.75418,1.73066,1.5,2,2.04967,7.5133,3.25278,10.907,4.10896,10.9999,2.77894,7.5133,3.25278,7.43157,2.82603,0.0496662,1,0.666666,0.0534065
9.48149,3.8523,1.79733,1.5,2,2.06868,7.50298,3.24819,10.8504,4.27028,10.9999,2.77894,7.50298,3.24819,7.43397,2.80996,0.0686815,1,0.666666,0.187836
9.4558,3.94892,1.864,1.5,2,2.06926,7.49693,3.2821,10.8102,4.40998,10.9999,2.77894,7.49693,3.2821,7.4188,2.82911,0.0692604,1,0.666666,0.00572341
9.42373,4.04362,1.93066,1.5,2,2.06781,7.50138,3.28178,10.7552,4.57128,10.9999,2.77894,7.50138,3.28178,7.39633,2.79544,0.0678091,1,0.666666,-0.0141209
9.38542,4.13597,1.99733,1.5,2,2.08108,7.49079,3.27499,10.6772,4.723,10.9999,2.77894,7.49079,3.27499,7.37062,2.75442,0.0810831,1,0.666666,0.129992
9.34105,4.22557,2.064,1.5,2,2.0715,7.48331,3.3091,10.6221,4.85756,10.9999,2.77894,7.48331,3.3091,7.38362,2.78989,0.0714993,1,0.666666,-0.0950253
9.2908,4.31201,2.13066,1.5,2,2.07317,7.46163,3.33622,10.5497,4.98358,10.9999,2.77894,7.46163,3.33622,7.36494,2.80313,0.0731676,1,0.666666,0.0166807
9.23491,4.39491,2.19733,1.5,2,2.06948,7.45912,3.33221,10.4624,5.12949,10.9999,2.77894,7.45912,3.33221,7.33458,2.74892,0.0694838,1,0.666666,-0.0364087
9.17362,4.4739,2.264,1.5,2,2.08297,7.44103,3.31765,10.3523,5.26049,10.9999,2.77894,7.44103,3.31765,6.83723,3.49573,0.0829742,1,0.666666,0.131445
9.10721,4.54863,2.33066,1.5,2,2.05393,7.43584,3.35483,10.2839,5.38913,10.9999,2.77894,7.43584,3.35483,6.80651,3.49835,0.0539343,1,-0.666666,-0.281156
9.03994,4.6226,2.276,1.5,2,2.04735,7.43555,3.35076,10.1783,5.52501,10.9999,2.77894,7.43555,3.35076,6.89963,3.51294,0.0473549,1,0.666666,-0.0653612
8.9733,4.69714,2.33333,1.5,2,2.04371,7.42365,3.36471,10.0775,5.64659,10.9999,2.77894,7.42365,3.36471,6.8507,3.48693,0.0437136,1,0.666666,-0.0362607
8.90186,4.76709,2.4,1.5,2,2.02792,7.43109,3.37092,9.9695,5.78058,10.9999,2.77894,7.43109,3.37092,6.89902,3.49067,0.0279214,1,-0.666666,-0.158514
8.82998,4.83658,2.34,1.5,2,2.05262,7.40596,3.35826,9.8341,5.879,10.9999,2.77894,7.40596,3.35826,6.92223,3.4972,0.0526204,1,0.666666,0.241527
8.75862,4.90661,2.39866,1.5,2,2.05542,7.39486,3.36878,9.71709,5.98742,10.9999,2.77894,7.39486,3.36878,6.90947,3.49114,0.0554228,1,0.666666,0.0278731
8.68277,4.97175,2.46533,1.5,2,2.0485,7.40064,3.37409,9.59124,6.1038,10.9999,2.77894,7.40064,3.37409,6.93845,3.49493,0.0485036,1,0.666666,-0.0671309
8.60275,5.0317,2.532,1.5,2,2.04139,7.40495,3.37866,9.4586,6.21282,10.9999,2.77894,7.40495,3.37866,6.96264,3.49837,0.0413897,1,0.666666,-0.0708212
8.51891,5.08618,2.59866,1.5,2,2.04489,7.37224,3.39304,9.33487,6.29099,10.9999,2.77894,7.37224,3.39304,6.92831,3.50154,0.0448906,1,0.666666,0.0341838
8.43164,5.13495,2.66533,1.5,2,2.03495,7.37481,3.39595,9.1925,6.38694,10.9999,2.77894,7.37481,3.39595,6.94933,3.50523,0.0349455,1,-0.666666,-0.0983317
8.34392,5.18293,2.608,1.5,2,2.04274,7.33577,3.40631,9.06312,6.45036,10.9999,2.77894,7.33577,3.40631,6.92327,3.52384,0.0427406,1,0.666666,0.0791548
8.25651,5.23146,2.668,1.5,2,2.04487,7.35576,3.39566,8.89748,6.53782,10.9999,2.77894,7.35576,3.39566,6.95048,3.50679,0.0448706,1,0.666666,0.0210539
8.16606,5.27407,2.73466,1.5,2,2.04363,7.3572,3.39732,8.74248,6.61151,10.9999,2.77894,7.3572,3.39732,6.96135,3.50906,0.0436308,1,0.666666,-0.0120215
8.07297,5.31056,2.80133,1.5,2,2.04478,7.3237,3.40801,8.60622,6.66457,10.9999,2.77894,7.3237,3.40801,6.93401,3.52245,0.044775,1,0.666666,0.0101098
7.97766,5.34077,2.868,1.5,2,2.04047,7.32427,3.40774,8.44503,6.72345,8.44503,6.72345,7.32427,3.40774,6.93814,3.51652,0.0404696,2,0.666666,-0.0421021
7.88056,5.36456,2.93466,1.5,2,2.0354,7.29034,3.41661,8.30525,6.76623,8.44503,6.72345,7.29034,3.41661,6.91055,3.52916,0.0285364,2,-0.666666,-0.13062
7.78312,5.387,2.88266,1.5,2,2.02939,7.19535,3.44459,8.20905,6.79458,8.44503,6.72345,7.19535,3.44459,6.82011,3.56323,0.0293932,1,0.666666,0.0089127
7.68582,5.41,2.94266,1.5,2,2.02515,7.11411,3.46723,8.10218,6.82487,8.10218,6.82487,7.11411,3.46723,6.73684,3.57906,0.0251453,2,0.666666,-0.0425976
7.58721,5.42648,3.00933,1.5,2,2.01397,7.01257,3.49623,8.01121,6.85074,8.10218,6.82487,7.01257,3.49623,6.63808,3.60928,0.00980734,2,-0.666666,-0.151949
7.48851,5.44245,2.948,1.5,2,2.00089,6.90042,3.52993,7.92912,6.87534,8.10218,6.82487,6.90042,3.52993,6.53038,3.64744,0.000891685,1,-0.666666,-0.0881112
7.39109,5.46494,2.88133,1.5,2,1.99446,6.8109,3.55674,7.82906,6.90538,7.82906,6.90538,6.8109,3.55674,7.14745,3.45512,-0.00554383,2,-0.666666,-0.0635193
7.29539,5.49388,2.81466,1.5,2,1.99557,6.72088,3.58279,7.7285,6.93461,7.82906,6.90538,6.72088,3.58279,7.05784,3.4814,-0.00442803,1,-0.666666,0.0109468
7.20182,5.52912,2.748,1.5,2,2.00385,6.63097,3.6083,7.62804,6.96328,7.62804,6.96328,6.63097,3.6083,6.96966,3.50759,0.00385022,2,0.666666,0.0811461
7.10849,5.56497,2.808,1.5,2,2.01432,6.54943,3.62979,7.52084,6.99229,7.62804,6.96328,6.54943,3.62979,6.89096,3.53406,0.0143163,1,0.666666,0.104203
7.01298,5.59455,2.87466,1.5,2,2.01789,6.44683,3.65771,7.42882,7.01713,7.42882,7.01713,6.44683,3.65771,6.78874,3.5614,0.0178897,2,0.666666,0.0353306
6.91572,5.61769,2.94133,1.5,2,2.01411,6.34454,3.68626,7.33709,7.04258,7.42882,7.01713,6.34454,3.68626,6.68504,3.58496,0.0141127,1,-0.666666,-0.0371869
6.81833,5.64032,2.88,1.5,2,2.01274,6.23025,3.71541,7.25288,7.06269,7.25288,7.06269,6.23025,3.71541,6.57033,3.61718,0.0127397,2,0.666666,-0.013567
6.72106,5.66346,2.94133,1.5,2,2.00879,6.1514,3.73713,7.14395,7.09345,7.25288,7.06269,6.1514,3.73713,6.49154,3.64094,0.00879121,1,-0.666666,-0.0388056
6.62365,5.68597,2.88133,1.5,2,2.00293,6.04099,3.76966,7.05915,7.1183,7.05915,7.1183,6.04099,3.76966,6.37953,3.67221,0.0029273,2,-0.666666,-0.057772
6.52795,5.7149,2.81466,1.5,2,2.00406,5.95099,3.79569,6.95861,7.14751,7.05915,7.1183,5.95099,3.79569,6.2894,3.69394,0.00405979,1,0.666666,0.0111951
6.43239,5.74434,2.876,1.5,2,2.00723,5.8718,3.81698,6.84931,7.17771,6.84931,7.17771,5.8718,3.81698,6.21202,3.72158,0.00723052,2,0.666666,0.0315406
6.3351,5.76735,2.94266,1.5,2,2.00344,5.76951,3.8454,6.75759,7.20304,6.84931,7.17771,5.76951,3.8454,5.36504,3.9731,0.00343871,1,-0.666666,-0.037539
6.23768,5.78985,2.88133,1.5,2,1.99757,5.65658,3.87867,6.67474,7.22731,6.67474,7.22731,5.65658,3.87867,5.28996,4.00084,-0.00242734,2,-0.666666,-0.0576996
6.14198,5.81879,2.81466,1.5,2,1.99874,5.56656,3.90467,6.57418,7.25649,6.67474,7.22731,5.56656,3.90467,5.19708,4.02144,-0.00590759,2,-0.666666,-0.0343781
6.04841,5.85403,2.748,1.5,2,2.00464,5.34469,3.97698,6.57336,7.25423,6.67474,7.22731,5.34469,3.97698,5.67899,3.87076,0.0046351,1,0.666666,0.103128
5.95508,5.88989,2.808,1.5,2,2.01098,5.36331,3.96795,6.39326,7.31298,6.39326,7.31298,5.36331,3.96795,5.70235,3.86476,0.0109766,2,0.666666,0.0626003
5.85957,5.91946,2.87466,1.5,2,2.01432,5.29442,3.98604,6.27641,7.34546,6.39326,7.31298,5.29442,3.98604,5.63498,3.88313,0.0143237,1,0.666666,0.0332433
5.76231,5.9426,2.94133,1.5,2,2.01059,5.19213,4.01455,6.18468,7.37087,6.18468,7.37087,5.19213,4.01455,4.81728,4.12523,0.0105891,2,-0.666666,-0.0368342
5.66492,5.96524,2.88,1.5,2,2.0048,5.07916,4.04792,6.10179,7.39519,6.18468,7.37087,5.07916,4.04792,4.70793,4.16453,0.00135025,2,-0.666666,-0.0914499
5.56926,5.9943,2.81333,1.5,2,2.00604,4.98918,4.07396,6.00127,7.42444,6.18468,7.37087,4.98918,4.07396,5.32783,3.97205,0.00603557,1,0.666666,0.0464376
5.47375,6.02386,2.87466,1.5,2,2.00934,4.90999,4.09523,5.89198,7.45465,5.89198,7.45465,4.90999,4.09523,5.25048,3.99965,0.00933886,2,0.666666,0.0324827
5.37648,6.047,2.94133,1.5,2,2.00563,4.80771,4.12371,5.80026,7.48002,5.89198,7.45465,4.80771,4.12371,4.37537,4.2757,0.00563145,1,-0.666666,-0.0364384
5.27906,6.06951,2.88133,1.5,2,1.99976,4.69733,4.15624,5.71549,7.50487,5.71549,7.50487,4.69733,4.15624,4.33695,4.29108,-0.00023973,2,-0.666666,-0.0576615
5.18336,6.09845,2.81466,1.5,2,1.99796,4.34747,4.28374,5.81177,7.46271,5.71549,7.50487,4.34747,4.28374,4.84291,4.11339,-0.00372481,2,-0.666666,-0.0347467
5.0898,6.13369,2.748,1.5,2,1.99797,4.35587,4.27541,5.64155,7.53072,5.71549,7.50487,4.35587,4.27541,4.68595,4.1578,-0.002033,1,0.666666,0.0167704
4.99642,6.16943,2.80933,1.5,2,2.00098,4.37684,4.26679,5.46057,7.59478,5.46057,7.59478,4.37684,4.26679,4.71134,4.15053,0.000977039,2,0.666666,0.0295488
4.90087,6.19887,2.876,1.5,2,2.00225,4.34167,4.2763,5.31918,7.63703,5.46057,7.59478,4.34167,4.2763,3.96838,4.38582,0.00224757,1,0.666666,0.0126374
4.80358,6.22189,2.94266,1.5,2,1.99837,4.23942,4.3048,5.2275,7.66244,5.2275,7.66244,4.23942,4.3048,3.86705,4.41498,-0.00163126,2,-0.666666,-0.0382524
4.70616,6.24439,2.88133,1.5,2,1.99239,4.12657,4.33817,5.14473,7.6868,5.2275,7.66244,4.12657,4.33817,3.7578,4.45417,-0.0108432,2,-0.666666,-0.090476
4.61046,6.27333,2.81466,1.5,2,1.99346,4.03656,4.36426,5.04418,7.71608,5.2275,7.66244,4.03656,4.36426,3.66499,4.47489,-0.00653934,1,0.666666,0.0423455
4.51494,6.30288,2.87466,1.5,2,1.99668,3.95474,4.3864,4.93673,7.74583,4.93673,7.74583,3.95474,4.3864,4.29308,4.29131,-0.00332475,2,0.666666,0.0319926
4.41768,6.32602,2.94133,1.5,2,1.99294,3.85251,4.4149,4.84506,7.77121,4.93673,7.74583,3.85251,4.4149,4.18945,4.31486,-0.00705719,1,-0.666666,-0.0366767
4.32029,6.34866,2.88,1.5,2,1.98715,3.73969,4.44822,4.76231,7.79549,4.76231,7.79549,3.73969,4.44822,4.07493,4.34698,-0.0128459,2,-0.666666,-0.0563888
4.22463,6.37772,2.81333,1.5,2,1.98839,3.64965,4.47428,4.66174,7.82475,4.76231,7.79549,3.64965,4.47428,3.98532,4.37326,-0.0116107,1,-0.666666,0.0123298
4.13111,6.41309,2.74666,1.5,2,1.99682,3.55971,4.49977,4.56125,7.85341,4.56125,7.85341,3.55971,4.49977,3.89713,4.39944,-0.00317931,2,0.666666,0.0828973
4.03783,6.44907,2.80666,1.5,2,2.00742,3.47811,4.52126,4.454,7.88246,4.56125,7.85341,3.47811,4.52126,3.81839,4.42585,0.00741911,1,0.666666,0.10476
3.94236,6.47877,2.87333,1.5,2,2.01166,3.44308,4.53005,4.31175,7.92054,4.31175,7.92054,3.44308,4.53005,3.06654,4.63185,0.0116644,2,0.666666,0.04232
3.84512,6.50204,2.94,1.5,2,2.01366,3.2715,4.57181,4.26853,7.9268,4.31175,7.92054,3.2715,4.57181,3.61256,4.4768,0.00672647,2,-0.666666,-0.048678
3.74777,6.52481,2.87866,1.5,2,2.00795,3.15852,4.60526,4.18562,7.95116,4.31175,7.92054,3.15852,4.60526,3.49794,4.50901,0.0079515,1,0.666666,0.0120775
3.65053,6.54807,2.94,1.5,2,2.00413,3.07962,4.62698,4.07665,7.98197,4.07665,7.98197,3.07962,4.62698,3.41911,4.53277,0.00412679,2,-0.666666,-0.0379815
3.55317,6.57083,2.87866,1.5,2,1.99852,2.9667,4.6603,3.99379,8.00621,4.07665,7.98197,2.9667,4.6603,3.30379,4.55861,-0.001477,1,-0.666666,-0.0552343
3.45755,6.60002,2.812,1.5,2,1.9999,2.87669,4.68633,3.89324,8.03545,3.89324,8.03545,2.87669,4.68633,3.21423,4.58484,-9.5129e-05,2,0.666666,0.0135086
3.36211,6.62983,2.872,1.5,2,2.00349,2.82849,4.69871,3.7607,8.07229,3.89324,8.03545,2.82849,4.69871,2.45521,4.80663,0.00349164,1,0.666666,0.0353444
3.26491,6.65323,2.93866,1.5,2,2.00008,2.6926,4.73678,3.6941,8.09044,3.6941,8.09044,2.6926,4.73678,3.03062,4.63667,8.4877e-05,2,-0.666666,-0.0338587
3.16758,6.67613,2.87733,1.5,2,1.99466,2.5797,4.77007,3.61125,8.1146,3.6941,8.09044,2.5797,4.77007,2.91608,4.66871,-0.00533962,1,-0.666666,-0.0537795
3.072,6.70545,2.81066,1.5,2,1.9962,2.48967,4.79608,3.51069,8.14384,3.51069,8.14384,2.48967,4.79608,2.82652,4.69491,-0.0038048,2,0.666666,0.0150038
2.9766,6.73538,2.87066,1.5,2,1.99703,2.40864,4.82082,3.40405,8.17629,3.51069,8.14384,2.40864,4.82082,2.7465,4.72308,-0.00297165,1,0.666666,0.00822746
2.87943,6.75892,2.93733,1.5,2,1.99369,2.3064,4.84935,3.31237,8.20167,3.31237,8.20167,2.3064,4.84935,2.64292,4.74665,-0.00630653,2,-0.666666,-0.0326149
2.78208,6.78169,2.87866,1.5,2,1.98819,2.19863,4.88104,3.22572,8.22695,3.31237,8.20167,2.19863,4.88104,2.53363,4.77699,-0.011813,1,-0.666666,-0.0552131
2.68645,6.81088,2.812,1.5,2,1.98961,2.10858,4.90704,3.12513,8.25616,3.12513,8.25616,2.10858,4.90704,2.44404,4.80318,-0.0103859,2,-0.666666,0.0140513
2.59298,6.84638,2.74533,1.5,2,1.9983,2.0521,4.92267,2.99945,8.29202,3.12513,8.25616,2.0521,4.92267,1.6804,5.03226,-0.00169945,1,0.666666,0.0865456
2.49975,6.88248,2.80533,1.5,2,2.00909,1.93699,4.95381,2.91736,8.3137,2.91736,8.3137,1.93699,4.95381,2.2775,4.85859,0.00909495,2,0.666666,0.106596
2.40432,6.91231,2.872,1.5,2,2.013,1.86817,4.97202,2.80037,8.3456,2.91736,8.3137,1.86817,4.97202,1.49321,5.08065,0.0129974,1,0.666666,0.0386745
2.30711,6.93571,2.93866,1.5,2,2.00953,1.7321,5.0102,2.7336,8.36386,2.7336,8.36386,1.7321,5.0102,2.07169,4.90942,0.00952768,2,-0.666666,-0.0341339
2.20979,6.9586,2.87733,1.5,2,2.00404,1.61914,5.04358,2.65069,8.38811,2.7336,8.36386,1.61914,5.04358,1.95707,4.94155,0.0040431,1,-0.666666,-0.0538839
2.1142,6.98792,2.81066,1.5,2,2.00552,1.52915,5.06963,2.55017,8.41739,2.55017,8.41739,1.52915,5.06963,1.86756,4.96779,0.00552416,2,0.666666,0.0144867
2.01884,7.01798,2.86933,1.5,2,2.00933,1.47851,5.08266,2.41971,8.45374,2.55017,8.41739,1.47851,5.08266,1.81926,4.9823,0.00932789,1,0.666666,0.0378824
1.9217,7.04164,2.936,1.5,2,2.00824,1.44335,5.09121,2.27703,8.49047,2.27703,8.49047,1.44335,5.09121,1.06962,5.19586,0.00823522,2,0.666666,-0.0108781
1.8232,7.05878,3.00266,1.5,2,2.00293,1.23893,5.14296,2.25991,8.49074,2.27703,8.49047,1.23893,5.14296,1.57801,5.05033,-0.00189855,2,-0.666666,-0.0998478
1.72459,7.07527,2.94266,1.5,2,1.99041,1.12944,5.17592,2.17597,8.5158,2.27703,8.49047,1.12944,5.17592,1.46515,5.07712,-0.00958931,1,-0.666666,-0.0747548
1.62729,7.09829,2.876,1.5,2,1.98481,1.03978,5.20242,2.07579,8.54558,2.07579,8.54558,1.03978,5.20242,1.37446,5.10185,-0.0151852,2,-0.666666,-0.0543826
1.53174,7.12773,2.80933,1.5,2,1.98654,0.949698,5.22838,1.97518,8.57478,2.07579,8.54558,0.949698,5.22838,1.28488,5.12797,-0.0134622,1,-0.666666,0.0171784
1.43837,7.16348,2.74266,1.5,2,1.99553,0.893113,5.24388,1.84945,8.61069,1.84945,8.61069,0.893113,5.24388,0.52165,5.35316,-0.00446534,2,0.666666,0.0891704
1.34532,7.20006,2.8,1.5,2,2.00694,0.806558,5.26679,1.74614,8.63832,1.84945,8.61069,0.806558,5.26679,1.14755,5.17291,0.00199332,2,0.666666,0.0651309
1.25005,7.2304,2.86666,1.5,2,2.01142,0.703991,5.29452,1.65417,8.66307,1.84945,8.61069,0.703991,5.29452,0.330936,5.40709,0.0114207,1,0.666666,0.0931768
1.15298,7.25432,2.93333,1.5,2,2.00863,0.567966,5.33277,1.58733,8.68103,1.58733,8.68103,0.567966,5.33277,0.907126,5.2324,0.0086298,2,-0.666666,-0.0275121
1.05574,7.27761,2.87333,1.5,2,2.00048,0.392237,5.39037,1.5531,8.69225,1.58733,8.68103,0.392237,5.39037,0.72661,5.28308,0.000475407,1,-0.666666,-0.0808213
0.960275,7.3073,2.80666,1.5,2,2.00097,0.3689,5.39572,1.4033,8.73937,1.4033,8.73937,0.3689,5.39572,0.705749,5.28974,0.00097084,2,0.666666,0.00479606
0.865039,7.33774,2.86533,1.5,2,2.00522,0.318086,5.40856,1.27276,8.77584,1.4033,8.73937,0.318086,5.40856,-0.0560346,5.5166,0.00522423,1,0.666666,0.0426839
0.767993,7.36179,2.932,1.5,2,2.0026,0.182186,5.44679,1.20602,8.7937,1.20602,8.7937,0.182186,5.44679,0.519691,5.34219,0.00259972,2,-0.666666,-0.0254341
0.670763,7.38509,2.87333,1.5,2,1.99764,0.0743697,5.47855,1.11929,8.81893,1.20602,8.7937,0.0743697,5.47855,0.41103,5.37714,-0.00235653,1,-0.666666,-0.0496597
0.575295,7.41479,2.80666,1.5,2,1.99955,-0.0156613,5.50456,1.01874,8.84821,1.01874,8.84821,-0.0156613,5.50456,0.321534,5.40329,-0.000447035,2,0.666666,0.0188926
0.48002,7.44511,2.86666,1.5,2,2.00369,-0.0639446,5.51666,0.886239,8.88522,1.01874,8.84821,-0.0639446,5.51666,-0.437687,5.6246,0.00369453,1,0.666666,0.0394216
0.382943,7.46903,2.93333,1.5,2,2.00092,-0.199822,5.55485,0.819547,8.90312,0.819547,8.90312,-0.199822,5.55485,0.138043,5.45493,0.000920057,2,-0.666666,-0.0272013
0.285596,7.49184,2.87866,1.5,2,1.99545,-0.299977,5.58424,0.727113,8.93015,0.819547,8.90312,-0.299977,5.58424,0.0366023,5.48275,-0.00455141,1,-0.666666,-0.0547966
0.18997,7.52103,2.812,1.5,2,1.99684,-0.390002,5.61026,0.626554,8.95939,0.626554,8.95939,-0.390002,5.61026,-0.0529657,5.50897,-0.00315726,2,0.666666,0.0139544
0.0946101,7.55107,2.86933,1.5,2,2.00066,-0.443393,5.62411,0.497804,8.99519,0.626554,8.95939,-0.443393,5.62411,-0.815707,5.73318,0.000656128,1,0.666666,0.0376652
-0.00253114,7.57474,2.936,1.5,2,1.99609,-0.578795,5.66364,0.431642,9.01461,0.431642,9.01461,-0.578795,5.66364,-0.241773,5.56239,-0.00391006,2,-0.666666,-0.046233
-0.0998246,7.59777,2.876,1.5,2,1.99085,-0.689122,5.69613,0.346887,9.03929,0.431642,9.01461,-0.689122,5.69613,-0.353643,5.59355,-0.00914752,1,-0.666666,-0.0515877
-0.195372,7.62721,2.80933,1.5,2,1.99253,-0.779173,5.72213,0.246311,9.06853,0.246311,9.06853,-0.779173,5.72213,-0.443191,5.61972,-0.00747287,2,-0.666666,0.0165545
-0.288746,7.66295,2.74266,1.5,2,2.00147,-0.835624,5.73765,0.120712,9.10447,0.246311,9.06853,-0.835624,5.73765,-1.20809,5.84745,0.00146604,1,0.666666,0.0885061
-0.381886,7.69931,2.80266,1.5,2,2.0126,-0.950779,5.76878,0.0385502,9.12605,0.0385502,9.12605,-0.950779,5.76878,-0.609817,5.67342,0.0126021,2,0.666666,0.108188
-0.477235,7.72939,2.86933,1.5,2,2.01672,-1.01956,5.78695,-0.0783613,9.15803,0.0385502,9.12605,-1.01956,5.78695,-1.3954,5.89583,0.0167227,1,0.666666,0.040744
-0.574376,7.75305,2.936,1.5,2,2.01356,-1.15568,5.82523,-0.145245,9.1762,-0.145245,9.1762,-1.15568,5.82523,-0.815568,5.7243,0.0135558,2,0.666666,-0.0315688
-0.672878,7.77019,3.00266,1.5,2,2.00321,-1.25723,5.8541,-0.236253,9.20188,-0.145245,9.1762,-1.25723,5.8541,-0.918982,5.75425,0.00321126,1,-0.666666,-0.102765
-0.771489,7.78668,2.94266,1.5,2,1.99066,-1.36671,5.88709,-0.320187,9.22697,-0.320187,9.22697,-1.36671,5.88709,-1.0319,5.78105,-0.00933886,2,-0.666666,-0.124059
-0.868786,7.8097,2.876,1.5,2,1.98501,-1.45635,5.91364,-0.420346,9.2568,-0.320187,9.22697,-1.45635,5.91364,-1.12166,5.81292,-0.0149888,1,-0.666666,-0.0550974
-0.964334,7.83914,2.80933,1.5,2,1.98696,-1.51326,5.92951,-0.546333,9.2933,-0.546333,9.2933,-1.51326,5.92951,-1.17685,5.82978,-0.013045,2,-0.666666,0.0186993
-1.05771,7.87488,2.74266,1.5,2,1.99968,-1.6041,5.9513,-0.647763,9.31811,-0.546333,9.2933,-1.6041,5.9513,-1.2648,5.85611,-0.000316381,1,0.666666,0.125769
-1.15067,7.9117,2.79733,1.5,2,2.01126,-1.69576,5.97571,-0.747189,9.34472,-0.747189,9.34472,-1.69576,5.97571,-1.35378,5.88564,0.011256,2,0.666666,0.115741
-1.24585,7.94229,2.864,1.5,2,2.01602,-1.79834,6.00345,-0.839174,9.36946,-0.747189,9.34472,-1.79834,6.00345,-1.45635,5.90713,0.0160189,1,0.666666,0.0479671
-1.34287,7.96647,2.93066,1.5,2,2.01351,-1.93443,6.04182,-0.906138,9.38736,-0.906138,9.38736,-1.93443,6.04182,-1.59461,5.94118,0.0135052,2,0.666666,-0.0249719
-1.44128,7.98413,2.99733,1.5,2,2.00368,-2.00249,6.06065,-1.02217,9.42055,-0.906138,9.38736,-2.00249,6.06065,-2.37567,6.17112,0.00368214,1,-0.666666,-0.0973368
-1.5398,8.00115,2.93733,1.5,2,1.9917,-2.14546,6.10377,-1.08114,9.43803,-1.08114,9.43803,-2.14546,6.10377,-1.81077,5.99795,-0.00830185,2,-0.666666,-0.118174
-1.63697,8.02468,2.87066,1.5,2,1.98669,-2.20199,6.12004,-1.20658,9.4755,-1.08114,9.43803,-2.20199,6.12004,-1.86619,6.02008,-0.0133129,1,-0.666666,-0.0484882
-1.73236,8.05464,2.804,1.5,2,1.98899,-2.32526,6.15607,-1.28194,9.49695,-1.28194,9.49695,-2.32526,6.15607,-1.98996,6.05562,-0.0110091,2,-0.666666,0.0228778
-1.82554,8.09088,2.73733,1.5,2,1.99847,-2.38185,6.1714,-1.40757,9.53306,-1.28194,9.49695,-2.38185,6.1714,-2.04347,6.07254,-0.0015291,1,0.666666,0.0934908
-1.91844,8.12784,2.796,1.5,2,2.0103,-2.46585,6.19351,-1.51279,9.56125,-1.51279,9.56125,-2.46585,6.19351,-2.12452,6.09946,0.0103004,2,0.666666,0.118657
-2.01359,8.15856,2.86266,1.5,2,2.01696,-2.56892,6.21955,-1.60526,9.58428,-1.51279,9.56125,-2.56892,6.21955,-2.22708,6.12098,0.0169618,1,0.666666,0.0654303
-2.11057,8.18287,2.92933,1.5,2,2.01457,-2.67133,6.24791,-1.6971,9.60959,-1.6971,9.60959,-2.67133,6.24791,-2.33009,6.14956,0.0145724,2,0.666666,-0.02248
-2.20895,8.20066,2.996,1.5,2,2.00489,-2.77308,6.27677,-1.78827,9.63536,-1.6971,9.60959,-2.77308,6.27677,-3.1466,6.38728,0.00489259,1,-0.666666,-0.0967203
-2.30752,8.21745,2.94,1.5,2,1.99273,-2.90843,6.31747,-1.853,9.65455,-1.853,9.65455,-2.90843,6.31747,-2.57342,6.21148,-0.00726545,2,-0.666666,-0.121715
-2.40475,8.24072,2.87333,1.5,2,1.98745,-2.9981,6.34391,-1.95318,9.68429,-1.853,9.65455,-2.9981,6.34391,-2.66314,6.24321,-0.0125521,1,-0.666666,-0.0520352
-2.50022,8.27042,2.80666,1.5,2,1.98941,-3.08818,6.36988,-2.05378,9.71353,-2.05378,9.71353,-3.08818,6.36988,-2.75267,6.26932,-0.010591,2,-0.666666,0.0198718
-2.5935,8.30641,2.74,1.5,2,1.99863,-3.14473,6.3853,-2.17942,9.74955,-2.05378,9.71353,-3.14473,6.3853,-2.80618,6.28629,-0.00136817,1,0.666666,0.0907788
-2.68654,8.34301,2.8,1.5,2,2.01008,-3.22615,6.40672,-2.28657,9.77825,-2.28657,9.77825,-3.22615,6.40672,-2.88463,6.31257,0.010076,2,0.666666,0.113512
-2.78181,8.37334,2.86666,1.5,2,2.01453,-3.32872,6.43448,-2.37853,9.80303,-2.28657,9.77825,-3.32872,6.43448,-2.98725,6.33398,0.0145268,1,0.666666,0.0439001
-2.87889,8.39727,2.93333,1.5,2,2.0117,-3.46479,6.47278,-2.44542,9.82104,-2.44542,9.82104,-3.46479,6.47278,-3.12513,6.37214,0.0117006,2,0.666666,-0.0276578
-2.97734,8.41467,3,1.5,2,2.00444,-3.4661,6.47073,-2.61267,9.86509,-2.44542,9.82104,-3.4661,6.47073,-3.1246,6.36679,0.00443959,1,-0.666666,-0.0714374
-3.07593,8.4313,2.94133,1.5,2,1.99604,-3.50708,6.48238,-2.75107,9.89976,-2.75107,9.89976,-3.50708,6.48238,-3.16463,6.3786,-0.00395596,2,-0.666666,-0.0829825
-3.1732,8.45445,2.87466,1.5,2,2.00169,-3.49647,6.47903,-2.93122,9.93309,-2.75107,9.89976,-3.49647,6.47903,-3.14751,6.36956,0.00168824,1,0.666666,0.0560686
-3.27031,8.47822,2.93466,1.5,2,2.01392,-3.4758,6.47482,-3.11868,9.95655,-2.75107,9.89976,-3.4758,6.47482,-3.11733,6.36662,0.0139151,1,0.666666,0.120052
-3.36879,8.49549,3.00133,1.5,2,2.02861,-3.47625,6.46973,-3.29085,9.96482,-2.75107,9.89976,-3.47625,6.46973,-3.10717,6.35341,0.0286102,1,0.666666,0.140514
-3.4682,8.50616,3.068,1.5,2,2.03365,-3.51139,6.47297,-3.43706,9.97218,-2.75107,9.89976,-3.51139,6.47297,-3.13708,6.36307,0.0336516,1,0.666666,0.0499756
-3.5681,8.51019,3.13466,1.5,2,2.04584,-3.51088,6.46515,-3.60878,9.96378,-2.75107,9.89976,-3.51088,6.46515,-3.12415,6.34795,0.0458395,1,0.666666,0.122742
-3.66805,8.50755,-3.08186,1.5,2,2.04483,-3.51037,6.46881,-3.78026,9.95839,-2.75107,9.89976,-3.51037,6.46881,-3.10809,6.3302,0.044827,1,0.666666,-0.00993205
-3.7676,8.49825,-3.01519,1.5,2,2.03992,-3.54579,6.47043,-3.92636,9.94968,-2.75107,9.89976,-3.54579,6.47043,-3.14003,6.34407,0.0399203,1,0.666666,-0.0498
-3.86631,8.48235,-2.94852,1.5,2,2.04747,-3.54382,6.46043,-4.09508,9.91675,-2.75107,9.89976,-3.54382,6.46043,-3.12072,6.3246,0.0474741,1,0.666666,0.0747251
-3.96374,8.45991,-2.88186,1.5,2,2.0364,-3.5793,6.46012,-4.24004,9.89719,-2.75107,9.89976,-3.5793,6.46012,-3.14562,6.31542,0.0364025,1,-0.666666,-0.10965
-4.06102,8.43683,-2.94186,1.5,2,2.04457,-3.58567,6.44828,-4.3994,9.85238,-2.75107,9.89976,-3.58567,6.44828,-3.13301,6.29684,0.0445733,1,0.666666,0.080678
-4.15842,8.41425,-2.88052,1.5,2,2.05936,-3.55776,6.44443,-4.57861,9.79225,-2.75107,9.89976,-3.55776,6.44443,-3.07673,6.28747,0.0593576,1,0.666666,0.143466
-4.2541,8.38524,-2.81386,1.5,2,2.04697,-3.59518,6.44722,-4.72183,9.76093,-2.75107,9.89976,-3.59518,6.44722,-3.09196,6.26938,0.0469708,1,-0.666666,-0.122414
-4.34955,8.35548,-2.87252,1.5,2,2.04754,-3.6019,6.44932,-4.87991,9.70765,-2.75107,9.89976,-3.6019,6.44932,-3.06182,6.2472,0.0475392,1,0.666666,0.00562587
-4.44522,8.32645,-2.81386,1.5,2,2.06702,-3.57893,6.44972,-5.04578,9.62751,-2.75107,9.89976,-3.57893,6.44972,-2.993,6.23524,0.0670228,1,0.666666,0.194621
-4.53876,8.29113,-2.74719,1.5,2,2.06572,-3.61389,6.44401,-5.18091,9.57362,-2.75107,9.89976,-3.61389,6.44401,-3.02167,6.24818,0.0657222,1,0.666666,-0.0128355
-4.62973,8.24965,-2.68052,1.5,2,2.07994,-3.63991,6.42034,-5.30552,9.49861,-2.75107,9.89976,-3.63991,6.42034,-3.85566,5.78219,0.0799375,1,0.666666,0.138525
-4.71774,8.20221,-2.61386,1.5,2,2.09525,-3.63119,6.41071,-5.44622,9.40332,-2.75107,9.89976,-3.63119,6.41071,-3.84901,5.84575,0.0952451,1,0.666666,0.147745
-4.80239,8.14901,-2.54719,1.5,2,2.08242,-3.63621,6.42376,-5.59626,9.32346,-2.75107,9.89976,-3.63621,6.42376,-3.84448,5.89849,0.0824182,1,0.666666,-0.127272
-4.88331,8.09029,-2.48052,1.5,2,2.091,-3.65791,6.39599,-5.70905,9.23198,-2.75107,9.89976,-3.65791,6.39599,-3.86483,5.89379,0.0909963,1,0.666666,0.0848716
-4.96014,8.02631,-2.41386,1.5,2,2.0873,-3.65519,6.39723,-5.84335,9.12889,-2.75107,9.89976,-3.65519,6.39723,-3.8477,5.90706,0.0872951,1,0.666666,-0.0370192
-5.03254,7.95735,-2.34719,1.5,2,2.0784,-3.68229,6.3773,-5.95609,9.03809,-2.75107,9.89976,-3.68229,6.3773,-3.86838,5.90104,0.0784037,1,0.666666,-0.0900015
-5.10018,7.88373,-2.28052,1.5,2,2.09158,-3.69156,6.3376,-6.04871,8.92485,-2.75107,9.89976,-3.69156,6.3376,-3.88857,5.89376,0.0915787,1,0.666666,0.129803
-5.16277,7.80576,-2.21386,1.5,2,2.06128,-3.67614,6.3779,-6.2004,8.80237,-2.75107,9.89976,-3.67614,6.3779,-3.86576,5.96407,0.0612769,1,-0.666666,-0.299174
-5.22495,7.72746,-2.27519,1.5,2,2.05535,-3.70617,6.34262,-6.29245,8.70083,-2.75107,9.89976,-3.70617,6.34262,-3.88979,5.93237,0.0553534,1,0.666666,-0.0571225
-5.28782,7.64972,-2.21786,1.5,2,2.05397,-3.69325,6.35506,-6.41042,8.56119,-2.75107,9.89976,-3.69325,6.35506,-3.86824,5.95349,0.0539706,1,0.666666,-0.0138521
-5.3454,7.56799,-2.15119,1.5,2,2.05415,-3.71039,6.3245,-6.49624,8.44324,-2.75107,9.89976,-3.71039,6.3245,-3.87648,5.92195,0.0541465,1,0.666666,0.00170407
-5.39741,7.4826,-2.08452,1.5,2,2.04411,-3.71148,6.32672,-6.59819,8.30585,-2.75107,9.89976,-3.71148,6.32672,-3.87683,5.93877,0.0441148,1,0.666666,-0.101718
-5.44361,7.39393,-2.01786,1.5,2,2.04291,-3.72284,6.29283,-6.67094,8.17929,-2.75107,9.89976,-3.72284,6.29283,-3.89459,5.91805,0.0429127,1,0.666666,-0.0118144
-5.48381,7.30239,-1.95119,1.5,2,2.02507,-3.70914,6.32695,-6.77636,8.01283,-2.75107,9.89976,-3.70914,6.32695,-3.87654,5.9635,0.025074,1,-0.666666,-0.17126
-5.52306,7.21043,-2.00719,1.5,2,2.017,-3.72596,6.29462,-6.84438,7.88378,-6.84438,7.88378,-3.72596,6.29462,-3.89414,5.93761,0.0170047,2,-0.666666,-0.0790715
-5.56832,7.12128,-2.07386,1.5,2,2.02062,-3.7344,6.27298,-6.91102,7.74236,-6.84438,7.88378,-3.7344,6.27298,-3.89446,5.91302,0.013481,2,-0.666666,-0.0351762
-5.61942,7.03534,-2.14052,1.5,2,2.03302,-3.75705,6.22002,-6.96326,7.62366,-6.84438,7.88378,-3.75705,6.22002,-3.9174,5.85931,0.0330172,1,0.666666,0.192679
-5.67139,6.94993,-2.08452,1.5,2,2.04798,-3.79234,6.13545,-7.00364,7.5274,-7.00364,7.5274,-3.79234,6.13545,-3.95226,5.77129,0.0479755,2,0.666666,0.151374
-5.71759,6.86126,-2.01786,1.5,2,2.05625,-3.83353,6.03756,-7.04044,7.43961,-7.00364,7.5274,-3.83353,6.03756,-3.99401,5.67159,0.051669,2,0.666666,0.0366809
-5.75779,6.76972,-1.95119,1.5,2,2.05695,-3.87569,5.9398,-7.07817,7.35194,-7.00364,7.5274,-3.87569,5.9398,-4.04135,5.57698,0.0569544,1,0.666666,0.0523236
-5.79179,6.6757,-1.88452,1.5,2,2.05065,-3.9329,5.80985,-7.10561,7.28765,-7.10561,7.28765,-3.9329,5.80985,-3.78111,6.13786,0.0506508,2,0.666666,-0.0620744
-5.81946,6.57962,-1.81786,1.5,2,2.03679,-3.97585,5.71382,-7.1439,7.2016,-7.10561,7.28765,-3.97585,5.71382,-3.82554,6.03954,0.0367899,1,-0.666666,-0.136118
-5.84638,6.48333,-1.87652,1.5,2,2.02083,-4.02268,5.6128,-7.18128,7.12053,-7.18128,7.12053,-4.02268,5.6128,-3.86682,5.93372,0.0208254,2,-0.666666,-0.15632
-5.87964,6.38904,-1.94319,1.5,2,2.01167,-4.06147,5.52817,-7.2248,7.02595,-7.18128,7.12053,-4.06147,5.52817,-3.91119,5.84918,0.0116718,1,-0.666666,-0.091074
-5.9191,6.29718,-2.00986,1.5,2,2.00993,-4.08517,5.47465,-7.27868,6.90696,-7.27868,6.90696,-4.08517,5.47465,-3.93517,5.79677,0.00993419,2,0.666666,-0.0172431
-5.95916,6.20557,-1.94986,1.5,2,2.01046,-4.11852,5.39687,-7.32288,6.80473,-7.27868,6.90696,-4.11852,5.39687,-3.97544,5.72131,0.010463,1,0.666666,0.00523595
-5.99304,6.1115,-1.88319,1.5,2,2.00797,-4.11717,5.39522,-7.38691,6.64374,-7.38691,6.64374,-4.11717,5.39522,-3.97013,5.72199,0.00797176,2,-0.666666,-0.0241824
-6.02607,6.01714,-1.94052,1.5,2,2.0073,-4.13024,5.35753,-7.43588,6.50764,-7.38691,6.64374,-4.13024,5.35753,-3.97781,5.68598,0.00730038,1,0.666666,-0.006459
-6.06015,5.92314,-1.88586,1.5,2,2.01209,-4.12651,5.36679,-7.49005,6.33456,-7.38691,6.64374,-4.12651,5.36679,-3.9763,5.70222,0.0120919,1,0.666666,0.0478869
-6.08795,5.8271,-1.81919,1.5,2,2.0269,-4.10707,5.39766,-7.52761,6.13921,-7.38691,6.64374,-4.10707,5.39766,-3.95034,5.74379,0.0269003,1,0.666666,0.145965
-6.10929,5.72942,-1.75252,1.5,2,2.01891,-4.12362,5.36454,-7.56599,5.9971,-7.38691,6.64374,-4.12362,5.36454,-3.95141,5.71389,0.0189133,1,-0.666666,-0.0797381
-6.12962,5.63153,-1.80852,1.5,2,2.02174,-4.13072,5.32848,-7.59118,5.85312,-7.38691,6.64374,-4.13072,5.32848,-3.95322,5.68393,0.0217412,1,0.666666,0.0286511
-6.15055,5.53376,-1.74852,1.5,2,2.03402,-4.12485,5.35001,-7.61054,5.6662,-7.38691,6.64374,-4.12485,5.35001,-3.94402,5.7197,0.0340209,1,0.666666,0.120884
-6.16494,5.43482,-1.68186,1.5,2,2.04565,-4.12281,5.31481,-7.61678,5.52015,-7.38691,6.64374,-4.12281,5.31481,-3.95851,5.69154,0.0456517,1,0.666666,0.115529
-6.1727,5.33514,-1.61519,1.5,2,2.05225,-4.12054,5.31567,-7.62039,5.34888,-7.38691,6.64374,-4.12054,5.31567,-3.93654,5.70759,0.0522542,1,0.666666,0.0653084
-6.17381,5.23517,-1.54852,1.5,2,2.04962,-4.12581,5.31656,-7.62305,5.17757,-7.38691,6.64374,-4.12581,5.31656,-3.91087,5.72758,0.0496204,1,0.666666,-0.0255286
-6.16825,5.13534,-1.48186,1.5,2,2.06225,-4.11415,5.31851,-7.60032,5.00764,-7.38691,6.64374,-4.11415,5.31851,-3.8811,5.75228,0.0622511,1,0.666666,0.123739
-6.15606,5.03611,-1.41519,1.5,2,2.05343,-4.11757,5.28335,-7.59211,4.86193,-7.38691,6.64374,-4.11757,5.28335,-3.90212,5.72157,0.0534251,1,0.666666,-0.0887703
-6.13728,4.9379,-1.34852,1.5,2,2.0517,-4.10938,5.24949,-7.56878,4.71795,-7.38691,6.64374,-4.10938,5.24949,-3.89181,5.69949,0.0517006,1,0.666666,-0.0170599
-6.112,4.84117,-1.28186,1.5,2,2.04906,-4.10447,5.25161,-7.53354,4.55054,-7.38691,6.64374,-4.10447,5.25161,-3.85579,5.73241,0.0490582,1,0.666666,-0.0255844
-6.08033,4.74634,-1.21519,1.5,2,2.05864,-4.08615,5.25741,-7.47658,4.3885,-7.38691,6.64374,-4.08615,5.25741,-3.81374,5.7733,0.0586362,1,0.666666,0.0924112
-6.04242,4.65382,-1.14852,1.5,2,2.03704,-4.08621,5.22194,-7.44733,4.24581,-7.38691,6.64374,-4.08621,5.22194,-3.79571,5.75906,0.0370405,1,-0.666666,-0.215074
-6.00356,4.5617,-1.20452,1.5,2,2.01953,-4.09389,5.21872,-7.40349,4.08005,-7.38691,6.64374,-4.09389,5.21872,-3.56936,4.90319,0.0195308,1,-0.666666,-0.175084
-5.97088,4.46721,-1.27119,1.5,2,2.02737,-4.09335,5.23212,-7.33468,3.9116,-7.38691,6.64374,-4.09335,5.23212,-3.60028,4.93514,0.0273697,1,0.666666,0.0781657
-5.93894,4.37247,-1.21252,1.5,2,2.03784,-4.08499,5.21843,-7.26917,3.76548,-7.38691,6.64374,-4.08499,5.21843,-3.54321,4.94884,0.0378361,1,0.666666,0.104881
-5.90078,4.28005,-1.14586,1.5,2,2.03725,-4.09121,5.21593,-7.20005,3.6081,-7.38691,6.64374,-4.09121,5.21593,-3.58999,4.95784,0.0372541,1,0.666666,-0.00575723
-5.85655,4.19039,-1.07919,1.5,2,2.06945,-4.0495,5.19894,-7.10571,3.4932,-7.38691,6.64374,-4.0495,5.19894,-3.5845,4.93594,0.0694509,1,0.666666,0.317653
-5.80644,4.10387,-1.01252,1.5,2,2.05681,-4.08119,5.22368,-7.01699,3.31814,-7.38691,6.64374,-4.08119,5.22368,-3.66234,4.96956,0.0568123,1,0.666666,-0.125001
-5.75068,4.02088,-0.945857,1.5,2,2.05167,-4.06609,5.19198,-6.9399,3.19417,-7.38691,6.64374,-4.06609,5.19198,-3.65095,4.94724,0.0516655,1,0.666666,-0.0499095
-5.68952,3.94179,-0.879191,1.5,2,2.05621,-4.03931,5.1685,-6.84823,3.08044,-7.38691,6.64374,-4.03931,5.1685,-3.61803,4.93543,0.0562141,1,0.666666,0.045486
-5.62322,3.86695,-0.812524,1.5,2,2.04474,-4.04422,5.16607,-6.74701,2.94236,-7.38691,6.64374,-4.04422,5.16607,-3.64456,4.93884,0.0447447,1,-0.666666,-0.113497
-5.55635,3.79263,-0.871191,1.5,2,2.05693,-4.00595,5.14437,-6.64406,2.84428,-7.38691,6.64374,-4.00595,5.14437,-3.62352,4.91234,0.0569274,1,0.666666,0.121103
-5.48994,3.71788,-0.811191,1.5,2,2.05815,-4.02252,5.16103,-6.51795,2.70688,-7.38691,6.64374,-4.02252,5.16103,-3.64763,4.9383,0.0581498,1,0.666666,0.0121473
-5.41871,3.64772,-0.744524,1.5,2,2.05552,-4.02584,5.15937,-6.39752,2.58544,-7.38691,6.64374,-4.02584,5.15937,-3.66257,4.93971,0.0555239,1,0.666666,-0.0256889
-5.34297,3.58246,-0.677858,1.5,2,2.05564,-4.02607,5.16089,-6.26826,2.47341,-7.38691,6.64374,-4.02607,5.16089,-3.67485,4.94108,0.0556426,1,0.666666,0.00117788
-5.26304,3.52239,-0.611191,1.5,2,2.0521,-3.99911,5.13905,-6.15483,2.38172,-7.38691,6.64374,-3.99911,5.13905,-3.6455,4.92757,0.0520988,1,0.666666,-0.0339425
-5.17929,3.46778,-0.544524,1.5,2,2.048,-3.96976,5.12045,-6.03683,2.29606,-7.38691,6.64374,-3.96976,5.12045,-3.62469,4.90741,0.0480046,1,0.666666,-0.0410608
-5.09209,3.41886,-0.477858,1.5,2,2.03951,-3.97,5.12195,-5.89563,2.19928,-5.89563,2.19928,-3.97,5.12195,-3.63369,4.90921,0.0395079,2,0.666666,-0.0836005
-5.00183,3.37587,-0.411191,1.5,2,2.02871,-3.91002,5.08573,-5.79365,2.13582,-5.89563,2.19928,-3.91002,5.08573,-3.57716,4.87403,0.0224263,2,-0.666666,-0.172577
-4.91129,3.33346,-0.471191,1.5,2,2.01599,-3.81338,5.02426,-5.71948,2.08883,-5.89563,2.19928,-3.81338,5.02426,-3.48609,4.80943,0.0159864,1,-0.666666,-0.0638189
-4.82376,3.28513,-0.537858,1.5,2,2.01006,-3.73439,4.97439,-5.63125,2.03297,-5.63125,2.03297,-3.73439,4.97439,-3.40745,4.76116,0.010056,2,-0.666666,-0.0588474
-4.73965,3.23108,-0.604524,1.5,2,2.01154,-3.6548,4.92501,-5.5424,1.97764,-5.63125,2.03297,-3.6548,4.92501,-3.95401,5.11506,0.006548,2,-0.666666,-0.034797
-4.65933,3.17154,-0.671191,1.5,2,2.02029,-3.60504,4.89493,-5.43152,1.9093,-5.63125,2.03297,-3.60504,4.89493,-3.27327,4.68647,0.020294,1,0.666666,0.136175
-4.5794,3.11148,-0.611191,1.5,2,2.03117,-3.50247,4.83366,-5.35817,1.8661,-5.35817,1.8661,-3.50247,4.83366,-3.80776,5.01956,0.0311728,2,0.666666,0.104883
-4.49565,3.05687,-0.544524,1.5,2,2.03513,-3.44142,4.79766,-5.25447,1.80386,-5.35817,1.8661,-3.44142,4.79766,-3.10503,4.59056,0.0351286,1,0.666666,0.0389667
-4.40845,3.00796,-0.477858,1.5,2,2.03173,-3.32041,4.7238,-5.19474,1.76798,-5.19474,1.76798,-3.32041,4.7238,-3.62329,4.91485,0.0317345,2,0.666666,-0.0340148
-4.31818,2.96496,-0.411191,1.5,2,2.02116,-3.23044,4.66846,-5.11406,1.71855,-5.19474,1.76798,-3.23044,4.66846,-3.53177,4.85795,0.0211642,1,-0.666666,-0.104319
-4.22764,2.92256,-0.471191,1.5,2,2.00847,-3.13383,4.60705,-5.03993,1.67161,-5.03993,1.67161,-3.13383,4.60705,-3.43013,4.8016,0.00846672,2,-0.666666,-0.123967
-4.14012,2.87423,-0.537858,1.5,2,2.0043,-3.05387,4.55865,-4.95073,1.61723,-5.03993,1.67161,-3.05387,4.55865,-3.35242,4.74652,0.00429845,1,-0.666666,-0.04009
-4.05601,2.82017,-0.604524,1.5,2,2.0058,-2.97425,4.50927,-4.86185,1.5619,-4.86185,1.5619,-2.97425,4.50927,-3.27331,4.69708,0.00580215,2,0.666666,0.0150261
-3.97238,2.76536,-0.547191,1.5,2,2.00974,-2.92673,4.48166,-4.74776,1.4927,-4.86185,1.5619,-2.92673,4.48166,-2.59518,4.27614,0.00973797,1,0.666666,0.0386906
-3.88532,2.71622,-0.480524,1.5,2,2.0068,-2.80611,4.40813,-4.68832,1.45731,-4.68832,1.45731,-2.80611,4.40813,-3.10533,4.59628,0.00679851,2,-0.666666,-0.0297453
-3.79787,2.66775,-0.539191,1.5,2,2.00155,-2.71086,4.34842,-4.61164,1.40953,-4.68832,1.45731,-2.71086,4.34842,-3.00829,4.53752,0.00155401,1,-0.666666,-0.0520316
-3.71383,2.61358,-0.605858,1.5,2,2.00321,-2.63123,4.29905,-4.52275,1.3542,-4.52275,1.3542,-2.63123,4.29905,-2.92918,4.48812,0.00320506,2,0.666666,0.0163868
-3.63014,2.55887,-0.545858,1.5,2,2.00708,-2.58816,4.27428,-4.4052,1.2829,-4.52275,1.3542,-2.58816,4.27428,-2.88884,4.46263,0.00707626,1,0.666666,0.0382121
-3.54301,2.50984,-0.479191,1.5,2,2.004,-2.46757,4.20083,-4.34584,1.24751,-4.34584,1.24751,-2.46757,4.20083,-2.76645,4.38873,0.00399518,2,-0.666666,-0.0297499
-3.45544,2.4616,-0.536524,1.5,2,1.9985,-2.37457,4.14259,-4.26751,1.19865,-4.34584,1.24751,-2.37457,4.14259,-2.67168,4.33149,-0.00150299,1,-0.666666,-0.0546818
-3.37125,2.40766,-0.603191,1.5,2,1.99991,-2.29492,4.09323,-4.17859,1.14335,-4.17859,1.14335,-2.29492,4.09323,-2.59253,4.28206,-9.15527e-05,2,0.666666,0.0139058
-3.28749,2.35307,-0.544524,1.5,2,2.00399,-2.27947,4.08509,-4.03999,1.06009,-4.17859,1.14335,-2.27947,4.08509,-1.94658,3.88483,0.00399423,1,0.666666,0.0411061
-3.20029,2.30416,-0.477858,1.5,2,2.00444,-2.12687,3.99694,-4.0012,1.04112,-4.0012,1.04112,-2.12687,3.99694,-2.42745,4.18112,0.00443792,2,0.666666,0.00439878
-3.11003,2.26116,-0.411191,1.5,2,1.99405,-2.03688,3.9418,-3.9205,0.991893,-4.0012,1.04112,-2.03688,3.9418,-2.33595,4.12445,-0.00595498,1,-0.666666,-0.098776
-3.01927,2.2192,-0.465858,1.5,2,1.98111,-1.94923,3.88648,-3.83966,0.940924,-3.83966,0.940924,-1.94923,3.88648,-2.24354,4.0744,-0.0188878,2,-0.666666,-0.127214
-2.93149,2.17134,-0.532524,1.5,2,1.97469,-1.87015,3.83657,-3.7513,0.885074,-3.83966,0.940924,-1.87015,3.83657,-2.16406,4.02303,-0.0253052,1,-0.666666,-0.0637271
-2.8471,2.11774,-0.599191,1.5,2,1.97582,-1.7904,3.78725,-3.66225,0.829851,-3.66225,0.829851,-1.7904,3.78725,-2.08476,3.97361,-0.0241756,2,-0.666666,0.0113036
-2.76646,2.05863,-0.665858,1.5,2,1.98411,-1.71061,3.73847,-3.57314,0.7752,-3.66225,0.829851,-1.71061,3.73847,-2.00681,3.92465,-0.01589,1,0.666666,0.0820374
-2.68635,1.9988,-0.608524,1.5,2,1.99484,-1.63321,3.69299,-3.48098,0.720489,-3.48098,0.720489,-1.63321,3.69299,-1.93338,3.87509,-0.00515592,2,0.666666,0.10812
-2.60246,1.94441,-0.541858,1.5,2,1.99872,-1.57166,3.65681,-3.37672,0.658183,-3.48098,0.720489,-1.57166,3.65681,-1.24319,3.45158,-0.00127935,1,0.666666,0.0381865
-2.51513,1.89573,-0.475191,1.5,2,1.99521,-1.45115,3.58357,-3.31759,0.622756,-3.31759,0.622756,-1.45115,3.58357,-1.74894,3.77074,-0.0047884,2,-0.666666,-0.0346701
-2.42748,1.84762,-0.535191,1.5,2,1.98807,-1.35449,3.52126,-3.2435,0.574797,-3.31759,0.622756,-1.35449,3.52126,-1.64959,3.71049,-0.0119348,1,-0.666666,-0.0708402
-2.34323,1.79379,-0.601858,1.5,2,1.98939,-1.2748,3.47192,-3.15453,0.519521,-3.15453,0.519521,-1.2748,3.47192,-1.57039,3.66107,-0.0106134,2,-0.666666,0.012766
-2.26275,1.73446,-0.668524,1.5,2,1.99794,-1.19504,3.42317,-3.06546,0.46488,-3.15453,0.519521,-1.19504,3.42317,-1.49252,3.61212,-0.00206268,1,0.666666,0.0852812
-2.18273,1.67452,-0.609858,1.5,2,2.00875,-1.11997,3.3791,-2.9717,0.409073,-2.9717,0.409073,-1.11997,3.3791,-1.42151,3.56407,0.00875044,2,0.666666,0.106944
-2.09891,1.62002,-0.543191,1.5,2,2.01268,-1.05861,3.343,-2.86767,0.346778,-2.9717,0.409073,-1.05861,3.343,-0.72692,3.13722,0.0126796,1,0.666666,0.0392044
-2.01164,1.57122,-0.476524,1.5,2,2.00925,-0.937911,3.2695,-2.8083,0.311184,-2.8083,0.311184,-0.937911,3.2695,-1.23764,3.45816,0.00924516,2,-0.666666,-0.0339138
-1.92406,1.52299,-0.536524,1.5,2,2.00367,-0.840404,3.20833,-2.73334,0.264386,-2.8083,0.311184,-0.840404,3.20833,-1.13824,3.39781,0.00366592,1,-0.666666,-0.0530738
-1.83988,1.46905,-0.603191,1.5,2,2.00505,-0.760788,3.15895,-2.64445,0.209067,-2.64445,0.209067,-0.760788,3.15895,-1.05912,3.34836,0.00504565,2,0.666666,0.0136286
-1.75632,1.41415,-0.548524,1.5,2,2.00907,-0.708732,3.12847,-2.53374,0.141944,-2.64445,0.209067,-0.708732,3.12847,-0.380314,2.91958,0.00906706,1,0.666666,0.0404551
-1.66932,1.36489,-0.481858,1.5,2,2.00616,-0.501244,2.99592,-2.5391,0.150371,-2.5391,0.150371,-0.501244,2.99592,-0.7959,3.18715,0.00615621,2,-0.666666,-0.0285546
-1.58181,1.31652,-0.537858,1.5,2,1.99669,-0.470569,2.9754,-2.41847,0.0675385,-2.5391,0.150371,-0.470569,2.9754,-0.764286,3.1686,-0.00331342,1,-0.666666,-0.0781225
-1.4977,1.26247,-0.604524,1.5,2,1.99788,-0.420219,2.9449,-2.30781,-0.00247509,-2.30781,-0.00247509,-0.420219,2.9449,-0.71566,3.1378,-0.00211561,2,0.666666,0.0152292
-1.41401,1.20776,-0.545858,1.5,2,2.00173,-0.374807,2.91861,-2.19185,-0.0727794,-2.30781,-0.00247509,-0.374807,2.91861,-0.0446086,2.71401,0.00173378,1,0.666666,0.0386552
-1.32688,1.15873,-0.479191,1.5,2,1.99866,-0.2543,2.84522,-2.13257,-0.108106,-2.13257,-0.108106,-0.2543,2.84522,-0.550617,3.03689,-0.00133753,2,-0.666666,-0.0303962
-1.23943,1.11027,-0.539191,1.5,2,1.99343,-0.156838,2.78411,-2.05762,-0.154771,-2.13257,-0.108106,-0.156838,2.78411,-0.453097,2.97236,-0.00657284,1,-0.666666,-0.0515878
-1.15539,1.05611,-0.605858,1.5,2,1.9951,-0.077167,2.73476,-1.96869,-0.210096,-1.96869,-0.210096,-0.077167,2.73476,-0.373953,2.92298,-0.00489795,2,0.666666,0.0164304
-1.07177,1.00129,-0.547191,1.5,2,1.99911,-0.0316501,2.70851,-1.85268,-0.280452,-1.96869,-0.210096,-0.0316501,2.70851,0.29826,2.5042,-0.000887752,1,0.666666,0.03952
-0.984704,0.952144,-0.480524,1.5,2,1.99622,0.0888083,2.63514,-1.7934,-0.31568,-1.7934,-0.31568,0.0888083,2.63514,-0.20889,2.82215,-0.00378168,2,-0.666666,-0.0287231
-0.897256,0.903676,-0.539191,1.5,2,1.99102,0.184024,2.57549,-1.71675,-0.363391,-1.7934,-0.31568,0.184024,2.57549,-0.111897,2.76347,-0.00898397,1,-0.666666,-0.049402
