-4.09942e-19,1.55716e-36,-5.94365e-18,1.49925,2,2.00296,0.0349618,2.00266,-0.0261178,-1.49606,0,0,0.0349618,2.00266,-0.692921,2.01241,0.00296021,1,0.667
0.00446063,0.000186062,0.062698,1.49925,2,2.00279,0.0536664,2.00237,-0.0323055,-1.49583,0,0,0.0536664,2.00237,-0.675873,2.02267,0.00278664,1,0.667
0.018836,0.00162688,0.129398,1.49925,2,2.00138,0.0393117,2.0029,0.00351156,-1.49617,0,0,0.0393117,2.0029,0.804719,1.98794,0.00137639,1,-0.667
0.0431588,0.00407494,0.069368,1.49925,2,1.99848,0.113799,2.0013,-0.00988908,-1.49576,0,0,0.113799,2.0013,-0.612577,2.0253,-0.00152183,1,-0.667
0.0775821,0.00525972,0.002668,1.49925,2,1.99676,0.107109,2.0018,0.0553641,-1.49707,0,0,0.107109,2.0018,0.872991,1.98917,-0.00324285,1,-0.667
0.122001,0.00384083,-0.064032,1.49925,2,1.99774,0.180183,2.00074,0.0782714,-1.49703,0,0,0.180183,2.00074,-0.544639,2.01591,-0.00225627,1,0.667
0.176406,0.00187165,-0.004002,1.49925,2,2.00005,0.184415,2.0019,0.170402,-1.49732,0,0,0.184415,2.0019,0.950846,1.99546,4.79221e-05,1,0.667
0.240814,0.00381805,0.062698,1.49925,2,1.99839,0.289912,2.0016,0.20394,-1.49659,0,0,0.289912,2.0016,-0.437742,2.02102,-0.00161135,1,-0.667
0.315205,0.0064314,0.002668,1.49925,2,1.99488,0.344704,2.00109,0.292959,-1.49777,0,0,0.344704,2.00109,-0.383854,2.0192,-0.00511956,1,-0.667
0.399598,0.00378564,-0.064032,1.49925,2,1.99674,0.457751,1.99968,0.355839,-1.49808,0,0,0.457751,1.99968,-0.266706,2.01484,-0.00325727,1,0.667
0.493968,0.000329665,-0.004002,1.49925,2,2.00082,0.50198,2.00113,0.487967,-1.49809,0,0,0.50198,2.00113,1.26907,1.99561,0.000818491,1,0.667
0.593891,0.00326354,0.062698,1.49925,2,1.99831,0.642987,2.00097,0.557015,-1.49722,0,0,0.642987,2.00097,-0.0846008,2.02027,-0.00169051,1,-0.667
0.6938,0.00709785,0.005336,1.49925,2,1.99332,0.75274,1.99955,0.649271,-1.49817,0,0,0.75274,1.99955,0.0278615,2.02005,-0.00667751,1,-0.667
0.793742,0.00429734,-0.061364,1.49925,2,1.9952,0.846529,1.9988,0.75395,-1.49923,0,0,0.846529,1.9988,0.123682,2.00876,-0.00479937,1,0.667
0.893647,0.000351051,-0.00667,1.49925,2,1.99981,0.906991,2.00011,0.883642,-1.49906,0,0,0.906991,2.00011,0.178322,2.00726,-0.000193119,1,0.667
0.993593,0.00301824,0.06003,1.49925,2,1.99755,1.01314,2.00047,0.978898,-1.49861,0,0,1.01314,2.00047,1.778,1.98819,-0.00245047,1,-0.667
1.0935,0.00683125,0.005336,1.49925,2,1.99347,1.15245,1.99943,1.04898,-1.49829,0,0,1.15245,1.99943,0.429466,2.01404,-0.00653183,1,-0.667
1.19345,0.00403073,-0.061364,1.49925,2,1.99535,1.24624,1.99868,1.15366,-1.49934,0,0,1.24624,1.99868,0.523621,2.00779,-0.00465107,1,0.667
1.29337,0.000580313,-0.001334,1.49925,2,1.99946,1.29604,2.00004,1.29136,-1.4992,0,0,1.29604,2.00004,2.06119,1.99287,-0.000536084,1,0.667
1.3933,0.00378077,0.065366,1.49925,2,1.99666,1.43703,1.99996,1.36039,-1.49845,0,0,1.43703,1.99996,0.711286,2.0135,-0.00334322,1,-0.667
1.4932,0.00788162,0.008004,1.49925,2,1.9914,1.54677,1.99856,1.45263,-1.49943,0,0,1.54677,1.99856,0.82382,2.01327,-0.00860238,1,-0.667
1.59315,0.00534777,-0.058696,1.49925,2,1.99303,1.64056,1.99781,1.55731,-1.50045,0,0,1.64056,1.99781,0.918094,2.00697,-0.00697279,1,-0.667
1.6927,-0.00384214,-0.125396,1.49925,2,2.00193,1.69916,1.99807,1.68787,-1.50116,0,0,1.69916,1.99807,0.969142,2.00426,0.00192714,1,0.667
1.79218,-0.0139289,-0.068034,1.49925,2,2.01322,1.7886,1.99929,1.79482,-1.49995,0,0,1.7886,1.99929,1.05505,2.00017,0.0132227,1,0.667
1.8921,-0.017396,-0.001334,1.49925,2,2.0176,1.89479,2.0002,1.89012,-1.49905,0,0,1.89479,2.0002,2.66662,1.99228,0.0175982,1,0.667
1.99203,-0.0141955,0.065366,1.49925,2,2.01424,2.07128,1.99849,1.9336,-1.49805,0,0,2.07128,1.99849,1.34541,2.00645,0.0142419,1,0.667
2.09152,-0.00434175,0.132066,1.49925,2,2.00378,2.10668,1.99938,2.08021,-1.49977,0,0,2.10668,1.99938,2.87234,1.98466,0.00378227,1,-0.667
2.19093,0.00640826,0.074704,1.49925,2,1.99122,2.25069,1.99673,2.14566,-1.50095,0,0,2.25069,1.99673,1.52703,2.01618,-0.00878263,1,-0.667
2.29082,0.0105417,0.008004,1.49925,2,1.98549,2.34424,1.99531,2.2501,-1.50267,0,0,2.34424,1.99531,1.62292,2.01152,-0.0145082,1,-0.667
2.39077,0.00800785,-0.058696,1.49925,2,1.98713,2.43804,1.99458,2.3548,-1.50368,0,0,2.43804,1.99458,1.7172,2.00524,-0.0128664,1,-0.667
2.49033,-0.00118205,-0.125396,1.49925,2,1.99604,2.49677,1.99485,2.48548,-1.50438,0,0,2.49677,1.99485,1.76834,2.00255,-0.00395536,1,0.667
2.5898,-0.0112688,-0.068034,1.49925,2,2.00736,2.58624,1.99609,2.59245,-1.50316,0,0,2.58624,1.99609,1.85456,1.99767,0.00736046,1,0.667
2.68972,-0.0147359,-0.001334,1.49925,2,2.01175,2.69241,1.99701,2.68773,-1.50224,0,0,2.69241,1.99701,3.46202,1.98916,0.0117466,1,0.667
2.78965,-0.0115354,0.065366,1.49925,2,2.00885,2.83365,1.99684,2.75701,-1.50157,0,0,2.83365,1.99684,2.103,2.01186,0.00885344,1,-0.667
2.88954,-0.00718934,0.010672,1.49925,2,2.00328,2.93809,1.9955,2.85329,-1.50272,0,0,2.93809,1.9955,2.20961,2.01186,0.00328112,1,-0.667
2.9895,-0.00945652,-0.056028,1.49925,2,2.0044,3.0668,1.99346,2.93184,-1.50319,0,0,3.0668,1.99346,2.34231,2.00756,0.00440407,1,0.667
3.08943,-0.0124997,0.002668,1.49925,2,2.00733,3.08408,1.99482,3.09341,-1.50442,0,0,3.08408,1.99482,3.85116,1.98778,0.00732613,1,0.667
3.18935,-0.00889935,0.069368,1.49925,2,2.00398,3.22522,1.99476,3.16258,-1.50393,0,0,3.22522,1.99476,2.49493,2.01078,0.00398135,1,-0.667
3.28923,-0.00427548,0.01334,1.49925,2,1.99813,3.33232,1.99339,3.25685,-1.50505,0,0,3.33232,1.99339,2.60472,2.01057,-0.00187016,1,-0.667
3.38919,-0.00627597,-0.05336,1.49925,2,1.99919,3.42608,1.99258,3.3615,-1.50608,0,0,3.42608,1.99258,2.69923,2.00404,-0.000807285,1,0.667
3.48913,-0.00905252,0.005336,1.49925,2,2.00254,3.47845,1.99346,3.49711,-1.50575,0,0,3.47845,1.99346,4.24416,1.98966,0.00253654,1,0.667
3.58904,-0.0051856,0.072036,1.49925,2,1.99891,3.61949,1.99349,3.56618,-1.50535,0,0,3.61949,1.99349,2.89033,2.00945,-0.00109076,1,-0.667
3.68891,-0.00041852,0.014674,1.49925,2,1.99292,3.72923,1.99209,3.65843,-1.50644,0,0,3.72923,1.99209,3.00323,2.00906,-0.00708389,1,-0.667
3.78887,-0.00228567,-0.052026,1.49925,2,1.99388,3.82301,1.9913,3.7631,-1.50744,0,0,3.82301,1.9913,3.09811,2.00168,-0.00612116,1,-0.667
3.88849,-0.0108113,-0.118726,1.49925,2,2.00195,3.91653,1.99095,3.86751,-1.50796,0,0,3.91653,1.99095,3.18759,2.0022,0.00195432,1,0.667
3.98805,-0.0199847,-0.058696,1.49925,2,2.01228,4.0008,1.99225,3.97862,-1.50693,0,0,4.0008,1.99225,3.26833,1.99711,0.0122755,1,0.667
4.088,-0.0225185,0.008004,1.49925,2,2.01638,4.03668,1.99321,4.12574,-1.50491,0,0,4.03668,1.99321,4.80288,1.9916,0.0163789,1,0.667
4.18789,-0.0183851,0.074704,1.49925,2,2.0149,4.21321,1.99635,4.16924,-1.50262,0,0,4.21321,1.99635,3.47866,2.00913,0.0148957,1,0.667
4.28729,-0.00760269,0.141404,1.49925,2,2.00371,4.3187,1.99586,4.26384,-1.50296,0,0,4.3187,1.99586,3.58836,2.01061,0.00371099,1,-0.667
4.38659,0.00407506,0.084042,1.49925,2,1.99033,4.46247,1.99295,4.32906,-1.50375,0,0,4.46247,1.99295,3.7417,2.01087,-0.00967479,1,-0.667
4.48644,0.00914115,0.017342,1.49925,2,1.98346,4.52128,1.99229,4.45982,-1.50642,0,0,4.52128,1.99229,3.79943,2.0051,-0.0165436,1,-0.667
4.58641,0.00754072,-0.049358,1.49925,2,1.98419,4.61509,1.99152,4.56451,-1.50736,0,0,4.61509,1.99152,3.89415,1.99858,-0.0158135,1,-0.667
4.68605,-0.000719125,-0.116058,1.49925,2,1.99195,4.70864,1.99111,4.66896,-1.50792,0,0,4.70864,1.99111,3.98375,1.99912,-0.00804591,1,0.667
4.78563,-0.00962682,-0.056028,1.49925,2,2.00203,4.79298,1.99239,4.78014,-1.50684,0,0,4.79298,1.99239,4.0647,1.99399,0.00203085,1,0.667
4.88559,-0.011894,0.010672,1.49925,2,2.00514,4.89919,1.9932,4.87545,-1.50597,0,0,4.89919,1.9932,4.17066,1.99461,0.00513673,1,0.667
4.98548,-0.00749404,0.077372,1.49925,2,2.00099,5.0402,1.99275,4.9445,-1.5052,0,0,5.0402,1.99275,4.31633,2.00017,0.000988483,1,-0.667
5.08529,-0.00170932,0.025346,1.49925,2,1.99222,5.13911,1.98979,5.04458,-1.50818,0,0,5.13911,1.98979,4.41376,2.01088,-0.00777507,1,-0.667
5.18527,-0.00250956,-0.041354,1.49925,2,1.99206,5.23288,1.98898,5.14925,-1.50927,0,0,5.23288,1.98898,4.50855,2.0048,-0.00794065,1,-0.667
5.28497,-0.00997163,-0.108054,1.49925,2,1.99895,5.32653,1.98855,5.25378,-1.50995,0,0,5.32653,1.98855,4.60146,1.99681,-0.00105035,1,0.667
5.38462,-0.018082,-0.048024,1.49925,2,2.00807,5.41097,1.98982,5.36506,-1.50913,0,0,5.41097,1.98982,4.68318,1.99075,0.00807285,1,0.667
5.4846,-0.019549,0.018676,1.49925,2,2.01031,5.48214,1.99076,5.48641,-1.50849,0,0,5.48214,1.99076,4.74871,1.99462,0.0103104,1,0.667
5.58444,-0.0143498,0.085376,1.49925,2,2.00517,5.62323,1.99044,5.55554,-1.50815,0,0,5.62323,1.99044,4.89504,2.0002,0.00516868,1,-0.667
5.68424,-0.00837539,0.02668,1.49925,2,1.99777,5.73555,1.98874,5.64569,-1.50936,0,0,5.73555,1.98874,5.00772,2.01021,-0.00222588,1,-0.667
5.78422,-0.00904226,-0.04002,1.49925,2,1.9974,5.8293,1.98785,5.75033,-1.51051,0,0,5.8293,1.98785,5.10256,2.00404,-0.0026027,1,-0.667
5.88394,-0.0163713,-0.10672,1.49925,2,2.00413,5.92293,1.98738,5.85485,-1.51121,0,0,5.92293,1.98738,5.19611,1.99429,0.00412893,1,0.667
5.98359,-0.0244744,-0.048024,1.49925,2,2.01321,6.01,1.98857,5.96409,-1.51038,0,0,6.01,1.98857,5.28086,1.98803,0.0132143,1,0.667
6.08356,-0.0259415,0.018676,1.49925,2,2.01446,6.11626,1.98825,6.05946,-1.51054,0,0,6.11626,1.98825,5.3852,1.99422,0.0144603,1,0.667
6.18341,-0.0207422,0.085376,1.49925,2,2.00929,6.22228,1.98817,6.15458,-1.51042,0,0,6.22228,1.98817,5.49276,1.99744,0.00929117,1,-0.667
6.28321,-0.0147678,0.02668,1.49925,2,2.00187,6.33462,1.98644,6.24476,-1.51166,0,0,6.33462,1.98644,5.60547,2.00745,0.00186777,1,-0.667
6.38319,-0.0154347,-0.04002,1.49925,2,2.00145,6.42836,1.98551,6.34939,-1.51285,0,0,6.42836,1.98551,5.70031,2.00124,0.00145459,1,-0.667
6.4829,-0.0227637,-0.10672,1.49925,2,2.00816,6.52197,1.98502,6.45389,-1.51357,0,0,6.52197,1.98502,5.79329,1.99311,0.0081625,1,0.667
6.58257,-0.0307411,-0.04669,1.49925,2,2.0171,6.60634,1.98622,6.5651,-1.51279,0,0,6.60634,1.98622,5.87502,1.9869,0.0170965,1,0.667
6.68254,-0.0320748,0.02001,1.49925,2,2.01913,6.71262,1.98683,6.66049,-1.51203,0,0,6.71262,1.98683,5.97943,1.99309,0.0191269,1,0.667
6.78238,-0.0267424,0.08671,1.49925,2,2.01383,6.81865,1.98676,6.75562,-1.51192,0,0,6.81865,1.98676,6.08706,1.99629,0.0138297,1,-0.667
6.88216,-0.0203872,0.030682,1.49925,2,2.00602,6.92565,1.98516,6.84979,-1.51326,0,0,6.92565,1.98516,7.69265,1.96149,0.00602317,1,-0.667
6.98214,-0.020654,-0.036018,1.49925,2,2.00506,7.01937,1.98406,6.9544,-1.51459,0,0,7.01937,1.98406,6.28911,1.99936,0.00505519,1,0.667
7.08211,-0.0221878,0.017342,1.49925,2,2.00471,7.11733,1.98222,7.05586,-1.51649,0,0,7.11733,1.98222,6.38989,1.98892,0.00471497,1,0.667
7.18196,-0.0171217,0.084042,1.49925,2,1.99971,7.22332,1.98216,7.15095,-1.51634,0,0,7.22332,1.98216,6.49735,1.99218,-0.000287533,1,-0.667
7.28178,-0.0114063,0.024012,1.49925,2,1.99262,7.33827,1.98042,7.23907,-1.51743,0,0,7.33827,1.98042,6.61296,2.002,-0.00737607,1,-0.667
7.38176,-0.0123399,-0.042688,1.49925,2,1.99265,7.43204,1.97967,7.34374,-1.51847,0,0,7.43204,1.97967,6.70769,1.99596,-0.00735462,1,-0.667
7.48145,-0.019935,-0.109388,1.49925,2,1.99967,7.49079,1.97971,7.47445,-1.5195,0,0,7.49079,1.97971,8.25726,1.97325,-0.000329137,1,0.667
7.58108,-0.0283039,-0.050692,1.49925,2,2.00907,7.6128,1.98052,7.55756,-1.5183,0,0,7.6128,1.98052,6.88515,1.98195,0.00906968,1,0.667
7.68105,-0.0300377,0.016008,1.49925,2,2.01154,7.68396,1.9815,7.67889,-1.51774,0,0,7.68396,1.9815,6.95065,1.98581,0.0115426,1,0.667
7.78091,-0.0251048,0.082708,1.49925,2,2.00673,7.82508,1.98114,7.74805,-1.51727,0,0,7.82508,1.98114,7.09685,1.99138,0.00672674,1,-0.667
7.88072,-0.0192722,0.025346,1.49925,2,1.99951,7.93473,1.97951,7.84021,-1.51847,0,0,7.93473,1.97951,7.20722,1.99921,-0.000491381,1,-0.667
7.9807,-0.0200724,-0.041354,1.49925,2,1.99931,8.02848,1.97866,7.94485,-1.51959,0,0,8.02848,1.97866,7.30201,1.99308,-0.000692606,1,-0.667
8.0804,-0.0275345,-0.108054,1.49925,2,2.00617,8.12211,1.9782,8.04936,-1.52029,0,0,8.12211,1.9782,7.39492,1.98503,0.00617218,1,0.667
8.18004,-0.0357705,-0.049358,1.49925,2,2.01653,8.20919,1.98055,8.15861,-1.51834,0,0,8.20919,1.98055,7.47959,1.97884,0.0165281,1,0.667
8.28001,-0.0373709,0.017342,1.49925,2,2.01886,8.28024,1.98149,8.27984,-1.51776,0,0,8.28024,1.98149,7.54503,1.98269,0.0188615,1,0.667
8.37987,-0.0323048,0.084042,1.49925,2,2.01385,8.42151,1.98111,8.34915,-1.51739,0,0,8.42151,1.98111,7.69142,1.98824,0.0138497,1,-0.667
8.47968,-0.0264636,0.025346,1.49925,2,2.00657,8.53388,1.97937,8.43936,-1.5186,0,0,8.53388,1.97937,7.80411,1.99823,0.00657082,1,-0.667
8.57966,-0.0272639,-0.041354,1.49925,2,2.00633,8.62761,1.9785,8.54397,-1.51975,0,0,8.62761,1.9785,7.89889,1.99205,0.00633311,1,0.667
8.67963,-0.0287143,0.018676,1.49925,2,2.00817,8.67718,1.97945,8.68145,-1.5198,0,0,8.67718,1.97945,7.9457,1.9801,0.00816727,1,0.667
8.77947,-0.023515,0.085376,1.49925,2,2.00309,8.81822,1.9792,8.75053,-1.51939,0,0,8.81822,1.9792,8.09188,1.98575,0.00309038,1,-0.667
8.87925,-0.0170507,0.032016,1.49925,2,1.99533,8.91984,1.97787,8.84865,-1.52066,0,0,8.91984,1.97787,9.68227,1.95407,-0.00466621,1,-0.667
8.97923,-0.017184,-0.034684,1.49925,2,1.99432,9.0136,1.97684,8.95329,-1.52189,0,0,9.0136,1.97684,8.28713,1.99138,-0.00568318,1,-0.667
9.07898,-0.0239809,-0.101384,1.49925,2,1.99821,9.17691,1.97183,9.00542,-1.52322,0,0,9.17691,1.97183,8.45638,1.98843,-0.00178766,1,0.667
9.17867,-0.0315521,-0.042688,1.49925,2,2.00589,9.19429,1.97427,9.16705,-1.52487,0,0,9.19429,1.97427,8.46536,1.97677,0.00588655,1,0.667
9.27865,-0.0324857,0.024012,1.49925,2,2.00753,9.30053,1.97493,9.2624,-1.52411,0,0,9.30053,1.97493,8.56983,1.98306,0.00753307,1,0.667
9.37847,-0.0267538,0.090712,1.49925,2,2.00197,9.40652,1.97502,9.35749,-1.52389,0,0,9.40652,1.97502,8.67754,1.98634,0.00197077,1,-0.667
9.47824,-0.0202469,0.032016,1.49925,2,1.99402,9.51881,1.97336,9.44761,-1.52517,0,0,9.51881,1.97336,8.79034,1.99648,-0.00597978,1,-0.667
9.57822,-0.0203803,-0.034684,1.49925,2,1.99299,9.61256,1.97231,9.55226,-1.52642,0,0,9.61256,1.97231,8.88542,1.99022,-0.00701308,1,-0.667
9.67797,-0.0271772,-0.101384,1.49925,2,1.99923,9.7062,1.97186,9.65679,-1.52704,0,0,9.7062,1.97186,8.97865,1.98201,-0.000766158,1,0.667
9.77766,-0.0348727,-0.044022,1.49925,2,2.00792,9.79596,1.97296,9.76406,-1.52614,0,0,9.79596,1.97296,9.06664,1.97549,0.00792074,1,0.667
9.87763,-0.0359397,0.022678,1.49925,2,2.00972,9.90221,1.97363,9.85941,-1.52536,0,0,9.90221,1.97363,9.17222,1.97848,0.00972009,1,0.667
9.97746,-0.0303409,0.089378,1.49925,2,2.00426,10.0082,1.97368,9.95452,-1.52516,0,0,10.0082,1.97368,9.27989,1.98175,0.00425839,1,-0.667
10.0772,-0.0239672,0.030682,1.49925,2,1.99645,10.1205,1.97201,10.0447,-1.52642,0,0,10.1205,1.97201,9.39266,1.99184,-0.00355196,1,-0.667
10.1772,-0.0242339,-0.036018,1.49925,2,1.99623,10.1794,1.972,10.1755,-1.52725,0,0,10.1794,1.972,9.44907,1.9833,-0.0037694,1,-0.667
10.277,-0.0311639,-0.102718,1.49925,2,2.0103,10.1327,1.97395,10.3838,-1.51628,0,0,10.1327,1.97395,9.37298,1.98833,0.0102963,1,0.667
10.3766,-0.038868,-0.044022,1.49925,2,2.03029,10.1124,1.97415,10.5678,-1.49534,0,0,10.1124,1.97415,9.32638,1.9806,0.0302882,1,0.667
10.4766,-0.039935,0.022678,1.49925,2,2.04625,10.1108,1.97335,10.7364,-1.46952,0,0,10.1108,1.97335,9.29444,1.98318,0.0462527,1,0.667
10.5764,-0.0343362,0.089378,1.49925,2,2.05865,10.1442,1.97842,10.8789,-1.44282,0,0,10.1442,1.97842,9.30498,1.9909,0.0586545,1,0.667
10.6757,-0.0220964,0.156078,1.49925,2,2.06748,10.1775,1.98447,11.0207,-1.41168,0,0,10.1775,1.98447,9.31668,1.99706,0.0674815,1,0.667
10.7739,-0.00327021,0.222778,1.49925,2,2.0832,10.173,1.99139,11.1823,-1.35914,0,0,10.173,1.99139,9.2652,2.01604,0.0831995,1,0.667
10.8706,0.0220588,0.289478,1.49925,2,2.08624,10.2057,1.9995,11.3209,-1.31726,0,0,10.2057,1.9995,9.2762,2.02033,0.0862417,1,0.667
10.9654,0.0537779,0.356178,1.49925,2,2.08551,10.2042,1.9954,11.4814,-1.26243,0,0,10.2042,1.9954,9.20871,2.04584,0.0855081,1,0.667
11.0579,0.091746,0.422878,1.49925,2,2.09711,10.1973,2.00412,11.6333,-1.18689,0,0,10.1973,2.00412,9.13088,2.07134,0.0971062,1,0.667
11.1476,0.135794,0.489578,1.49925,2,2.09045,10.2296,2.01387,11.7663,-1.12988,0,0,10.2296,2.01387,9.13875,2.07234,0.0904524,1,0.667
11.2343,0.185727,0.556278,1.49925,2,2.08,10.2619,2.02443,11.8978,-1.06888,0,0,10.2619,2.02443,9.11347,2.10388,0.0800028,1,0.667
11.3174,0.241322,0.622978,1.49925,2,2.08715,10.2835,2.0544,12.0169,-0.985349,0,0,10.2835,2.0544,9.12609,2.10006,0.0871484,1,0.667
11.3966,0.302332,0.689678,1.49925,2,2.0943,10.2708,2.06834,12.1518,-0.882388,0,0,10.2708,2.06834,9.0115,2.13144,0.0942988,1,0.667
11.4715,0.368485,0.756378,1.49925,2,2.05661,10.282,2.04619,12.3059,-0.80837,0,0,10.282,2.04619,8.86911,2.168,0.056607,1,-0.667
11.5459,0.435312,0.699016,1.49925,2,2.06004,10.3047,2.07944,12.4131,-0.713332,0,0,10.3047,2.07944,8.83706,2.19107,0.0600355,1,0.667
11.6208,0.501584,0.757712,1.49925,2,2.05023,10.2916,2.0626,12.5602,-0.601682,0,0,10.2916,2.0626,8.65101,2.18772,0.0502255,1,0.667
11.6911,0.572681,0.824412,1.49925,2,2.04904,10.2875,2.06551,12.6845,-0.483866,0,0,10.2875,2.06551,8.37501,2.24519,0.0490413,1,0.667
11.7565,0.648305,0.891112,1.49925,2,2.03604,10.3153,2.08658,12.7921,-0.385314,0,0,10.3153,2.08658,8.32568,2.24397,0.0360413,1,-0.667
11.8212,0.724516,0.83375,1.49925,2,2.03971,10.3109,2.09541,12.9019,-0.256453,0,0,10.3109,2.09541,7.83968,2.35176,0.039705,1,0.667
11.8866,0.800162,0.891112,1.49925,2,2.03986,10.3,2.08232,13.0216,-0.117136,0,0,10.3,2.08232,7.28225,2.38045,0.039861,1,0.667
11.9468,0.879977,0.957812,1.49925,2,2.03918,10.2996,2.08208,13.1262,0.0192656,0,0,10.2996,2.08208,6.58185,2.43067,0.039181,1,0.667
12.0015,0.963628,1.02451,1.49925,2,2.03643,10.3193,2.11121,13.21,0.13929,0,0,10.3193,2.11121,5.48472,2.62474,0.0364268,1,0.667
12.0506,1.05074,1.09121,1.49925,2,2.03873,10.3307,2.1455,13.2827,0.266473,0,0,10.3307,2.1455,3.43142,2.95815,0.0387318,1,0.667
12.0938,1.14093,1.15791,1.49925,2,2.0236,10.3352,2.14222,13.3761,0.41078,0,0,10.3352,2.14222,22.5218,-4.79669,0.023602,1,-0.667
12.1363,1.2314,1.09788,1.49925,2,2.02447,10.334,2.15352,13.4492,0.559664,0,0,10.334,2.15352,10.4619,3.09731,0.0244701,1,0.667
12.1801,1.32128,1.14991,1.49925,2,2.0209,10.3215,2.11465,13.5398,0.74091,0,0,10.3215,2.11465,10.4307,3.01745,0.0208991,1,0.667
12.2179,1.41385,1.21661,1.49925,2,2.02623,10.33,2.14967,13.5904,0.878927,0,0,10.33,2.14967,10.4325,3.03811,0.0262313,1,0.667
12.2494,1.50873,1.28331,1.49925,2,2.02763,10.3378,2.18463,13.6369,1.01817,0,0,10.3378,2.18463,10.4518,3.04256,0.0276275,1,0.667
12.2746,1.6055,1.35001,1.49925,2,2.02013,10.3391,2.18433,13.6917,1.18169,0,0,10.3391,2.18433,10.4583,3.0068,0.0201313,1,-0.667
12.2988,1.70249,1.29265,1.49925,2,2.02225,10.3449,2.22374,13.7259,1.32179,0,0,10.3449,2.22374,10.4662,3.03093,0.0222497,1,0.667
12.3238,1.7993,1.35134,1.49925,2,2.0257,10.3393,2.20573,13.7674,1.50366,0,0,10.3393,2.20573,10.4495,2.99678,0.0256958,1,0.667
12.3423,1.89756,1.41804,1.49925,2,2.02668,10.3392,2.20595,13.7977,1.67349,0,0,10.3392,2.20595,10.454,2.97692,0.0266771,1,0.667
12.3542,1.99683,1.48474,1.49925,2,2.02492,10.3539,2.31118,13.8107,1.76795,0,0,10.3539,2.31118,10.4752,3.07864,0.0249157,1,0.667
12.3595,2.09667,1.55144,1.49925,2,2.01609,10.3688,2.41585,13.8239,1.86187,0,0,10.3688,2.41585,10.4904,3.18053,0.0160913,1,-0.667
12.364,2.19655,1.49275,1.49925,2,2.00497,10.3924,2.56097,13.8334,1.92496,0,0,10.3924,2.56097,24.1641,0.0154714,0.00496984,1,-0.667
12.3751,2.29591,1.42605,1.49925,2,2.00068,10.4007,2.61902,13.854,2.0539,0,0,10.4007,2.61902,24.2176,0.357964,0.000683784,1,-0.667
12.3928,2.39431,1.35935,1.49925,2,2.00377,10.4143,2.71176,13.8694,2.1574,0,0,10.4143,2.71176,24.2413,0.493241,0.00376678,1,0.667
12.4113,2.49258,1.41804,1.49925,2,2.00916,10.4205,2.76359,13.8878,2.29158,0,0,10.4205,2.76359,24.3016,0.87388,0.00916243,1,0.667
12.4232,2.59184,1.48474,1.49925,2,2.00763,10.4399,2.90351,13.8967,2.36029,0,0,10.4399,2.90351,24.2777,0.728967,0.00762558,1,0.667
12.4285,2.69169,1.55144,1.49925,2,1.9989,10.4548,3.00814,13.9099,2.45416,0,0,10.4548,3.00814,10.3401,2.28987,-0.00109839,1,-0.667
12.4331,2.79156,1.49141,1.49925,2,1.98794,10.4727,3.12133,13.9235,2.54086,0,0,10.4727,3.12133,10.3464,2.40666,-0.0120622,1,-0.667
12.4443,2.89091,1.42471,1.49925,2,1.98402,10.4814,3.17972,13.9434,2.67034,0,0,10.4814,3.17972,10.3615,2.46224,-0.0159835,1,-0.667
12.4622,2.98929,1.35801,1.49925,2,1.98934,10.4844,3.20385,13.9633,2.82643,0,0,10.4844,3.20385,10.3675,2.47448,-0.0106564,1,0.667
12.4807,3.08754,1.41804,1.49925,2,2.00179,10.4812,3.18367,13.9764,3.01564,0,0,10.4812,3.18367,10.3688,2.43188,0.00178838,1,0.667
12.4926,3.18681,1.48474,1.49925,2,2.01478,10.4778,3.18438,13.977,3.18861,0,0,10.4778,3.18438,10.3655,2.4097,0.014781,1,0.667
12.4978,3.28666,1.55144,1.49925,2,2.02091,10.478,3.21997,13.9754,3.33544,0,0,10.478,3.21997,10.3481,2.42286,0.0209103,1,0.667
12.4964,3.38663,1.61814,1.49925,2,2.03121,10.4721,3.21975,13.9595,3.50724,0,0,10.4721,3.21975,10.3455,2.39674,0.0312099,1,0.667
12.4884,3.48628,1.68484,1.49925,2,2.03129,10.4746,3.21995,13.9437,3.67876,0,0,10.4746,3.21995,10.3227,2.35729,0.0312881,1,0.667
12.4737,3.58518,1.75154,1.49925,2,2.03897,10.4679,3.21866,13.9102,3.84768,0,0,10.4679,3.21866,10.2962,2.3099,0.0389676,1,0.667
12.4524,3.68288,1.81824,1.49925,2,2.03292,10.4653,3.25406,13.8858,3.99219,0,0,10.4653,3.25406,10.2979,2.32725,0.0329173,1,0.667
12.4247,3.77895,1.88494,1.49925,2,2.02561,10.4593,3.28894,13.8546,4.13543,0,0,10.4593,3.28894,10.2726,2.32738,0.0256071,1,0.667
12.3907,3.87295,1.95164,1.49925,2,2.02589,10.4515,3.28671,13.801,4.29931,0,0,10.4515,3.28671,4.52153,4.44797,0.0258861,1,0.667
12.3505,3.96448,2.01834,1.49925,2,2.02872,10.4398,3.28253,13.7354,4.45879,0,0,10.4398,3.28253,6.64953,4.09959,0.0287185,1,0.667
12.3042,4.05312,2.08504,1.49925,2,2.01028,10.4465,3.28499,13.6802,4.62206,0,0,10.4465,3.28499,7.44967,3.92906,0.0102813,1,-0.667
12.2572,4.14134,2.02768,1.49925,2,1.99276,10.4392,3.32518,13.6315,4.75834,0,0,10.4392,3.32518,7.8125,3.89461,-0.00723517,1,-0.667
12.2161,4.23249,1.96098,1.49925,2,1.99799,10.4415,3.31439,13.5494,4.92234,0,0,10.4415,3.31439,8.24552,3.79023,-0.00200832,1,0.667
12.1756,4.3239,2.02101,1.49925,2,2.01558,10.4442,3.29199,13.4501,5.0835,0,0,10.4442,3.29199,8.56031,3.69975,0.0155776,1,0.667
12.1291,4.41242,2.08771,1.49925,2,2.01106,10.4352,3.32842,13.3826,5.21458,0,0,10.4352,3.32842,8.70864,3.70926,0.0110626,1,-0.667
12.082,4.50063,2.02768,1.49925,2,2.03963,10.4149,3.32559,13.2751,5.34154,0,0,10.4149,3.32559,8.86985,3.68918,0.0396252,1,0.667
12.0356,4.5892,2.08638,1.49925,2,2.04993,10.4323,3.31196,13.1693,5.49223,0,0,10.4323,3.31196,9.01769,3.63531,0.0499263,1,0.667
11.9835,4.6745,2.15308,1.49925,2,2.06583,10.433,3.30937,13.0593,5.62172,0,0,10.433,3.30937,9.15884,3.62616,0.0658302,1,0.667
11.9257,4.75612,2.21978,1.49925,2,2.07297,10.4142,3.33751,12.9657,5.73218,0,0,10.4142,3.33751,9.14065,3.62048,0.0729682,1,0.667
11.8627,4.83372,2.28648,1.49925,2,2.09145,10.3839,3.3547,12.8581,5.82927,0,0,10.3839,3.3547,9.18162,3.63973,0.0914514,1,0.667
11.7946,4.90694,2.35318,1.49925,2,2.10128,10.3839,3.34964,12.7332,5.94301,0,0,10.3839,3.34964,9.28103,3.63576,0.101275,1,0.667
11.7218,4.97546,2.41988,1.49925,2,2.1166,10.3514,3.36243,12.617,6.02916,0,0,10.3514,3.36243,9.26807,3.63495,0.116595,1,0.667
11.6446,5.03898,2.48658,1.49925,2,2.10856,10.3601,3.36681,12.4918,6.14184,0,0,10.3601,3.36681,9.34862,3.63365,0.108562,1,0.667
11.5633,5.09721,2.55328,1.49925,2,2.11299,10.33,3.38146,12.3724,6.22285,0,0,10.33,3.38146,9.33817,3.63602,0.112985,1,0.667
11.4783,5.14989,2.61998,1.49925,2,2.10267,10.3366,3.38418,12.2366,6.32266,0,0,10.3366,3.38418,9.40022,3.63376,0.102671,1,0.667
11.39,5.19679,2.68668,1.49925,2,2.101,10.3059,3.3971,12.1115,6.3945,0,0,10.3059,3.3971,9.39121,3.63878,0.101004,1,0.667
11.2988,5.2377,2.75338,1.49925,2,2.10335,10.2713,3.40242,11.9807,6.4557,0,0,10.2713,3.40242,9.38475,3.64542,0.103348,1,0.667
11.2051,5.27244,2.82008,1.49925,2,2.08051,10.3119,3.39338,11.8141,6.55381,0,0,10.3119,3.39338,9.47687,3.62796,0.0805056,1,-0.667
11.1111,5.30657,2.76005,1.49925,2,2.07352,10.2723,3.41028,11.6878,6.61044,0,0,10.2723,3.41028,9.46163,3.64911,0.0735161,1,0.667
11.0174,5.34153,2.81741,1.49925,2,2.07251,10.2891,3.40121,11.5188,6.67727,0,0,10.2891,3.40121,9.49562,3.62596,0.07251,1,0.667
10.9216,5.3702,2.88411,1.49925,2,2.06944,10.2563,3.41062,11.3813,6.72411,0,0,10.2563,3.41062,9.48449,3.64242,0.0694394,1,0.667
10.8241,5.39242,2.95081,1.49925,2,2.06274,10.2234,3.41909,11.2425,6.76667,0,0,10.2234,3.41909,9.46541,3.64901,0.0627391,1,0.667
10.7254,5.4081,3.01751,1.49925,2,2.05029,10.1222,3.44855,11.1517,6.79293,0,0,10.1222,3.44855,9.36973,3.67975,0.0502906,1,0.667
10.6258,5.41716,3.08421,1.49925,2,2.03072,10.0223,3.47818,11.0622,6.81934,0,0,10.0223,3.47818,9.28313,3.71627,0.0307188,1,-0.667
10.5262,5.42544,3.02551,1.49925,2,2.00886,9.88375,3.52208,11.0028,6.83756,0,0,9.88375,3.52208,9.14943,3.76425,0.00886011,1,-0.667
10.4273,5.44033,2.95881,1.49925,2,1.99369,9.82871,3.53863,10.8794,6.87642,0,0,9.82871,3.53863,9.09974,3.7697,-0.00630987,1,-0.667
10.3297,5.46177,2.89211,1.49925,2,1.98588,9.7393,3.56567,10.7796,6.90672,0,0,9.7393,3.56567,9.0141,3.79564,-0.0141172,1,-0.667
10.2337,5.48967,2.82541,1.49925,2,1.98555,9.6493,3.59206,10.6792,6.93633,0,0,9.6493,3.59206,8.92084,3.81633,-0.0144535,1,-0.667
10.1397,5.52391,2.75871,1.49925,2,1.99231,9.5593,3.61802,10.5787,6.96549,0,0,9.5593,3.61802,10.2526,3.41468,-0.00769305,1,0.667
10.0461,5.55899,2.81607,1.49925,2,2.00156,9.47257,3.64136,10.4752,6.99388,0,0,9.47257,3.64136,10.1698,3.44462,0.00156116,1,0.667
9.95035,5.58779,2.88277,1.49925,2,2.00229,9.30411,3.69266,10.4335,7.00465,10.4335,7.00465,9.30411,3.69266,9.99333,3.48439,0.002285,2,0.667
9.8529,5.61014,2.94947,1.49925,2,1.99567,9.26917,3.70175,10.2927,7.04797,10.4335,7.00465,9.26917,3.70175,9.96355,3.4933,-0.00432932,1,-0.667
9.75515,5.63114,2.89745,1.49925,2,1.98792,9.17432,3.72998,10.1967,7.07653,10.4335,7.00465,9.17432,3.72998,8.44807,3.95747,-0.0120845,1,-0.667
9.65899,5.65853,2.83075,1.49925,2,1.98684,9.08439,3.7566,10.0964,7.10632,10.4335,7.00465,9.08439,3.7566,9.77698,3.54145,-0.0131613,1,-0.667
9.56487,5.69227,2.76405,1.49925,2,1.99306,8.99442,3.7826,9.99598,7.13545,10.4335,7.00465,8.99442,3.7826,9.68949,3.5748,-0.00694335,1,0.667
9.47098,5.72662,2.82408,1.49925,2,2.00148,8.91284,3.80454,9.88865,7.16497,10.4335,7.00465,8.91284,3.80454,9.61229,3.60331,0.00148106,1,0.667
9.37501,5.75465,2.89078,1.49925,2,2.00292,8.81048,3.83293,9.79675,7.19032,10.4335,7.00465,8.81048,3.83293,9.51003,3.6258,0.0029192,1,0.667
9.27738,5.77622,2.95748,1.49925,2,1.99721,8.7085,3.86175,9.70522,7.21605,10.4335,7.00465,8.7085,3.86175,9.40547,3.65207,-0.00279498,1,-0.667
9.17959,5.79703,2.89878,1.49925,2,1.98903,8.56784,3.90442,9.64407,7.23405,10.4335,7.00465,8.56784,3.90442,9.25655,3.68596,-0.0109711,1,-0.667
9.08339,5.8243,2.83208,1.49925,2,1.9878,8.51106,3.92067,9.51858,7.27174,10.4335,7.00465,8.51106,3.92067,9.20413,3.70864,-0.0122006,1,-0.667
8.98923,5.85791,2.76538,1.49925,2,1.99387,8.42109,3.94669,9.41818,7.30088,10.4335,7.00465,8.42109,3.94669,9.11659,3.74206,-0.00612652,1,0.667
8.89533,5.89225,2.82408,1.49925,2,2.00264,8.37052,3.9596,9.28754,7.33656,10.4335,7.00465,8.37052,3.9596,7.63771,4.17345,0.0026381,1,0.667
8.79936,5.92028,2.89078,1.49925,2,2.00484,8.23429,3.99673,9.22057,7.35411,10.4335,7.00465,8.23429,3.99673,8.93422,3.79404,0.00483608,1,0.667
8.70173,5.94185,2.95748,1.49925,2,1.99911,8.13231,4.02555,9.12903,7.37985,10.4335,7.00465,8.13231,4.02555,8.82967,3.82032,-0.000885367,1,-0.667
8.60394,5.96267,2.89878,1.49925,2,1.99094,7.99161,4.06823,9.06784,7.39787,10.4335,7.00465,7.99161,4.06823,8.68093,3.85074,-0.00906134,1,-0.667
8.50775,5.98993,2.83208,1.49925,2,1.9897,7.93486,4.08448,8.94239,7.43555,10.4335,7.00465,7.93486,4.08448,8.62853,3.87342,-0.010296,1,-0.667
8.41359,6.02354,2.76538,1.49925,2,1.99578,7.8449,4.11049,8.84199,7.46468,10.4335,7.00465,7.8449,4.11049,8.54099,3.90684,-0.00421643,1,0.667
8.31973,6.058,2.82274,1.49925,2,2.00427,7.75824,4.13398,8.73854,7.49311,10.4335,7.00465,7.75824,4.13398,8.45803,3.93724,0.00427318,1,0.667
8.2238,6.08616,2.88944,1.49925,2,2.00586,7.65587,4.16238,8.64662,7.51844,10.4335,7.00465,7.65587,4.16238,8.35582,3.95974,0.00585938,1,0.667
8.1262,6.10786,2.95614,1.49925,2,2.00025,7.5539,4.19123,8.55509,7.54419,10.4335,7.00465,7.5539,4.19123,8.25138,3.9848,0.000247955,1,-0.667
8.02841,6.12868,2.89878,1.49925,2,1.99212,7.41571,4.23312,8.49194,7.56276,10.4335,7.00465,7.41571,4.23312,8.10549,4.01425,-0.00787985,1,-0.667
7.93222,6.15594,2.83208,1.49925,2,1.98888,7.32641,4.26157,8.39227,7.59454,10.4335,7.00465,7.32641,4.26157,8.01573,4.04552,-0.0111227,1,-0.667
7.83805,6.18955,2.76538,1.49925,2,1.99465,7.26969,4.27759,8.26678,7.63178,10.4335,7.00465,7.26969,4.27759,7.96561,4.07036,-0.00535095,1,0.667
7.74449,6.2248,2.81341,1.49925,2,2.00396,7.16515,4.30641,8.17677,7.65624,10.4335,7.00465,7.16515,4.30641,7.86274,4.10704,0.00395918,1,0.667
7.64882,6.25385,2.88011,1.49925,2,2.00652,7.09634,4.32488,8.05983,7.68888,10.4335,7.00465,7.09634,4.32488,7.79861,4.12123,0.00652289,1,0.667
7.55143,6.27646,2.94681,1.49925,2,2.00183,6.96079,4.36375,7.99324,7.70722,10.4335,7.00465,6.96079,4.36375,7.65661,4.15575,0.00182748,1,-0.667
7.45386,6.29832,2.88811,1.49925,2,1.99485,6.85322,4.39605,7.90684,7.73291,10.4335,7.00465,6.85322,4.39605,7.54561,4.17693,-0.00515401,1,-0.667
7.35797,6.3266,2.82141,1.49925,2,1.99496,6.76321,4.42237,7.80644,7.76249,10.4335,7.00465,6.76321,4.42237,7.45617,4.20861,-0.00504351,1,-0.667
7.26417,6.36122,2.75471,1.49925,2,2.00202,6.70673,4.43837,7.68105,7.79924,10.4335,7.00465,6.70673,4.43837,5.97148,4.65612,0.00202227,1,0.667
7.17064,6.39656,2.81341,1.49925,2,2.01152,6.58912,4.47094,7.60074,7.82077,10.4335,7.00465,6.58912,4.47094,7.28923,4.27295,0.0115166,1,0.667
7.07497,6.42561,2.88011,1.49925,2,2.01405,6.52043,4.48941,7.48391,7.85341,10.4335,7.00465,6.52043,4.48941,7.22518,4.28714,0.0140481,1,0.667
6.97758,6.44823,2.94681,1.49925,2,2.00931,6.38473,4.52836,7.41719,7.87183,10.4335,7.00465,6.38473,4.52836,7.08305,4.32173,0.00931382,1,-0.667
6.88002,6.47008,2.88811,1.49925,2,2.00132,6.27742,4.56164,7.33105,7.8985,10.4335,7.00465,6.27742,4.56164,6.97201,4.34292,0.00131512,1,-0.667
6.78412,6.49837,2.82141,1.49925,2,2.00138,6.18745,4.588,7.23068,7.92813,10.4335,7.00465,6.18745,4.588,6.88259,4.37465,0.00137687,1,0.667
6.68845,6.5274,2.88011,1.49925,2,2.00348,6.13681,4.60136,7.10029,7.96536,10.4335,7.00465,6.13681,4.60136,6.8379,4.39968,0.0034759,1,0.667
6.59106,6.55001,2.94681,1.49925,2,1.99882,6.0013,4.64017,7.03376,7.98364,10.4335,7.00465,6.0013,4.64017,6.696,4.43414,-0.00117958,1,-0.667
6.49347,6.57174,2.88944,1.49925,2,1.99175,5.89629,4.67163,6.94546,8.00989,10.4335,7.00465,5.89629,4.67163,6.58787,4.45432,-0.00825369,1,-0.667
6.39753,6.5999,2.82274,1.49925,2,1.99172,5.80628,4.69796,6.84505,8.03948,10.4335,7.00465,5.80628,4.69796,6.49837,4.486,-0.0082798,1,-0.667
6.30369,6.63439,2.75604,1.49925,2,1.99871,5.7163,4.72394,6.74467,8.06867,10.4335,7.00465,5.7163,4.72394,6.4112,4.51898,-0.00128567,1,0.667
6.21016,6.66973,2.81341,1.49925,2,2.00821,5.62959,4.74727,6.64121,8.0971,10.4335,7.00465,5.62959,4.74727,6.32853,4.54987,0.00820756,1,0.667
6.11449,6.69878,2.88011,1.49925,2,2.01077,5.56085,4.76573,6.52433,8.12973,10.4335,7.00465,5.56085,4.76573,6.26443,4.56405,0.0107679,1,0.667
6.0171,6.72139,2.94681,1.49925,2,2.00545,5.39204,4.81584,6.48269,8.14078,10.4335,7.00465,5.39204,4.81584,6.08498,4.60772,0.00544977,1,-0.667
5.91938,6.74254,2.89611,1.49925,2,1.99677,5.33341,4.83368,6.36029,8.17886,10.4335,7.00465,5.33341,4.83368,4.60372,5.06251,-0.00322855,1,-0.667
5.82326,6.77005,2.82941,1.49925,2,1.99581,5.24351,4.8603,6.25997,8.20866,10.4335,7.00465,5.24351,4.8603,5.9388,4.64578,-0.00418627,1,-0.667
5.72918,6.80392,2.76271,1.49925,2,2.00212,5.15358,4.88633,6.15961,8.23784,10.4335,7.00465,5.15358,4.88633,5.85139,4.67914,0.00211835,1,0.667
5.63542,6.83863,2.82008,1.49925,2,2.01087,5.06694,4.90979,6.05619,8.26629,10.4335,7.00465,5.06694,4.90979,5.76857,4.70944,0.0108683,1,0.667
5.53956,6.86704,2.88678,1.49925,2,2.01273,4.96454,4.9382,5.96424,8.2916,10.4335,7.00465,4.96454,4.9382,5.6664,4.73196,0.0127323,1,0.667
5.44202,6.889,2.95348,1.49925,2,2.00732,4.86257,4.96714,5.8727,8.31742,10.4335,7.00465,4.86257,4.96714,5.56195,4.75824,0.00731611,1,-0.667
5.34434,6.91033,2.89345,1.49925,2,1.99968,4.75242,5.00027,5.78822,8.3427,10.4335,7.00465,4.75242,5.00027,5.44785,4.78035,-0.000323772,1,-0.667
5.24829,6.9381,2.82675,1.49925,2,1.99906,4.66251,5.0268,5.6879,8.37245,10.4335,7.00465,4.66251,5.0268,5.35814,4.81403,-0.000944257,1,-0.667
5.15431,6.97222,2.76005,1.49925,2,2.00561,4.57258,5.05283,5.58755,8.40165,10.4335,7.00465,4.57258,5.05283,5.27084,4.84728,0.00561094,1,0.667
5.06064,7.00718,2.81741,1.49925,2,2.01463,4.48594,5.07626,5.48415,8.43011,10.4335,7.00465,4.48594,5.07626,5.18812,4.87746,0.0146284,1,0.667
4.96486,7.03585,2.88411,1.49925,2,2.01831,4.48503,5.0754,5.31693,8.47433,10.4335,7.00465,4.48503,5.0754,3.75105,5.28635,0.018312,1,0.667
4.86738,7.05807,2.95081,1.49925,2,2.01473,4.28064,5.13067,5.29971,8.47825,10.4335,7.00465,4.28064,5.13067,4.98166,4.92627,0.0147264,1,0.667
4.76863,7.07375,3.01751,1.49925,2,2.00235,4.17954,5.16001,5.20902,8.5044,10.4335,7.00465,4.17954,5.16001,4.87615,4.94412,0.00234938,1,-0.667
4.66977,7.08865,2.95881,1.49925,2,1.98767,4.07297,5.19269,5.12362,8.53049,10.4335,7.00465,4.07297,5.19269,4.76296,4.9772,-0.0123287,1,-0.667
4.57211,7.1101,2.89211,1.49925,2,1.97985,3.98354,5.21975,5.0238,8.5608,10.4335,7.00465,3.98354,5.21975,4.67146,5.00786,-0.0201454,1,-0.667
4.4761,7.138,2.82541,1.49925,2,1.9795,3.89352,5.24617,4.92338,8.59044,10.4335,7.00465,3.89352,5.24617,4.58182,5.03959,-0.0204999,1,-0.667
4.38217,7.17224,2.75871,1.49925,2,1.98625,3.80351,5.27214,4.82295,8.6196,10.4335,7.00465,3.80351,5.27214,4.4945,5.07263,-0.0137466,1,0.667
4.28859,7.20744,2.81474,1.49925,2,1.99561,3.71421,5.29627,4.72136,8.64745,10.4335,7.00465,3.71421,5.29627,4.40908,5.10014,-0.00438976,1,0.667
4.19288,7.23636,2.88144,1.49925,2,1.99807,3.6453,5.31479,4.60429,8.68007,10.4335,7.00465,3.6453,5.31479,4.34477,5.11439,-0.00192606,1,0.667
4.09546,7.25885,2.94814,1.49925,2,1.99324,3.50989,5.35356,4.53789,8.6984,10.4335,7.00465,3.50989,5.35356,4.20293,5.14885,-0.00675762,1,-0.667
3.99784,7.28045,2.89078,1.49925,2,1.98516,3.40516,5.38583,4.44988,8.72549,10.4335,7.00465,3.40516,5.38583,4.0948,5.16906,-0.0148445,1,-0.667
3.90187,7.30848,2.82408,1.49925,2,1.98493,3.31516,5.41224,4.34947,8.75513,10.4335,7.00465,3.31516,5.41224,4.00523,5.20079,-0.0150656,1,-0.667
3.80798,7.34284,2.75738,1.49925,2,1.99179,3.22517,5.43823,4.24907,8.78433,10.4335,7.00465,3.22517,5.43823,3.91799,5.23384,-0.00821304,1,0.667
3.71436,7.37794,2.81607,1.49925,2,2.001,3.14099,5.46085,4.14367,8.81337,10.4335,7.00465,3.14099,5.46085,3.83812,5.26288,0.000996828,1,0.667
3.61861,7.40673,2.88277,1.49925,2,2.00332,3.07216,5.47939,4.02666,8.84594,10.4335,7.00465,3.07216,5.47939,3.7739,5.27711,0.00331807,1,0.667
3.52116,7.42909,2.94947,1.49925,2,1.99829,2.93666,5.51819,3.96019,8.8644,10.4335,7.00465,2.93666,5.51819,3.63184,5.31166,-0.00170732,1,-0.667
3.42354,7.45068,2.89078,1.49925,2,1.991,2.82912,5.55049,3.87383,8.89014,10.4335,7.00465,2.82912,5.55049,3.52079,5.33284,-0.00899959,1,-0.667
3.32757,7.47871,2.82408,1.49925,2,1.99075,2.73914,5.57692,3.77345,8.91981,10.4335,7.00465,2.73914,5.57692,3.4312,5.36552,-0.00925279,1,-0.667
3.23368,7.51308,2.75738,1.49925,2,1.99757,2.64918,5.60294,3.67308,8.94903,10.4335,7.00465,2.64918,5.60294,3.34397,5.39863,-0.00243104,1,0.667
3.14006,7.54817,2.81607,1.49925,2,2.00675,2.56504,5.62557,3.56772,8.97809,10.4335,7.00465,2.56504,5.62557,3.26414,5.42772,0.00674915,1,0.667
3.04431,7.57697,2.88277,1.49925,2,2.00824,2.49652,5.64488,3.45102,9.01144,10.4335,7.00465,2.49652,5.64488,3.2,5.44193,0.00823975,1,0.667
2.94686,7.59932,2.94947,1.49925,2,2.00318,2.36093,5.68375,3.38446,9.02996,10.4335,7.00465,2.36093,5.68375,3.05782,5.47654,0.00317764,1,-0.667
2.84924,7.62091,2.89078,1.49925,2,1.99586,2.25337,5.71608,3.29808,9.05574,10.4335,7.00465,2.25337,5.71608,2.94674,5.49773,-0.00414228,1,-0.667
2.75327,7.64894,2.82408,1.49925,2,1.99557,2.16341,5.74255,3.19773,9.08544,10.4335,7.00465,2.16341,5.74255,2.8572,5.52955,-0.0044347,1,-0.667
2.65938,7.68331,2.75738,1.49925,2,2.00236,2.07347,5.76859,3.09737,9.11469,10.4335,7.00465,2.07347,5.76859,2.76999,5.5627,0.00235939,1,0.667
2.56575,7.7184,2.81607,1.49925,2,2.01152,1.98937,5.79123,2.99205,9.14375,10.4335,7.00465,1.98937,5.79123,2.6902,5.59184,0.0115166,1,0.667
2.47001,7.7472,2.88277,1.49925,2,2.01379,1.9207,5.80978,2.8752,9.17633,10.4335,7.00465,1.9207,5.80978,2.62614,5.60604,0.0137873,1,0.667
2.37256,7.76955,2.94947,1.49925,2,2.0087,1.78501,5.84871,2.80855,9.19492,10.4335,7.00465,1.78501,5.84871,2.48404,5.63683,0.0086956,1,-0.667
2.27496,7.79127,2.88944,1.49925,2,2.00146,1.67487,5.88189,2.72404,9.22015,10.4335,7.00465,1.67487,5.88189,2.36982,5.66375,0.00146389,1,-0.667
2.17903,7.81943,2.82274,1.49925,2,2.00131,1.58493,5.90833,2.6237,9.24984,10.4335,7.00465,1.58493,5.90833,2.28035,5.69557,0.00131321,1,0.667
2.08328,7.84821,2.88277,1.49925,2,2.00319,1.53686,5.92098,2.49137,9.28754,10.4335,7.00465,1.53686,5.92098,2.23848,5.71982,0.00319099,1,0.667
1.98583,7.87056,2.94947,1.49925,2,1.999,1.40112,5.95898,2.42465,9.3052,10.4335,7.00465,1.40112,5.95898,2.09645,5.75432,-0.000995159,1,-0.667
1.88823,7.89228,2.88944,1.49925,2,1.99186,1.29102,5.99206,2.34019,9.33032,10.4335,7.00465,1.29102,5.99206,1.98257,5.77648,-0.00814056,1,-0.667
1.7923,7.92044,2.82274,1.49925,2,1.99181,1.20102,6.01841,2.23979,9.35993,10.4335,7.00465,1.20102,6.01841,1.89306,5.80818,-0.00818956,1,-0.667
1.69846,7.95493,2.75604,1.49925,2,1.99878,1.11105,6.04441,2.13942,9.38914,10.4335,7.00465,1.11105,6.04441,1.80589,5.84119,-0.00121641,1,0.667
1.60488,7.99015,2.81474,1.49925,2,2.00813,1.0269,6.06699,2.03406,9.41817,10.4335,7.00465,1.0269,6.06699,1.7261,5.87017,0.00812817,1,0.667
1.50918,8.01907,2.88144,1.49925,2,2.01056,0.95817,6.08549,1.91716,9.45077,10.4335,7.00465,0.95817,6.08549,1.66198,5.88437,0.010556,1,0.667
1.41176,8.04155,2.94814,1.49925,2,2.00568,0.822534,6.12438,1.85053,9.46922,10.4335,7.00465,0.822534,6.12438,1.51987,5.91894,0.00567913,1,-0.667
1.31419,8.0634,2.88811,1.49925,2,1.99865,0.712398,6.15751,1.76602,9.49437,10.4335,7.00465,0.712398,6.15751,1.40601,5.94025,-0.00135338,1,-0.667
1.21829,8.09169,2.82141,1.49925,2,1.99713,0.523938,6.21915,1.74054,9.5001,1.74054,9.5001,0.523938,6.21915,1.20573,6.00749,-0.00287008,2,-0.667
1.12449,8.1263,2.75471,1.49925,2,2.0008,0.533946,6.21464,1.56677,9.558,1.74054,9.5001,0.533946,6.21464,1.22947,6.00497,0.000800133,1,0.667
1.03097,8.16165,2.81341,1.49925,2,2.01025,0.449811,6.23723,1.46143,9.58706,1.74054,9.5001,0.449811,6.23723,1.14978,6.03393,0.0102513,1,0.667
0.9353,8.1907,2.88011,1.49925,2,2.01276,0.381108,6.25574,1.34459,9.61973,1.74054,9.5001,0.381108,6.25574,1.08579,6.04811,0.0127614,1,0.667
0.837909,8.21331,2.94681,1.49925,2,2.008,0.245447,6.29471,1.27791,9.63818,1.74054,9.5001,0.245447,6.29471,0.94358,6.08274,0.00799727,1,-0.667
0.740318,8.23504,2.88944,1.49925,2,2.00083,0.140414,6.32626,1.18958,9.66452,1.74054,9.5001,0.140414,6.32626,0.835375,6.10295,0.000833988,1,-0.667
0.644383,8.2632,2.82274,1.49925,2,2.00069,0.0504662,6.3527,1.08924,9.69421,1.74054,9.5001,0.0504662,6.3527,0.745919,6.13476,0.000694036,1,0.667
0.548597,8.29186,2.88411,1.49925,2,2.00248,0.0049447,6.36459,0.954955,9.73242,1.74054,9.5001,0.0049447,6.36459,-0.732744,6.57612,0.0024786,1,0.667
0.451117,8.31408,2.95081,1.49925,2,1.99733,-0.130557,6.40333,0.888512,9.7509,1.74054,9.5001,-0.130557,6.40333,0.56485,6.19259,-0.0026654,1,-0.667
0.353412,8.33531,2.89478,1.49925,2,1.98971,-0.23302,6.43398,0.798321,9.77779,1.74054,9.5001,-0.23302,6.43398,0.459181,6.21705,-0.010286,1,-0.667
0.257329,8.36295,2.82808,1.49925,2,1.98897,-0.322964,6.46052,0.697963,9.80753,1.74054,9.5001,-0.322964,6.46052,0.369485,6.24894,-0.0110327,1,-0.667
0.163302,8.39694,2.76138,1.49925,2,1.99456,-0.445918,6.49771,0.622898,9.82973,1.74054,9.5001,-0.445918,6.49771,0.24481,6.28986,-0.00544477,1,0.667
0.0695843,8.43178,2.81874,1.49925,2,2.00319,-0.49929,6.51106,0.494441,9.86624,1.74054,9.5001,-0.49929,6.51106,0.199284,6.31235,0.00319219,1,0.667
-0.0262366,8.46032,2.88544,1.49925,2,2.00525,-0.601677,6.53941,0.402494,9.89149,1.74054,9.5001,-0.601677,6.53941,0.0971911,6.33486,0.00524616,1,0.667
-0.123747,8.48241,2.95214,1.49925,2,1.99996,-0.703633,6.56836,0.310969,9.91729,1.74054,9.5001,-0.703633,6.56836,-0.00718565,6.36111,-3.69549e-05,1,-0.667
-0.221426,8.50375,2.89345,1.49925,2,1.99239,-0.811187,6.60064,0.224614,9.94308,1.74054,9.5001,-0.811187,6.60064,-1.53879,6.83075,-0.00760996,1,-0.667
-0.317472,8.53152,2.82675,1.49925,2,1.9918,-0.901132,6.62715,0.124258,9.9728,1.74054,9.5001,-0.901132,6.62715,-0.207969,6.41411,-0.00820065,1,-0.667
-0.411454,8.56563,2.76005,1.49925,2,1.99837,-0.991089,6.65317,0.0238809,10.002,1.74054,9.5001,-0.991089,6.65317,-0.29529,6.44732,-0.00162697,1,0.667
-0.505125,8.60059,2.81741,1.49925,2,2.00741,-1.07777,6.67659,-0.0795596,10.0304,1.74054,9.5001,-1.07777,6.67659,-0.378041,6.47744,0.00741386,1,0.667
-0.600908,8.62926,2.88411,1.49925,2,2.00961,-1.18017,6.70495,-0.171525,10.0557,1.74054,9.5001,-1.18017,6.70495,-0.480177,6.5012,0.00960541,1,0.667
-0.698389,8.65149,2.95081,1.49925,2,2.00442,-1.28213,6.73395,-0.263056,10.0815,1.74054,9.5001,-1.28213,6.73395,-0.584519,6.52746,0.00441837,1,-0.667
-0.796066,8.67283,2.89345,1.49925,2,1.99551,-1.45291,6.78852,-0.301093,10.0928,1.74054,9.5001,-1.45291,6.78852,-0.767314,6.5666,-0.00448954,1,-0.667
-0.892113,8.7006,2.82675,1.49925,2,1.99414,-1.47646,6.794,-0.451069,10.1396,1.74054,9.5001,-1.47646,6.794,-0.782419,6.57952,-0.00585747,1,-0.667
-0.986094,8.73472,2.76005,1.49925,2,2.0007,-1.5664,6.82003,-0.551434,10.1688,1.74054,9.5001,-1.5664,6.82003,-0.869731,6.61277,0.00069809,1,0.667
-1.07972,8.76979,2.81607,1.49925,2,2.00984,-1.65562,6.84423,-0.652944,10.1968,1.74054,9.5001,-1.65562,6.84423,-0.955316,6.64383,0.00983691,1,0.667
-1.17547,8.79859,2.88277,1.49925,2,2.01213,-1.72432,6.86276,-0.76982,10.2293,1.74054,9.5001,-1.72432,6.86276,-1.01938,6.65801,0.0121298,1,0.667
-1.27292,8.82094,2.94947,1.49925,2,2.00706,-1.85998,6.90166,-0.836451,10.2479,1.74054,9.5001,-1.85998,6.90166,-1.16167,6.69264,0.00706124,1,-0.667
-1.37057,8.84242,2.89211,1.49925,2,1.99963,-1.96502,6.93319,-0.924758,10.2742,1.74054,9.5001,-1.96502,6.93319,-1.26993,6.71282,-0.000372648,1,-0.667
-1.46658,8.87032,2.82541,1.49925,2,1.99915,-2.05494,6.9597,-1.02509,10.304,1.74054,9.5001,-2.05494,6.9597,-1.35949,6.74471,-0.000845194,1,-0.667
-1.56051,8.90456,2.75871,1.49925,2,2.00581,-2.14487,6.98575,-1.12543,10.3332,1.74054,9.5001,-2.14487,6.98575,-1.44686,6.78016,0.00581408,1,0.667
-1.65414,8.93964,2.81607,1.49925,2,2.01495,-2.2315,7.00918,-1.22882,10.3617,1.74054,9.5001,-2.2315,7.00918,-1.52953,6.81029,0.0149543,1,0.667
-1.74988,8.96844,2.88277,1.49925,2,2.01722,-2.30013,7.02771,-1.34562,10.3943,1.74054,9.5001,-2.30013,7.02771,-1.59354,6.82447,0.0172226,1,0.667
-1.84733,8.99079,2.94947,1.49925,2,2.01325,-2.36866,7.04621,-1.46253,10.4261,1.74054,9.5001,-2.36866,7.04621,-3.09888,7.26867,0.013247,1,-0.667
-1.94495,9.01239,2.89078,1.49925,2,2.00601,-2.54386,7.09786,-1.49914,10.4375,1.74054,9.5001,-2.54386,7.09786,-1.84705,6.88033,0.00601387,1,-0.667
-2.04093,9.04042,2.82408,1.49925,2,2.00568,-2.63377,7.12435,-1.59946,10.4672,1.74054,9.5001,-2.63377,7.12435,-1.93656,6.9122,0.00568342,1,0.667
-2.13657,9.06955,2.87877,1.49925,2,2.00788,-2.69199,7.14002,-1.72403,10.5027,1.74054,9.5001,-2.69199,7.14002,-1.98986,6.94022,0.00787735,1,0.667
-2.23393,9.09229,2.94547,1.49925,2,2.00334,-2.82757,7.17892,-1.79066,10.521,1.74054,9.5001,-2.82757,7.17892,-2.13174,6.97471,0.00334454,1,-0.667
-2.33149,9.11415,2.88811,1.49925,2,1.99639,-2.93261,7.21041,-1.87899,10.5473,1.74054,9.5001,-2.93261,7.21041,-2.23984,6.99492,-0.00360727,1,-0.667
-2.42739,9.14244,2.82141,1.49925,2,1.99651,-3.02261,7.23672,-1.97938,10.5768,1.74054,9.5001,-3.02261,7.23672,-2.32929,7.02658,-0.00349021,1,-0.667
-2.52119,9.17705,2.75471,1.49925,2,2.00358,-3.07906,7.25271,-2.10474,10.6136,1.74054,9.5001,-3.07906,7.25271,-2.37816,7.04234,0.00358009,1,0.667
-2.61467,9.21251,2.81207,1.49925,2,2.0132,-3.16554,7.27614,-2.20805,10.6418,1.74054,9.5001,-3.16554,7.27614,-2.46038,7.07034,0.0132015,1,0.667
-2.7103,9.24169,2.87877,1.49925,2,2.01587,-3.26793,7.30449,-2.29997,10.6672,1.74054,9.5001,-3.26793,7.30449,-2.5629,7.10224,0.0158677,1,0.667
-2.80766,9.26444,2.94547,1.49925,2,2.01211,-3.33647,7.32306,-2.41682,10.6993,1.74054,9.5001,-3.33647,7.32306,-2.6279,7.107,0.0121109,1,-0.667
-2.9053,9.28594,2.89211,1.49925,2,2.00815,-3.36709,7.33161,-2.56242,10.7371,1.74054,9.5001,-3.36709,7.33161,-2.64898,7.10583,0.00815177,1,-0.667
-3.00131,9.31384,2.82541,1.49925,2,2.01686,-3.35556,7.32834,-2.74094,10.7732,1.74054,9.5001,-3.35556,7.32834,-2.61469,7.09495,0.0168555,1,0.667
-3.09703,9.34273,2.88144,1.49925,2,2.03651,-3.30658,7.31703,-2.94653,10.7977,1.74054,9.5001,-3.30658,7.31703,-2.53085,7.08771,0.0365098,1,0.667
-3.19445,9.36521,2.94814,1.49925,2,2.04891,-3.34038,7.3215,-3.09116,10.8119,1.74054,9.5001,-3.34038,7.3215,-2.5438,7.08348,0.048912,1,0.667
-3.29316,9.38115,3.01484,1.49925,2,2.05772,-3.37439,7.32504,-3.23625,10.8216,1.74054,9.5001,-3.37439,7.32504,-2.55745,7.08106,0.0577185,1,0.667
-3.3927,9.39048,3.08154,1.49925,2,2.07312,-3.37247,7.31746,-3.40662,10.8165,1.74054,9.5001,-3.37247,7.31746,-2.51475,7.04965,0.0731158,1,0.667
-3.49265,9.39314,-3.13495,1.49925,2,2.07609,-3.40641,7.31885,-3.55177,10.8151,1.74054,9.5001,-3.40641,7.31885,-2.52731,7.04883,0.0760868,1,0.667
-3.59255,9.38915,-3.06825,1.49925,2,2.07526,-3.40438,7.32244,-3.72167,10.8073,1.74054,9.5001,-3.40438,7.32244,-2.47336,7.011,0.0752561,1,0.667
-3.69196,9.3785,-3.00155,1.49925,2,2.08642,-3.40073,7.31251,-3.88918,10.7775,1.74054,9.5001,-3.40073,7.31251,-2.40912,6.96826,0.0864155,1,0.667
-3.79044,9.36125,-2.93485,1.49925,2,2.07967,-3.43483,7.31221,-4.03318,10.7599,1.74054,9.5001,-3.43483,7.31221,-2.41835,6.96986,0.0796704,1,0.667
-3.88756,9.33747,-2.86815,1.49925,2,2.07101,-3.46874,7.30926,-4.17639,10.7362,1.74054,9.5001,-3.46874,7.30926,-2.40506,6.93402,0.0710089,1,0.667
-3.98287,9.30728,-2.80145,1.49925,2,2.07617,-3.46343,7.29714,-4.33891,10.6851,1.74054,9.5001,-3.46343,7.29714,-2.31179,6.87483,0.0761685,1,0.667
-4.07596,9.2708,-2.73475,1.49925,2,2.08404,-3.45585,7.28115,-4.49705,10.6219,1.74054,9.5001,-3.45585,7.28115,-2.23881,6.86011,0.0840428,1,0.667
-4.16641,9.22819,-2.66805,1.49925,2,2.05319,-3.49348,7.28841,-4.64035,10.5944,1.74054,9.5001,-3.49348,7.28841,-2.20001,6.81131,0.0531881,1,-0.667
-4.25631,9.18445,-2.72141,1.49925,2,2.04648,-3.52043,7.27486,-4.77871,10.54,1.74054,9.5001,-3.52043,7.27486,-2.15281,6.77101,0.0464752,1,0.667
-4.34663,9.14156,-2.66538,1.49925,2,2.04362,-3.50614,7.27878,-4.9453,10.4684,1.74054,9.5001,-3.50614,7.27878,-1.99776,6.73333,0.043617,1,0.667
-4.43391,9.09279,-2.59868,1.49925,2,2.03747,-3.50554,7.27912,-5.09997,10.394,1.74054,9.5001,-3.50554,7.27912,-1.75928,6.60794,0.0374703,1,0.667
-4.51775,9.03831,-2.53198,1.49925,2,2.02996,-3.53583,7.26164,-5.22846,10.3243,1.74054,9.5001,-3.53583,7.26164,-1.71739,6.59783,0.0299625,1,0.667
-4.59776,8.97837,-2.46528,1.49925,2,2.03148,-3.52878,7.25089,-5.37013,10.2265,1.74054,9.5001,-3.52878,7.25089,-1.34265,6.41223,0.0314755,1,0.667
-4.67361,8.91322,-2.39858,1.49925,2,2.00737,-3.53456,7.26032,-5.52015,10.1417,1.74054,9.5001,-3.53456,7.26032,-0.785342,6.14706,0.00736904,1,-0.667
-4.74878,8.8473,-2.45461,1.49925,2,2.00364,-3.56087,7.23378,-5.63549,10.0517,1.74054,9.5001,-3.56087,7.23378,-0.371722,5.93493,0.00364089,1,-0.667
-4.82815,8.7865,-2.52131,1.49925,2,2.00327,-3.55285,7.24161,-5.78051,9.94018,1.74054,9.5001,-3.55285,7.24161,0.714415,5.52685,0.00326991,1,0.667
-4.90815,8.72652,-2.46528,1.49925,2,2.01389,-3.54112,7.24768,-5.91641,9.81726,1.74054,9.5001,-3.54112,7.24768,2.84077,4.73554,0.0138874,1,0.667
-4.98399,8.66138,-2.39858,1.49925,2,2.02813,-3.56065,7.21659,-6.01642,9.70937,1.74054,9.5001,-3.56065,7.21659,-13.4056,17.2099,0.0281281,1,0.667
-5.05532,8.59132,-2.33188,1.49925,2,2.03846,-3.55499,7.21136,-6.13049,9.58023,1.74054,9.5001,-3.55499,7.21136,-13.8875,16.7149,0.0384564,1,0.667
-5.12183,8.51667,-2.26518,1.49925,2,2.0345,-3.55842,7.21477,-6.24741,9.45398,1.74054,9.5001,-3.55842,7.21477,-3.91914,6.366,0.0345001,1,0.667
-5.18321,8.43775,-2.19848,1.49925,2,2.03009,-3.56114,7.21704,-6.3571,9.32116,1.74054,9.5001,-3.56114,7.21704,-3.90219,6.39057,0.030087,1,0.667
-5.2392,8.35491,-2.13178,1.49925,2,2.03139,-3.57808,7.18563,-6.43951,9.19982,1.74054,9.5001,-3.57808,7.18563,-3.92193,6.3915,0.0313864,1,0.667
-5.28954,8.26852,-2.06508,1.49925,2,2.0239,-3.5792,7.18644,-6.53632,9.05733,1.74054,9.5001,-3.5792,7.18644,-3.91837,6.42759,0.0238955,1,-0.667
-5.33888,8.18157,-2.11977,1.49925,2,2.02497,-3.59329,7.15522,-6.60977,8.9288,1.74054,9.5001,-3.59329,7.15522,-3.92991,6.41315,0.0249665,1,0.667
-5.38886,8.09497,-2.06108,1.49925,2,2.02841,-3.583,7.17122,-6.69832,8.7648,1.74054,9.5001,-3.583,7.17122,-3.90466,6.44133,0.0284076,1,0.667
-5.43297,8.00524,-1.99438,1.49925,2,2.02948,-3.58285,7.17107,-6.77284,8.60936,1.74054,9.5001,-3.58285,7.17107,-3.90355,6.46138,0.0294785,1,0.667
-5.471,7.91278,-1.92768,1.49925,2,2.02726,-3.62551,7.07377,-6.81101,8.52199,1.74054,9.5001,-3.62551,7.07377,-3.95159,6.36943,0.0272553,1,0.667
-5.50279,7.81799,-1.86098,1.49925,2,2.0178,-3.66851,6.97718,-6.84949,8.4353,1.74054,9.5001,-3.66851,6.97718,-3.99393,6.27578,0.0177994,1,-0.667
-5.53372,7.72291,-1.91834,1.49925,2,2.00594,-3.72945,6.84631,-6.87689,8.37549,1.74054,9.5001,-3.72945,6.84631,-16.3272,12.9669,0.00594187,1,-0.667
-5.57088,7.63009,-1.98504,1.49925,2,2.00099,-3.75347,6.79285,-6.93169,8.25698,1.74054,9.5001,-3.75347,6.79285,-16.47,12.651,0.000986338,1,-0.667
-5.61416,7.53996,-2.05174,1.49925,2,2.00337,-3.80679,6.67572,-6.96369,8.18527,1.74054,9.5001,-3.80679,6.67572,-16.4401,12.7167,0.00336504,1,0.667
-5.65878,7.45049,-2.00105,1.49925,2,2.00868,-3.81883,6.64466,-7.02414,8.04846,1.74054,9.5001,-3.81883,6.64466,-16.6508,12.2646,0.00867939,1,0.667
-5.69743,7.35828,-1.93435,1.49925,2,2.00731,-3.87568,6.51535,-7.05145,7.98478,1.74054,9.5001,-3.87568,6.51535,-16.5881,12.3974,0.00730538,1,0.667
-5.72985,7.2637,-1.86765,1.49925,2,1.99873,-3.90403,6.45047,-7.10055,7.87421,1.74054,9.5001,-3.90403,6.45047,-3.59807,7.11432,-0.00126934,1,-0.667
-5.76073,7.1686,-1.917,1.49925,2,1.98697,-3.97237,6.30267,-7.12184,7.82765,1.74054,9.5001,-3.97237,6.30267,-3.6653,6.95441,-0.0130289,1,-0.667
-5.79777,7.07573,-1.9837,1.49925,2,1.98197,-3.99652,6.24885,-7.17669,7.70874,1.74054,9.5001,-3.99652,6.24885,-3.69421,6.90434,-0.0180272,1,-0.667
-5.84092,6.98554,-2.0504,1.49925,2,1.98741,-3.99154,6.25781,-7.24776,7.53914,1.74054,9.5001,-3.99154,6.25781,-3.67852,6.92969,-0.0125929,1,0.667
-5.88477,6.89569,-1.99171,1.49925,2,1.99963,-3.98427,6.2739,-7.31005,7.362,1.74054,9.5001,-3.98427,6.2739,-3.66969,6.96853,-0.000368834,1,0.667
-5.92256,6.80312,-1.92501,1.49925,2,2.00793,-3.99528,6.23974,-7.35397,7.22156,1.74054,9.5001,-3.99528,6.23974,-3.67317,6.94879,0.00793076,1,0.667
-5.95409,6.70825,-1.85831,1.49925,2,2.01874,-3.9909,6.23789,-7.39385,7.05319,1.74054,9.5001,-3.9909,6.23789,-3.64673,6.97222,0.0187435,1,0.667
-5.97923,6.61148,-1.79161,1.49925,2,2.02919,-3.985,6.2364,-7.42396,6.8832,1.74054,9.5001,-3.985,6.2364,-3.63695,6.99707,0.0291913,1,0.667
-5.99786,6.51325,-1.72491,1.49925,2,2.02357,-3.99827,6.20262,-7.45605,6.73977,1.74054,9.5001,-3.99827,6.20262,-3.61975,6.98283,0.0235708,1,0.667
-6.00991,6.41399,-1.65821,1.49925,2,2.02522,-3.99581,6.202,-7.47583,6.56829,1.74054,9.5001,-3.99581,6.202,-3.61022,7.01193,0.0252237,1,0.667
-6.01531,6.31416,-1.59151,1.49925,2,2.01756,-4.00313,6.16686,-7.49304,6.42233,1.74054,9.5001,-4.00313,6.16686,-3.58985,7.0011,0.0175622,1,-0.667
-6.01969,6.21427,-1.64754,1.49925,2,2.02728,-3.99418,6.12948,-7.49037,6.27583,1.74054,9.5001,-3.99418,6.12948,-3.59108,6.98481,0.0272834,1,0.667
-6.02492,6.11443,-1.59017,1.49925,2,2.03129,-3.99388,6.14596,-7.49271,6.09163,1.74054,9.5001,-3.99388,6.14596,-3.5739,7.04987,0.0312891,1,0.667
-6.02353,6.01445,-1.52347,1.49925,2,2.05433,-3.97614,6.18319,-7.46356,5.89578,1.74054,9.5001,-3.97614,6.18319,-0.41321,4.37508,0.0543325,1,0.667
-6.01547,5.9148,-1.45677,1.49925,2,2.03007,-3.99859,6.14577,-7.47512,5.74764,1.74054,9.5001,-3.99859,6.14577,-1.11336,4.65003,0.0300651,1,-0.667
-6.00652,5.81522,-1.51414,1.49925,2,2.04787,-3.98526,6.14427,-7.43904,5.58201,1.74054,9.5001,-3.98526,6.14427,-1.62812,4.90421,0.047869,1,0.667
-5.9983,5.71557,-1.45544,1.49925,2,2.05173,-3.98854,6.12846,-7.41621,5.42428,1.74054,9.5001,-3.98854,6.12846,-1.82211,5.02491,0.0517328,1,0.667
-5.98349,5.6167,-1.38874,1.49925,2,2.06632,-3.98237,6.13165,-7.37121,5.25959,1.74054,9.5001,-3.98237,6.13165,-2.20116,5.18113,0.0663157,1,0.667
-5.96212,5.51902,-1.32204,1.49925,2,2.0622,-3.98233,6.09618,-7.34174,5.11683,1.74054,9.5001,-3.98233,6.09618,-2.23814,5.20975,0.0622036,1,0.667
-5.93429,5.42299,-1.25534,1.49925,2,2.0798,-3.96867,6.10266,-7.2758,4.95913,1.74054,9.5001,-3.96867,6.10266,-2.48949,5.30717,0.079802,1,0.667
-5.90011,5.32903,-1.18864,1.49925,2,2.07741,-3.97256,6.10374,-7.21939,4.7988,1.74054,9.5001,-3.97256,6.10374,-2.68209,5.37935,0.0774069,1,0.667
-5.85976,5.23756,-1.12194,1.49925,2,2.07596,-3.95913,6.07257,-7.16284,4.66507,1.74054,9.5001,-3.95913,6.07257,-2.69779,5.38764,0.0759573,1,0.667
-5.81339,5.14898,-1.05524,1.49925,2,2.08214,-3.93469,6.04665,-7.09203,4.53803,1.74054,9.5001,-3.93469,6.04665,-2.77875,5.38989,0.0821447,1,0.667
-5.76122,5.06369,-0.988539,1.49925,2,2.06371,-3.94521,6.04399,-7.02447,4.38177,1.74054,9.5001,-3.94521,6.04399,-2.85341,5.43932,0.0637085,1,-0.667
-5.70829,4.97886,-1.0459,1.49925,2,2.06556,-3.93914,6.04499,-6.93625,4.23887,1.74054,9.5001,-3.93914,6.04499,-2.94881,5.46912,0.0655565,1,0.667
-5.6561,4.89359,-0.988539,1.49925,2,2.06717,-3.94965,6.0603,-6.83828,4.08532,1.74054,9.5001,-3.94965,6.0603,-3.0082,5.52249,0.0671692,1,0.667
-5.59836,4.81196,-0.921839,1.49925,2,2.07473,-3.92376,6.03679,-6.74815,3.97098,1.74054,9.5001,-3.92376,6.03679,-2.99811,5.51757,0.0747299,1,0.667
-5.53532,4.73436,-0.855139,1.49925,2,2.07229,-3.92493,6.03861,-6.64421,3.83627,1.74054,9.5001,-3.92493,6.03861,-3.06881,5.53597,0.0722919,1,0.667
-5.46724,4.66114,-0.788439,1.49925,2,2.06693,-3.90319,6.01241,-6.55108,3.72475,1.74054,9.5001,-3.90319,6.01241,-3.08662,5.51942,0.0669298,1,0.667
-5.39443,4.59262,-0.721739,1.49925,2,2.06417,-3.87615,5.99106,-6.44999,3.62038,1.74054,9.5001,-3.87615,5.99106,-3.07896,5.51158,0.0641732,1,0.667
-5.31722,4.5291,-0.655039,1.49925,2,2.05754,-3.87427,5.99586,-6.32828,3.50135,1.74054,9.5001,-3.87427,5.99586,-3.11018,5.53346,0.0575409,1,0.667
-5.23594,4.47087,-0.588339,1.49925,2,2.04126,-3.87778,5.99473,-6.20602,3.38244,1.74054,9.5001,-3.87778,5.99473,-3.15503,5.54447,0.0412626,1,-0.667
-5.15408,4.41347,-0.644367,1.49925,2,2.03152,-3.85042,5.97154,-6.09593,3.28781,1.74054,9.5001,-3.85042,5.97154,-3.15349,5.52608,0.0315239,1,-0.667
-5.07619,4.35078,-0.711067,1.49925,2,2.03318,-3.85993,5.98006,-5.95319,3.17596,1.74054,9.5001,-3.85993,5.98006,-3.1785,5.54854,0.0331836,1,0.667
-4.99903,4.2872,-0.656373,1.49925,2,2.04329,-3.86806,5.98896,-5.8049,3.07461,1.74054,9.5001,-3.86806,5.98896,-3.19242,5.57073,0.0432923,1,0.667
-4.91783,4.22887,-0.589673,1.49925,2,2.05058,-3.83769,5.9719,-5.68091,2.99746,1.74054,9.5001,-3.83769,5.9719,-3.16751,5.55811,0.0505779,1,0.667
-4.83292,4.17607,-0.522973,1.49925,2,2.05132,-3.74698,5.91636,-5.59945,2.94767,1.74054,9.5001,-3.74698,5.91636,-3.08092,5.49801,0.0513158,1,0.667
-4.74469,4.12905,-0.456273,1.49925,2,2.04506,-3.6266,5.8414,-5.53974,2.91143,1.74054,9.5001,-3.6266,5.8414,-2.95893,5.4197,0.0450568,1,0.667
-4.65352,4.08801,-0.389573,1.49925,2,2.03121,-3.53771,5.7853,-5.45996,2.86131,1.74054,9.5001,-3.53771,5.7853,-2.87739,5.3633,0.0312088,1,-0.667
-4.56174,4.04835,-0.440265,1.49925,2,2.0146,-3.45787,5.7336,-5.37523,2.80641,1.74054,9.5001,-3.45787,5.7336,-2.81465,5.30721,0.0145972,1,-0.667
-4.47276,4.00275,-0.506965,1.49925,2,2.00466,-3.37956,5.6831,-5.2878,2.74996,1.74054,9.5001,-3.37956,5.6831,-2.73971,5.25971,0.00466418,1,-0.667
-4.38702,3.95132,-0.573665,1.49925,2,2.00203,-3.30049,5.63286,-5.19959,2.69378,1.74054,9.5001,-3.30049,5.63286,-2.65615,5.21494,0.00203013,1,-0.667
-4.3049,3.89429,-0.640365,1.49925,2,2.00671,-3.22108,5.58314,-5.11102,2.63817,1.74054,9.5001,-3.22108,5.58314,-3.83604,5.9764,0.00671363,1,0.667
-4.22344,3.83632,-0.585671,1.49925,2,2.01424,-3.1693,5.5527,-5.0006,2.57091,1.74054,9.5001,-3.1693,5.5527,-3.79367,5.93807,0.0142422,1,0.667
-4.13832,3.78386,-0.518971,1.49925,2,2.01461,-3.04891,5.47851,-4.94115,2.53501,1.74054,9.5001,-3.04891,5.47851,-3.66691,5.86974,0.0146081,1,0.667
-4.0499,3.73719,-0.452271,1.49925,2,2.0082,-2.98829,5.44185,-4.83813,2.47152,1.74054,9.5001,-2.98829,5.44185,-2.3425,5.02786,0.00819635,1,-0.667
-3.96112,3.69121,-0.510967,1.49925,2,1.99999,-2.86376,5.36328,-4.78373,2.43779,1.74054,9.5001,-2.86376,5.36328,-3.47196,5.76433,-6.07967e-06,1,-0.667
-3.87559,3.63944,-0.577667,1.49925,2,1.99792,-2.81395,5.33196,-4.67335,2.3676,1.74054,9.5001,-2.81395,5.33196,-2.17234,4.91836,-0.00208044,1,-0.667
-3.7937,3.58208,-0.644367,1.49925,2,2.00303,-2.70512,5.26349,-4.60684,2.3261,1.74054,9.5001,-2.70512,5.26349,-3.31848,5.65371,0.00302935,1,0.667
-3.71232,3.52399,-0.587005,1.49925,2,2.01074,-2.65774,5.23598,-4.49301,2.25663,1.74054,9.5001,-2.65774,5.23598,-3.28103,5.61896,0.0107379,1,0.667
-3.62728,3.47142,-0.520305,1.49925,2,2.01132,-2.56706,5.18061,-4.41161,2.20699,1.74054,9.5001,-2.56706,5.18061,-1.91565,4.77007,0.0113177,1,0.667
-3.53892,3.42463,-0.453605,1.49925,2,2.00486,-2.44729,5.10624,-4.3526,2.17118,1.74054,9.5001,-2.44729,5.10624,-3.06104,5.49622,0.00485802,1,-0.667
-3.45014,3.37864,-0.510967,1.49925,2,1.99569,-2.35515,5.04711,-4.27511,2.12162,1.74054,9.5001,-2.35515,5.04711,-2.96207,5.44712,-0.0043087,1,-0.667
-3.36461,3.32687,-0.577667,1.49925,2,1.99364,-2.30525,5.01576,-4.16465,2.0514,1.74054,9.5001,-2.30525,5.01576,-1.66666,4.60182,-0.00636435,1,-0.667
-3.28272,3.26951,-0.644367,1.49925,2,1.99878,-2.19646,4.94735,-4.09817,2.00996,1.74054,9.5001,-2.19646,4.94735,-2.80826,5.33784,-0.00122428,1,0.667
-3.20142,3.21131,-0.588339,1.49925,2,2.00482,-2.11805,4.89821,-4.00898,1.95387,1.74054,9.5001,-2.11805,4.89821,-2.73403,5.28365,0.00482035,1,0.667
-3.11644,3.15863,-0.521639,1.49925,2,2.00525,-2.05715,4.86125,-3.90566,1.8901,1.74054,9.5001,-2.05715,4.86125,-2.6758,5.25184,0.00524783,1,0.667
-3.02814,3.11173,-0.454939,1.49925,2,1.99902,-1.93746,4.78698,-3.84668,1.85447,1.74054,9.5001,-1.93746,4.78698,-2.5484,5.17881,-0.000983715,1,-0.667
-2.9392,3.06605,-0.506965,1.49925,2,1.98955,-1.85424,4.73374,-3.76248,1.80059,1.74054,9.5001,-1.85424,4.73374,-1.22079,4.3124,-0.0104462,1,-0.667
-2.85346,3.01462,-0.573665,1.49925,2,1.98701,-1.77508,4.68354,-3.67418,1.74447,1.74054,9.5001,-1.77508,4.68354,-1.13715,4.26761,-0.0129882,1,-0.667
-2.77134,2.95759,-0.640365,1.49925,2,1.99176,-1.69559,4.63386,-3.58554,1.68889,1.74054,9.5001,-1.69559,4.63386,-2.30562,5.02581,-0.00823557,1,0.667
-2.69002,2.89942,-0.588339,1.49925,2,1.9995,-1.63906,4.60045,-3.47831,1.62355,1.74054,9.5001,-1.63906,4.60045,-2.25793,4.98415,-0.000495553,1,0.667
-2.60505,2.84674,-0.521639,1.49925,2,2.0003,-1.54837,4.54516,-3.39688,1.57401,1.74054,9.5001,-1.54837,4.54516,-2.16553,4.93459,0.000298738,1,0.667
-2.51675,2.79984,-0.454939,1.49925,2,1.99411,-1.42875,4.47098,-3.33797,1.53847,1.74054,9.5001,-1.42875,4.47098,-2.03874,4.85947,-0.00589323,1,-0.667
-2.42716,2.75544,-0.489623,1.49925,2,1.98334,-1.31655,4.39867,-3.27602,1.49949,1.74054,9.5001,-1.31655,4.39867,-1.91774,4.79052,-0.0166551,1,-0.667
-2.34054,2.7055,-0.556323,1.49925,2,1.97776,-1.26699,4.36653,-3.16642,1.42767,1.74054,9.5001,-1.26699,4.36653,-1.87204,4.75516,-0.0222391,1,-0.667
-2.25744,2.6499,-0.623023,1.49925,2,1.9807,-1.18748,4.31675,-3.07775,1.37198,1.74054,9.5001,-1.18748,4.31675,-1.79334,4.70982,-0.0192953,1,-0.667
-2.17824,2.58889,-0.689723,1.49925,2,1.9909,-1.13745,4.28607,-2.96676,1.30306,1.74054,9.5001,-1.13745,4.28607,-0.497875,3.87742,-0.00910282,1,0.667
-2.09943,2.52736,-0.629693,1.49925,2,2.0032,-1.03555,4.22471,-2.89396,1.25973,1.74054,9.5001,-1.03555,4.22471,-1.6542,4.60791,0.00320172,1,0.667
-2.0167,2.47121,-0.562993,1.49925,2,2.00864,-0.974457,4.18829,-2.79016,1.19697,1.74054,9.5001,-0.974457,4.18829,-0.327179,3.77904,0.00864053,1,0.667
-1.93042,2.4207,-0.496293,1.49925,2,2.00666,-0.854145,4.11431,-2.73098,1.16096,1.74054,9.5001,-0.854145,4.11431,-0.211044,3.69596,0.00666189,1,-0.667
-1.84356,2.37118,-0.550987,1.49925,2,2.0021,-0.765793,4.05842,-2.64951,1.10947,1.74054,9.5001,-0.765793,4.05842,-0.123041,3.64107,0.00209951,1,-0.667
-1.76017,2.31602,-0.617687,1.49925,2,2.00433,-0.657089,3.9895,-2.5829,1.06786,1.74054,9.5001,-0.657089,3.9895,-1.26873,4.38031,0.00433064,1,0.667
-1.67728,2.26012,-0.560325,1.49925,2,2.00901,-0.609563,3.96191,-2.46929,0.997763,1.74054,9.5001,-0.609563,3.96191,-1.2285,4.35268,0.00901031,1,0.667
-1.59086,2.20983,-0.493625,1.49925,2,2.00502,-0.432736,3.84656,-2.45395,0.99008,-2.45395,0.99008,-0.432736,3.84656,-1.03768,4.23431,0.00502372,2,-0.667
-1.50399,2.16033,-0.550987,1.49925,2,1.99719,-0.399654,3.82443,-2.33455,0.908792,-2.45395,0.99008,-0.399654,3.82443,-1.00616,4.22297,-0.00280666,1,-0.667
-1.4206,2.10518,-0.617687,1.49925,2,1.99936,-0.320256,3.77451,-2.24607,0.852866,-2.45395,0.99008,-0.320256,3.77451,-0.929438,4.1683,-0.000641346,1,0.667
-1.33764,2.04938,-0.558991,1.49925,2,2.0039,-0.274903,3.74826,-2.13067,0.781638,-2.45395,0.99008,-0.274903,3.74826,0.375635,3.33911,0.0039041,1,0.667
-1.25116,1.99921,-0.492291,1.49925,2,2.00156,-0.184386,3.69279,-2.04938,0.731958,-2.45395,0.99008,-0.184386,3.69279,0.460838,3.27965,0.00155568,1,-0.667
-1.16392,1.95035,-0.542983,1.49925,2,1.99616,-0.0735049,3.62236,-1.98501,0.691331,-2.45395,0.99008,-0.0735049,3.62236,-0.681339,4.02236,-0.00384438,1,-0.667
-1.08009,1.89586,-0.609683,1.49925,2,1.99754,0.00586945,3.57242,-1.8965,0.635459,-2.45395,0.99008,0.00586945,3.57242,-0.604433,3.96732,-0.00245786,1,0.667
-0.996958,1.84032,-0.556323,1.49925,2,2.00168,0.0600692,3.54015,-1.78778,0.56858,-2.45395,0.99008,0.0600692,3.54015,0.709871,3.13235,0.00168133,1,0.667
-0.91034,1.79038,-0.489623,1.49925,2,1.99907,0.179996,3.46592,-1.72857,0.532988,-2.45395,0.99008,0.179996,3.46592,-0.429344,3.86496,-0.000929594,1,-0.667
-0.823155,1.74144,-0.544317,1.49925,2,1.99374,0.268171,3.40997,-1.64724,0.481496,-2.45395,0.99008,0.268171,3.40997,-0.339887,3.80393,-0.00626302,1,-0.667
-0.739396,1.68684,-0.611017,1.49925,2,1.99527,0.347562,3.36005,-1.55872,0.425622,-2.45395,0.99008,0.347562,3.36005,-0.262981,3.74897,-0.00473416,1,0.667
-0.656132,1.63149,-0.553655,1.49925,2,1.99923,0.395069,3.33205,-1.44485,0.355568,-2.45395,0.99008,0.395069,3.33205,1.04339,2.92514,-0.000767231,1,0.667
-0.569382,1.58179,-0.486955,1.49925,2,1.99714,0.515432,3.25861,-1.3853,0.320594,-2.45395,0.99008,0.515432,3.25861,-0.0952799,3.65172,-0.0028609,1,-0.667
-0.482186,1.53287,-0.544317,1.49925,2,1.99179,0.608073,3.19977,-1.30734,0.271292,-2.45395,0.99008,0.608073,3.19977,0.000381168,3.59236,-0.00821114,1,-0.667
-0.398428,1.47827,-0.611017,1.49925,2,1.99334,0.687479,3.14985,-1.2188,0.215429,-2.45395,0.99008,0.687479,3.14985,0.0773027,3.53743,-0.00666475,1,-0.667
-0.318494,1.41821,-0.677717,1.49925,2,2.00215,0.737456,3.11926,-1.10808,0.146256,-2.45395,0.99008,0.737456,3.11926,0.119309,3.5083,0.0021503,1,0.667
-0.239105,1.35743,-0.620355,1.49925,2,2.01336,0.814188,3.0733,-1.01645,0.0911,-2.45395,0.99008,0.814188,3.0733,0.190097,3.45879,0.013361,1,0.667
-0.15586,1.30206,-0.553655,1.49925,2,2.01763,0.905015,3.01827,-0.934899,0.0417812,-2.45395,0.99008,0.905015,3.01827,1.55734,2.60612,0.0176306,1,0.667
-0.0691094,1.25235,-0.486955,1.49925,2,2.01463,1.0252,2.94386,-0.875534,0.00584027,-2.45395,0.99008,1.0252,2.94386,0.409301,3.3411,0.0146255,1,0.667
0.0207612,1.20854,-0.420255,1.49925,2,2.00444,1.11477,2.88809,-0.795101,-0.0439937,-2.45395,0.99008,1.11477,2.88809,0.503345,3.28577,0.00443625,1,-0.667
0.111024,1.16554,-0.477617,1.49925,2,1.99179,1.20647,2.82904,-0.718047,-0.0934589,-2.45395,0.99008,1.20647,2.82904,0.600404,3.22523,-0.00820804,1,-0.667
0.198235,1.11664,-0.544317,1.49925,2,1.98596,1.2853,2.77867,-0.630104,-0.149806,-2.45395,0.99008,1.2853,2.77867,0.67956,3.17084,-0.0140383,1,-0.667
0.281993,1.06205,-0.611017,1.49925,2,1.98671,1.36429,2.72808,-0.541991,-0.206347,-2.45395,0.99008,1.36429,2.72808,0.756503,3.11593,-0.0132886,1,-0.667
0.361926,1.00199,-0.677717,1.49925,2,1.99554,1.41439,2.69742,-0.431143,-0.275582,-2.45395,0.99008,1.41439,2.69742,2.06329,2.29196,-0.00446093,1,0.667
0.441167,0.941018,-0.623023,1.49925,2,2.00697,1.49567,2.64863,-0.342914,-0.328678,-2.45395,0.99008,1.49567,2.64863,0.874463,3.03392,0.00696659,1,0.667
0.524264,0.885419,-0.556323,1.49925,2,2.01158,1.58652,2.59365,-0.261332,-0.377915,-2.45395,0.99008,1.58652,2.59365,2.23772,2.18246,0.0115767,1,0.667
0.610882,0.835482,-0.489623,1.49925,2,2.0089,1.70658,2.51927,-0.201987,-0.41367,-2.45395,0.99008,1.70658,2.51927,1.09333,2.91635,0.00890231,1,-0.667
0.698185,0.786751,-0.541649,1.49925,2,2.00329,1.79026,2.46619,-0.117328,-0.467382,-2.45395,0.99008,1.79026,2.46619,1.17904,2.86386,0.00328565,1,-0.667
0.782089,0.732377,-0.608349,1.49925,2,2.0045,1.86959,2.41623,-0.0288553,-0.523265,-2.45395,0.99008,1.86959,2.41623,1.25595,2.8087,0.00450349,1,0.667
0.865432,0.677147,-0.552321,1.49925,2,2.00822,1.91908,2.38676,0.0831388,-0.592177,-2.45395,0.99008,1.91908,2.38676,2.56814,1.97681,0.0082221,1,0.667
0.952249,0.627557,-0.485621,1.49925,2,2.00509,2.03914,2.31251,0.142321,-0.62804,-2.45395,0.99008,2.03914,2.31251,1.42601,2.70876,0.00509262,1,-0.667
1.03957,0.578859,-0.541649,1.49925,2,1.99943,2.12954,2.25507,0.221955,-0.678507,-2.45395,0.99008,2.12954,2.25507,1.51926,2.65096,-0.000571012,1,-0.667
1.12347,0.524486,-0.608349,1.49925,2,1.99981,2.20843,2.2044,0.309982,-0.735101,-2.45395,0.99008,2.20843,2.2044,1.5962,2.59584,-0.000192523,1,0.667
1.20682,0.469255,-0.552321,1.49925,2,2.00355,2.25801,2.17489,0.422073,-0.804045,-2.45395,0.99008,2.25801,2.17489,2.90644,1.76656,0.00355077,1,0.667
1.29363,0.419665,-0.485621,1.49925,2,2.00044,2.378,2.10071,0.481186,-0.839839,-2.45395,0.99008,2.378,2.10071,1.76646,2.49676,0.000442505,1,-0.667
1.38096,0.370967,-0.541649,1.49925,2,1.9948,2.46841,2.0433,0.560819,-0.890276,-2.45395,0.99008,2.46841,2.0433,1.85971,2.439,-0.00519609,1,-0.667
1.46486,0.316594,-0.608349,1.49925,2,1.99606,2.54778,1.99336,0.649336,-0.946139,-2.45395,0.99008,2.54778,1.99336,1.93667,2.3839,-0.00393736,1,0.667
1.54834,0.261571,-0.549653,1.49925,2,1.99962,2.59293,1.96665,0.764941,-1.01717,-2.45395,0.99008,2.59293,1.96665,3.24211,1.56158,-0.000381589,1,0.667
1.63529,0.212213,-0.482953,1.49925,2,1.99622,2.71289,1.89259,0.823924,-1.05301,-2.45395,0.99008,2.71289,1.89259,2.10204,2.28822,-0.00377846,1,-0.667
1.72268,0.16364,-0.540315,1.49925,2,1.99044,2.80552,1.83376,0.901849,-1.10236,-2.45395,0.99008,2.80552,1.83376,2.19763,2.22778,-0.00956392,1,-0.667
1.80666,0.109379,-0.607015,1.49925,2,1.99159,2.88492,1.78383,0.990394,-1.1582,-2.45395,0.99008,2.88492,1.78383,2.27465,2.17266,-0.00841165,1,-0.667
1.88683,0.049641,-0.673715,1.49925,2,1.99992,2.96436,1.73445,1.079,-1.21346,-2.45395,0.99008,2.96436,1.73445,2.35102,2.12613,-8.24928e-05,1,0.667
1.96654,-0.0107178,-0.615019,1.49925,2,2.01134,2.97943,1.72695,1.21723,-1.29619,-2.45395,0.99008,2.97943,1.72695,3.63206,1.32657,0.0113356,1,0.667
2.05007,-0.0656496,-0.548319,1.49925,2,2.01747,3.13158,1.63745,1.25574,-1.31653,-2.45395,0.99008,3.13158,1.63745,2.50917,2.01957,0.017473,1,0.667
2.13709,-0.114891,-0.481619,1.49925,2,2.01383,3.22193,1.58176,1.3369,-1.36636,-2.45395,0.99008,3.22193,1.58176,2.60462,1.97759,0.0138333,1,0.667
2.22719,-0.158224,-0.414919,1.49925,2,2.00302,3.31146,1.52596,1.41726,-1.41628,-2.45395,0.99008,3.31146,1.52596,2.69863,1.9213,0.0030241,1,-0.667
2.31763,-0.200856,-0.473615,1.49925,2,1.99006,3.40546,1.46557,1.49266,-1.46461,-2.45395,0.99008,3.40546,1.46557,2.79831,1.85884,-0.00993896,1,-0.667
2.40504,-0.2494,-0.540315,1.49925,2,1.9837,3.48421,1.41506,1.58054,-1.52105,-2.45395,0.99008,3.48421,1.41506,2.87758,1.8043,-0.0162994,1,-0.667
2.48901,-0.303661,-0.607015,1.49925,2,1.98488,3.56364,1.36514,1.66912,-1.57689,-2.45395,0.99008,3.56364,1.36514,2.95464,1.74922,-0.0151238,1,-0.667
2.56918,-0.363399,-0.673715,1.49925,2,1.99323,3.64311,1.31578,1.75776,-1.63213,-2.45395,0.99008,3.64311,1.31578,3.03106,1.70269,-0.00676858,1,0.667
2.64889,-0.423758,-0.615019,1.49925,2,2.0039,3.71785,1.27122,1.85121,-1.68858,-2.45395,0.99008,3.71785,1.27122,3.10036,1.65764,0.00389934,1,0.667
2.73243,-0.478689,-0.548319,1.49925,2,2.0077,3.77896,1.23468,1.95495,-1.75158,-2.45395,0.99008,3.77896,1.23468,4.42599,0.824752,0.00769901,1,0.667
2.81945,-0.527931,-0.481619,1.49925,2,2.00243,3.89815,1.15911,2.01311,-1.789,-2.45395,0.99008,3.89815,1.15911,3.2854,1.55748,0.00242734,1,-0.667
2.9069,-0.576387,-0.538981,1.49925,2,1.99645,3.99078,1.10022,2.09103,-1.83843,-2.45395,0.99008,3.99078,1.10022,3.38125,1.4978,-0.00355101,1,-0.667
2.99095,-0.630536,-0.605681,1.49925,2,1.99743,4.07013,1.05026,2.17954,-1.89429,-2.45395,0.99008,4.07013,1.05026,3.45826,1.44255,-0.00257182,1,0.667
3.07458,-0.685337,-0.546985,1.49925,2,2.00065,4.14481,1.00499,2.27291,-1.95148,-2.45395,0.99008,4.14481,1.00499,3.5283,1.38867,0.000653982,1,0.667
3.16166,-0.734462,-0.480285,1.49925,2,1.99695,4.23516,0.949404,2.35406,-2.00123,-2.45395,0.99008,4.23516,0.949404,3.62374,1.3467,-0.00304711,1,-0.667
3.24918,-0.782802,-0.537647,1.49925,2,1.99087,4.3278,0.890563,2.43196,-2.05062,-2.45395,0.99008,4.3278,0.890563,3.71962,1.28702,-0.00912786,1,-0.667
3.3333,-0.836839,-0.604347,1.49925,2,1.99176,4.40718,0.84062,2.52051,-2.10645,-2.45395,0.99008,4.40718,0.84062,3.7967,1.23176,-0.00824404,1,-0.667
3.41363,-0.896363,-0.671047,1.49925,2,1.99972,4.48656,0.791156,2.60908,-2.16178,-2.45395,0.99008,4.48656,0.791156,3.87312,1.18517,-0.000275135,1,0.667
3.49357,-0.956408,-0.611017,1.49925,2,2.00996,4.55895,0.74797,2.70417,-2.21928,-2.45395,0.99008,4.55895,0.74797,3.9388,1.13664,0.00995994,1,0.667
3.57733,-1.011,-0.544317,1.49925,2,2.01325,4.64976,0.69283,2.78576,-2.26863,-2.45395,0.99008,4.64976,0.69283,4.02855,1.07823,0.0132475,1,0.667
3.66454,-1.0599,-0.477617,1.49925,2,2.0083,4.76907,0.617395,2.84455,-2.3051,-2.45395,0.99008,4.76907,0.617395,4.15548,1.00635,0.00830483,1,-0.667
3.75219,-1.108,-0.534979,1.49925,2,2.00186,4.86152,0.55838,2.92241,-2.35445,-2.45395,0.99008,4.86152,0.55838,4.25385,0.957365,0.00186253,1,-0.667
3.83646,-1.16182,-0.601679,1.49925,2,2.00243,4.91159,0.527505,3.03279,-2.42459,-2.45395,0.99008,4.91159,0.527505,4.2972,0.920976,0.00242758,1,0.667
3.92017,-1.21649,-0.545651,1.49925,2,2.00532,4.99064,0.479209,3.12268,-2.47976,-2.45395,0.99008,4.99064,0.479209,4.37229,0.863456,0.0053184,1,0.667
4.00731,-1.2655,-0.478951,1.49925,2,2.00149,5.081,0.423627,3.20384,-2.52951,-2.45395,0.99008,5.081,0.423627,4.46778,0.821537,0.00148964,1,-0.667
4.09496,-1.31361,-0.534979,1.49925,2,1.99515,5.17142,0.366228,3.28344,-2.58,-2.45395,0.99008,5.17142,0.366228,5.81103,-0.0508282,-0.00484645,1,-0.667
4.17922,-1.36743,-0.601679,1.49925,2,1.99576,5.25077,0.316272,3.37198,-2.63582,-2.45395,0.99008,5.25077,0.316272,4.63836,0.708083,-0.00423861,1,-0.667
4.25971,-1.42674,-0.668379,1.49925,2,2.00336,5.33008,0.266711,3.46048,-2.69122,-2.45395,0.99008,5.33008,0.266711,4.71483,0.661434,0.00335741,1,0.667
4.33944,-1.48706,-0.615019,1.49925,2,2.01387,5.41372,0.216349,3.54708,-2.74345,-2.45395,0.99008,5.41372,0.216349,4.79323,0.605034,0.0138721,1,0.667
4.42298,-1.54199,-0.548319,1.49925,2,2.01764,5.50458,0.161243,3.62873,-2.79273,-2.45395,0.99008,5.50458,0.161243,4.88286,0.546777,0.0176368,1,0.667
