5.48503e-20,-5.05547e-38,-1.573e-18,0.5,2,1.98169,0.0345905,1.98139,-0.00904712,-0.51823,0,0,0.0345905,1.98139,-0.314134,1.9834,-0.0183091,1,-0.768254,-0.0610304,0.0282497,0.3
0.00307825,-0.000122645,-0.0599238,0.5,2,1.98174,0.052656,1.981,-0.00988713,-0.518218,-0.00988713,-0.518218,0.052656,1.981,-0.296094,1.98592,-0.0182577,2,-2,0.000519679,0.0158052,0.0988671
0.0157522,-0.00212163,-0.242679,0.5,2,1.98324,0.0816678,1.98002,-0.00142304,-0.518598,-0.00988713,-0.518218,0.0816678,1.98002,-0.266653,1.98332,-0.0167617,1,-0.560653,0.0124833,0.0282164,0.119846
0.0375578,-0.0089329,-0.33185,0.5,2,1.9898,0.0380347,1.98087,0.0374355,-0.519134,0.0374355,-0.519134,0.0380347,1.98087,-0.311941,1.97596,-0.010201,2,2,0.0665348,0.0211443,0.0986053
0.0692167,-0.0175218,-0.17282,0.5,2,1.99962,-0.0388503,1.97918,0.0962591,-0.51717,0.0374355,-0.519134,-0.0388503,1.97918,0.348774,1.99662,-0.000379324,1,0.346897,0.0883309,0.00353331,0.111192
0.1117,-0.0230865,-0.111681,0.5,2,2.00732,0.0556165,1.98345,0.125465,-0.515572,0.125465,-0.515572,0.0556165,1.98345,-0.298566,1.97539,0.00732183,2,2,0.0686124,0.000503974,0.112242
0.16444,-0.0249038,0.0602165,0.5,2,2.01176,0.113534,1.98621,0.176795,-0.512991,0.125465,-0.515572,0.113534,1.98621,-0.24041,1.97393,0.0117569,1,0.350351,0.0368859,0.0211771,0.120237
0.226953,-0.0184654,0.121646,0.5,2,2.00682,0.228016,1.98835,0.226692,-0.51165,0.226692,-0.51165,0.228016,1.98835,0.617588,1.98551,0.00681543,2,-2,-0.0470488,0.0104872,0.105028
0.299604,-0.0148221,-0.0454491,0.5,2,2.00167,0.35564,1.98606,0.285653,-0.512958,0.226692,-0.51165,0.35564,1.98606,0.74377,1.97158,-0.00214935,2,-2,-0.0856451,0.0227352,0.104674
0.381419,-0.0269748,-0.245449,0.5,2,2.01201,0.418757,1.98469,0.372362,-0.514883,0.226692,-0.51165,0.418757,1.98469,0.0636831,1.99358,0.012008,1,0.666747,0.126799,0.00305979,0.111652
0.471349,-0.0500272,-0.221442,0.5,2,2.03691,0.389173,1.98522,0.490032,-0.512742,0.490032,-0.512742,0.389173,1.98522,0.0306344,1.96922,0.0369086,2,2,0.224652,0.0161464,0.110841
0.569979,-0.0640165,-0.0427744,0.5,2,2.05707,0.478492,1.99102,0.589678,-0.506507,0.490032,-0.512742,0.478492,1.99102,0.877277,2.00428,0.0570712,1,1.04675,0.18257,0.00813253,0.110437
0.669897,-0.0615788,0.0781061,0.5,2,2.05853,0.652831,1.99688,0.673557,-0.503031,0.673557,-0.503031,0.652831,1.99688,1.05078,1.98848,0.0585327,2,2,0.0128818,0.0159065,0.113455
0.7684,-0.0452707,0.262854,0.5,2,2.04556,0.730548,1.99994,0.776809,-0.499634,0.673557,-0.503031,0.730548,1.99994,1.1245,1.9868,0.0455587,1,0.145114,-0.11293,0.118896,0.114886
0.864005,-0.0159671,0.307044,0.5,2,2.01724,0.913567,2.00066,0.852144,-0.498584,0.852144,-0.498584,0.913567,2.00066,1.30298,1.97929,0.0172374,2,-2,-0.250494,0.135723,0.113062
0.960991,0.00780964,0.143511,0.5,2,1.97792,1.1601,1.97568,0.908434,-0.511621,0.852144,-0.498584,1.1601,1.97568,0.813404,2.00686,-0.0220823,1,-1.11807,-0.345088,0.12465,0.113941
1.06066,0.0151873,0.0167111,0.5,2,1.9647,1.13069,1.97864,1.04158,-0.519776,1.04158,-0.519776,1.13069,1.97864,0.782983,2.00169,-0.0353031,2,-2,-0.121201,0.107227,0.109081
1.16025,0.00809953,-0.17006,0.5,2,1.97036,1.18583,1.97829,1.15337,-0.521498,1.04158,-0.519776,1.18583,1.97829,1.56838,1.9713,-0.0296423,1,-0.31965,0.0509707,0.123247,0.111059
1.25803,-0.0128206,-0.228911,0.5,2,1.99211,1.22728,1.97905,1.26587,-0.520648,1.26587,-0.520648,1.22728,1.97905,1.6138,1.98131,-0.00788784,2,2,0.204205,0.121805,0.106533
1.35665,-0.0284435,-0.059066,0.5,2,2.013,1.26478,1.98246,1.37887,-0.514932,1.26587,-0.520648,1.26478,1.98246,1.65516,1.99688,0.0130041,1,0.877735,0.195484,0.130869,0.106873
1.45661,-0.0285001,0.0444192,0.5,2,2.01708,1.40223,1.98785,1.46963,-0.51124,1.46963,-0.51124,1.40223,1.98785,1.79334,1.99343,0.0170848,2,2,0.0357788,0.0240581,0.114056
1.55564,-0.015765,0.226463,0.5,2,2.00805,1.52146,1.99199,1.56401,-0.507645,1.46963,-0.51124,1.52146,1.99199,1.16766,1.98485,0.00804901,1,-0.506898,-0.086042,0.0195635,0.105016
1.65296,0.00718567,0.208363,0.5,2,1.98549,1.7244,1.99139,1.63445,-0.506994,1.63445,-0.506994,1.7244,1.99139,1.37457,2.00365,-0.0145133,2,-2,-0.209092,0.00479132,0.107906
1.75202,0.0196541,0.02628,0.5,2,1.96967,1.83775,1.98746,1.72894,-0.510172,1.63445,-0.506994,1.83775,1.98746,1.4911,2.00008,-0.0303283,1,-0.94724,-0.138961,0.00639815,0.113809
1.85193,0.0164533,-0.0800243,0.5,2,1.97192,1.87207,1.98827,1.84654,-0.511597,1.84654,-0.511597,1.87207,1.98827,1.52448,1.99124,-0.0280783,2,-2,0.0193987,0.0416799,0.115985
1.95044,0.000186777,-0.262127,0.5,2,1.98752,1.98579,1.98739,1.94133,-0.512216,1.84654,-0.511597,1.98579,1.98739,1.63578,1.99114,-0.0124838,1,0.56605,0.148328,0.0198408,0.105135
2.04706,-0.0255668,-0.233749,0.5,2,2.01605,2.0257,1.99037,2.05219,-0.50949,2.05219,-0.50949,2.0257,1.99037,1.67205,1.97691,0.0160501,2,2,0.250799,0.00508533,0.113772
2.14571,-0.0409676,-0.0566921,0.5,2,2.03671,2.04794,1.9934,2.16795,-0.503722,2.05219,-0.50949,2.04794,1.9934,2.4428,2.00844,0.0367112,1,0.972422,0.191214,0.0138246,0.108052
2.24567,-0.0406157,0.052881,0.5,2,2.04053,2.209,1.99959,2.25393,-0.500009,2.25393,-0.500009,2.209,1.99959,1.8495,1.99189,0.0405324,2,2,0.0324052,0.0149846,0.117917
2.34454,-0.0267329,0.238495,0.5,2,2.03047,2.32099,2.0036,2.34999,-0.496229,2.25393,-0.500009,2.32099,2.0036,1.96318,1.99845,0.0304718,1,-0.226434,-0.0851426,0.0230408,0.118161
2.44104,-0.00049864,0.258154,0.5,2,2.00535,2.48335,2.00441,2.4306,-0.495036,2.4306,-0.495036,2.48335,2.00441,2.87264,1.99424,0.00535226,2,-2,-0.235659,0.0382641,0.106593
2.53917,0.0179423,0.0883043,0.5,2,1.98402,2.60636,2.00083,2.5217,-0.497741,2.4306,-0.495036,2.60636,2.00083,2.99106,1.98455,-0.0159791,1,-0.972953,-0.181085,0.00763368,0.117797
2.6391,0.020309,-0.0264508,0.5,2,1.98054,2.65692,2.00077,2.63442,-0.499133,2.63442,-0.499133,2.65692,2.00077,5.0705,-0.519418,-0.0194632,2,-2,-0.0324562,0.0181277,0.107349
2.73832,0.00921624,-0.210018,0.5,2,1.99095,2.77423,1.99984,2.72914,-0.499751,2.63442,-0.499133,2.77423,1.99984,5.07337,-0.574418,-0.018859,2,-2,0.00552169,0.0204059,0.109422
2.8334,-0.0212405,-0.410018,0.5,2,2.02123,2.81549,1.99991,2.83764,-0.499988,2.63442,-0.499133,2.81549,1.99991,5.08154,-0.519331,-0.0176608,2,-2,0.0116619,0.0122871,0.102742
2.92053,-0.0699785,-0.610018,0.5,2,2.07081,2.84651,1.99951,2.93587,-0.498895,2.63442,-0.499133,2.84651,1.99951,5.08993,-0.489767,-0.0157802,2,-2,0.0161031,0.00820372,0.116788
2.99624,-0.135055,-0.810018,0.5,2,2.08272,5.07683,-0.0409671,2.57939,-0.153905,2.63442,-0.499133,5.07683,-0.0409671,2.52346,1.9819,-0.013285,2,-2,0.0207917,0.161256,0.120007
3.05751,-0.213875,-1.01002,0.5,2,2.02508,5.07732,-0.0680266,2.58382,-0.248079,2.63442,-0.499133,5.07732,-0.0680266,2.38675,1.96238,-0.0102667,2,2,0.0283879,0.167992,0.106324
3.11489,-0.2956,-0.862018,0.5,2,1.98004,5.06108,0.0689653,2.60382,-0.391336,2.63442,-0.499133,5.06108,0.0689653,2.29025,1.89716,-0.0217976,2,-2,-0.100863,0.164084,0.114323
3.17646,-0.374231,-1.00202,0.5,2,1.92997,5.10024,-0.219838,2.60825,-0.419832,2.63442,-0.499133,5.10024,-0.219838,2.43416,1.96741,-0.0562372,2,-2,-0.30698,0.185529,0.112188
3.22156,-0.463294,-1.20202,0.5,2,1.8918,5.10578,-0.294161,2.61579,-0.51767,2.63442,-0.499133,5.10578,-0.294161,2.33885,1.945,-0.0882297,2,-2,-0.277687,0.030256,0.115211
3.24807,-0.559543,-1.40202,0.5,2,1.87543,5.11432,-0.374249,2.62656,-0.621251,2.63442,-0.499133,5.11432,-0.374249,5.07882,-0.0459722,-0.124571,1,-1.54579,-0.311799,0.0175206,0.116555
3.25649,-0.659083,-1.56432,0.5,2,1.88014,5.1211,-0.417874,2.64176,-0.738607,2.64176,-0.738607,5.1211,-0.417874,5.07738,-0.0894651,-0.11986,2,-2,0.0420183,0.000761773,0.112119
3.24784,-0.758546,-1.75705,0.5,2,1.90297,5.13074,-0.482913,2.6571,-0.845021,2.64176,-0.738607,5.13074,-0.482913,5.08134,-0.151172,-0.0970289,1,-0.606533,0.206165,0.031512,0.110744
3.2247,-0.855813,-1.83582,0.5,2,1.9419,5.13818,-0.524777,2.67477,-0.950951,2.67477,-0.950951,5.13818,-0.524777,5.19845,-0.896636,-0.0580955,2,2,0.35479,0.0549141,0.109736
3.20518,-0.953738,-1.6697,0.5,2,1.98097,5.16524,-0.666651,2.69163,-1.02896,2.67477,-0.950951,5.16524,-0.666651,5.09886,-0.326263,-0.0190341,1,0.805349,0.358066,0.0255256,0.10909
3.20035,-1.05359,-1.57842,0.5,2,2.0041,5.18211,-0.755183,2.70998,-1.12743,2.70998,-1.12743,5.18211,-0.755183,5.12043,-0.408788,0.0040977,2,2,0.199177,0.0335131,0.116137
3.20843,-1.1531,-1.39036,0.5,2,2.01471,5.19044,-0.79156,2.73102,-1.24019,2.70998,-1.12743,5.19044,-0.79156,5.26116,-1.17683,0.0147099,1,0.505963,0.0853213,0.06232,0.12438
3.2305,-1.25062,-1.32184,0.5,2,2.01002,5.21965,-0.961714,2.74561,-1.32105,2.74561,-1.32105,5.21965,-0.961714,5.17182,-0.609947,0.01002,2,-2,-0.0402859,0.0564387,0.116416
3.24832,-1.34887,-1.48926,0.5,2,2.00528,5.24379,-1.1507,2.75603,-1.39776,2.74561,-1.32105,5.24379,-1.1507,5.21288,-0.797717,0.00528407,1,-0.494316,-0.0415254,0.0608237,0.114049
3.25217,-1.44878,-1.55827,0.5,2,2.0147,5.24862,-1.17823,2.77127,-1.51396,2.77127,-1.51396,5.24862,-1.17823,5.29913,-1.56618,0.0146983,2,2,0.0854596,0.711754,0.11016
3.26059,-1.54828,-1.3882,0.5,2,2.02427,5.25121,-1.18071,2.79277,-1.63466,2.77127,-1.51396,5.25121,-1.18071,5.31951,-1.56761,0.0242677,1,0.564377,0.0858014,0.0193717,0.11153
3.28297,-1.64572,-1.31597,0.5,2,2.01886,5.27913,-1.34382,2.80724,-1.71767,2.80724,-1.71767,5.27913,-1.34382,5.22692,-0.991499,0.0188591,2,2,-0.0463531,0.00947901,0.116681
3.3159,-1.73998,-1.13607,0.5,2,2.00304,5.29478,-1.42982,2.82493,-1.81693,2.80724,-1.71767,5.29478,-1.42982,5.33373,-1.81369,0.00303864,1,-0.857274,-0.145039,0.558966,0.109078
3.35727,-1.831,-1.18465,0.5,2,1.9745,5.32387,-1.65464,2.83387,-1.87793,2.83387,-1.87793,5.32387,-1.65464,5.34124,-2.03517,-0.0255035,2,-2,-0.242948,0.198562,0.117483
3.38706,-1.9263,-1.36637,0.5,2,1.94307,5.3301,-1.93604,2.83013,-1.9235,2.83387,-1.87793,5.3301,-1.93604,5.31798,-1.59579,-0.0569319,1,-1.4225,-0.276011,0.225638,0.113866
3.39954,-2.02542,-1.51728,0.5,2,1.9364,5.33107,-1.88812,2.83736,-2.06539,2.83736,-2.06539,5.33107,-1.88812,5.31021,-1.5467,-0.0635979,2,-2,-0.059743,0.184495,0.111579
3.39575,-2.12519,-1.70804,0.5,2,1.95017,5.33081,-1.88292,2.85018,-2.1935,2.83736,-2.06539,5.33081,-1.88292,5.38042,-2.25923,-0.0498326,1,-0.412022,0.122288,0,0.112565
3.378,-2.22359,-1.77147,0.5,2,1.98324,5.33402,-1.8962,2.86832,-2.3089,2.86832,-2.3089,5.33402,-1.8962,5.39406,-2.27632,-0.0167649,2,2,0.295191,0.0122713,0.112021
3.36505,-2.3226,-1.60283,0.5,2,2.01622,5.34312,-1.93221,2.89043,-2.41627,2.86832,-2.3089,5.34312,-1.93221,5.41533,-2.31672,0.0162246,1,0.796376,0.304373,0.162836,0.108385
3.36729,-2.42254,-1.50755,0.5,2,2.03329,5.37196,-2.08262,2.90715,-2.50057,2.90715,-2.50057,5.37196,-2.08262,5.43688,-2.47226,0.0332854,2,2,0.156757,0.16399,0.108835
3.38208,-2.52128,-1.32319,0.5,2,2.03744,5.39338,-2.19601,2.92545,-2.59513,2.90715,-2.50057,5.39338,-2.19601,5.33258,-1.84257,0.0374393,1,0.456602,0.036268,0.0141191,0.114535
3.41109,-2.61697,-1.2513,0.5,2,2.02485,5.4147,-2.32446,2.94092,-2.68561,2.94092,-2.68561,5.4147,-2.32446,5.36179,-1.97161,0.0248475,2,-2,-0.121212,0.00883657,0.103883
3.43573,-2.71373,-1.41936,0.5,2,2.01226,5.43813,-2.51469,2.95039,-2.76197,2.94092,-2.68561,5.43813,-2.51469,5.40061,-2.1623,0.01226,1,-0.780382,-0.114948,0.0255711,0.109506
3.44516,-2.81325,-1.51691,0.5,2,2.01599,5.44575,-2.56452,2.96485,-2.87297,2.96485,-2.87297,5.44575,-2.56452,5.39868,-2.21275,0.0159903,2,2,0.0328804,0.121572,0.113451
3.45642,-2.91248,-1.3614,0.5,2,2.02294,5.44221,-2.52657,2.98812,-3.00348,2.96485,-2.87297,5.44221,-2.52657,5.5031,-2.91256,0.0229409,1,0.436494,0.0653032,0.114625,0.106436
3.48144,-3.00928,-1.2943,0.5,2,2.01047,5.48473,-2.83958,2.99366,-3.0506,2.99366,-3.0506,5.48473,-2.83958,5.43894,-2.49055,0.0104699,2,-2,-0.115614,0.082277,0.107867
3.50249,-3.1069,-1.45531,0.5,2,1.99809,5.49099,-2.91134,3.00299,-3.15602,2.99366,-3.0506,5.49099,-2.91134,5.45866,-2.56011,-0.00190878,1,-0.878681,-0.11365,0.0672595,0.10892
3.50818,-3.2067,-1.55888,0.5,2,2.00617,5.49135,-2.90384,3.02001,-3.28125,3.02001,-3.28125,5.49135,-2.90384,5.54544,-3.28914,0.00616932,2,2,0.0734188,0.086634,0.110028
3.51585,-3.30625,-1.3963,0.5,2,2.01825,5.49001,-2.88672,3.04462,-3.4064,3.02001,-3.28125,5.49001,-2.88672,5.56941,-3.27049,0.0182483,1,0.516288,0.109751,0.102383,0.110058
3.53725,-3.40392,-1.32835,0.5,2,2.01588,5.52317,-3.05765,3.06033,-3.48708,3.06033,-3.48708,5.52317,-3.05765,5.59214,-3.44371,0.0158813,2,2,-0.0217505,0.104434,0.108826
3.56933,-3.49847,-1.14467,0.5,2,2.00346,5.53978,-3.1363,3.08096,-3.58824,3.06033,-3.48708,5.53978,-3.1363,5.60862,-3.5193,0.00345874,1,-0.854198,-0.119179,0.569396,0.104235
3.60946,-3.59004,-1.1987,0.5,2,1.97841,5.57174,-3.33798,3.09212,-3.65649,3.09212,-3.65649,5.57174,-3.33798,5.61584,-3.7191,-0.0215918,2,-2,-0.234775,0.00755558,0.1067
3.63753,-3.68585,-1.38495,0.5,2,1.96254,5.58687,-3.45864,3.10369,-3.74808,3.09212,-3.65649,5.58687,-3.45864,5.54396,-3.11577,-0.0374609,1,-1.20941,-0.151195,0.0166879,0.104958
3.64928,-3.7851,-1.51379,0.5,2,1.96565,5.59451,-3.5025,3.12048,-3.86192,3.12048,-3.86192,5.59451,-3.5025,5.54605,-3.15905,-0.0343534,2,-2,0.0282598,0.00736396,0.109963
3.64595,-3.88488,-1.70352,0.5,2,1.9844,5.60908,-3.59514,3.13588,-3.96016,3.12048,-3.86192,5.60908,-3.59514,5.55598,-3.24966,-0.0156016,1,0.415468,0.177961,0.109392,0.10537
3.63229,-3.98394,-1.68854,0.5,2,2.01675,5.60309,-3.5559,3.16005,-4.0865,3.16005,-4.0865,5.60309,-3.5559,5.53165,-3.20674,0.0167472,2,2,0.297758,0.11346,0.108641
3.6286,-4.08371,-1.50914,0.5,2,2.04312,5.62303,-3.64037,3.1826,-4.18285,3.16005,-4.0865,5.62303,-3.64037,5.54714,-3.28775,0.0431199,1,0.86206,0.232086,0.0111087,0.113633
3.64062,-4.18295,-1.40586,0.5,2,2.05221,5.65198,-3.77557,3.20174,-4.27184,3.20174,-4.27184,5.65198,-3.77557,5.58594,-3.41863,0.0522063,2,2,0.0781431,0.101594,0.116279
3.66496,-4.27979,-1.22635,0.5,2,2.05305,5.65049,-3.75758,3.23271,-4.39347,3.20174,-4.27184,5.65049,-3.75758,5.73498,-4.14464,0.05305,1,0.554668,0.00739539,0.0920463,0.114093
3.7034,-4.37208,-1.14631,0.5,2,2.03845,5.71494,-4.04191,3.24795,-4.44684,3.24795,-4.44684,5.71494,-4.04191,5.64806,-3.69026,0.0384486,2,-2,-0.123138,0.0935363,0.118578
3.73918,-4.46532,-1.30032,0.5,2,2.01597,5.7422,-4.23722,3.25825,-4.52008,3.24795,-4.44684,5.7422,-4.23722,5.68648,-3.88862,0.0159662,1,-0.915951,-0.204957,0.0995703,0.109693
3.76016,-4.56305,-1.40601,0.5,2,2.00911,5.7475,-4.26812,3.27459,-4.63511,3.27459,-4.63511,5.7475,-4.26812,5.69542,-3.91773,0.00911069,2,-2,-0.0605286,0.0241665,0.11326
3.76803,-4.66258,-1.59084,0.5,2,2.01594,5.76507,-4.38719,3.28851,-4.72871,3.27459,-4.63511,5.76507,-4.38719,5.71366,-4.03597,0.0159423,1,0.447618,0.0571301,0.0095954,0.119581
3.76446,-4.76251,-1.58768,0.5,2,2.03708,5.76389,-4.37269,3.3101,-4.8511,3.3101,-4.8511,5.76389,-4.37269,5.69462,-4.02034,0.0370839,2,2,0.190223,0.0304516,0.111141
3.77073,-4.86216,-1.40942,0.5,2,2.05241,5.78374,-4.46189,3.33174,-4.94945,3.3101,-4.8511,5.78374,-4.46189,5.71328,-4.1069,0.0524149,1,0.887973,0.138499,0.0178618,0.110694
3.79248,-4.95973,-1.30616,0.5,2,2.04988,5.8162,-4.63333,3.3481,-5.0314,3.3481,-5.0314,5.8162,-4.63333,5.75554,-4.27757,0.0498791,2,2,-0.0226683,0.00851559,0.111866
3.82682,-5.05348,-1.12062,0.5,2,2.03417,5.83135,-4.70749,3.36778,-5.13271,3.3481,-5.0314,5.83135,-4.70749,5.77263,-4.35321,0.0341694,1,-0.515358,-0.134497,0.0507389,0.116803
3.87115,-5.14311,-1.13442,0.5,2,2.0046,5.8608,-4.89874,3.37944,-5.2035,3.37944,-5.2035,5.8608,-4.89874,5.8166,-4.54825,0.00460076,2,-2,-0.258284,0,0.114481
3.90592,-5.23671,-1.31364,0.5,2,1.9828,5.86573,-4.93563,3.39472,-5.31524,3.37944,-5.2035,5.86573,-4.93563,5.82518,-4.58581,-0.0172004,1,-1.08695,-0.211781,0,0.102942
3.92512,-5.33479,-1.43238,0.5,2,1.98367,5.85849,-4.8909,3.42189,-5.45033,3.37944,-5.2035,5.85849,-4.8909,5.81227,-4.53644,-0.0163258,1,-0.571344,0.00790119,4.69695,0.110682
3.9355,-5.43424,-1.4957,0.5,2,1.99995,5.85504,-4.87283,3.45556,-5.57461,3.37944,-5.2035,5.85504,-4.87283,5.79835,-4.51346,-5.126e-05,1,0.504722,0.143449,3.49827,0.113452
3.94385,-5.53388,-1.46352,0.5,2,2.02428,5.85616,-4.86995,3.49445,-5.68991,3.37944,-5.2035,5.85616,-4.86995,5.79883,-4.49945,0.024282,1,0.845557,0.221604,2.50558,0.109805
3.95834,-5.6328,-1.3834,0.5,2,2.04675,5.85955,-4.87479,3.53732,-5.80066,3.37944,-5.2035,5.85955,-4.87479,5.8,-4.49371,0.0467486,1,0.964725,0.195964,4.59241,0.114647
3.98153,-5.73003,-1.28859,0.5,2,2.06166,5.86246,-4.88593,3.58161,-5.9095,3.37944,-5.2035,5.86246,-4.88593,5.8058,-4.4917,0.0616584,1,0.981718,0.12604,2.22724,0.118294
4.01402,-5.82456,-1.19067,0.5,2,2.07221,5.87999,-4.92335,3.6288,-6.01061,3.37944,-5.2035,5.87999,-4.92335,5.81918,-4.52363,0.0722115,1,1.03768,0.0922507,2.12744,0.114396
4.05578,-5.91537,-1.08791,0.5,2,2.07996,5.88079,-4.91758,3.68723,-6.11687,3.37944,-5.2035,5.88079,-4.91758,5.83665,-4.49032,0.0799634,1,1.10053,0.0717015,2.0692,0.108114
4.10693,-6.00125,-0.978678,0.5,2,2.08415,5.9132,-4.96151,3.74652,-6.20871,3.37944,-5.2035,5.9132,-4.96151,5.85261,-4.5403,0.0841513,1,1.12561,0.0373805,1.98682,0.112032
4.16726,-6.08093,-0.866468,0.5,2,2.07909,5.90389,-4.9378,3.81568,-6.31236,3.37944,-5.2035,5.90389,-4.9378,5.87036,-4.47293,0.0790908,1,0.988638,-0.0482135,1.9401,0.104959
4.23578,-6.15371,-0.765961,0.5,2,2.06313,5.9439,-4.99663,3.87408,-6.39872,3.37944,-5.2035,5.9439,-4.99663,5.88611,-4.55367,0.0631287,1,0.591145,-0.141385,1.86937,0.112899
4.31021,-6.22048,-0.701281,0.5,2,2.04332,5.94594,-4.99593,3.94462,-6.49416,3.37944,-5.2035,5.94594,-4.99593,5.90063,-4.5257,0.0433168,1,-0.181234,-0.177863,1.87179,0.111389
4.38671,-6.28487,-0.707819,0.5,2,2.01619,5.94369,-5.00391,4.0131,-6.59225,3.37944,-5.2035,5.94369,-5.00391,5.89762,-4.51928,0.0161924,1,-0.614572,-0.261289,2.059,0.10381
4.46095,-6.35185,-0.764509,0.5,2,2.0051,5.94641,-5.00507,4.0943,-6.68426,3.37944,-5.2035,5.94641,-5.00507,5.89662,-4.50122,0.00509691,1,-0.370221,-0.101342,2.13466,0.109486
4.53165,-6.42256,-0.804219,0.5,2,2.02632,5.94125,-4.96688,4.20214,-6.76285,3.37944,-5.2035,5.94125,-4.96688,5.88448,-4.42282,0.0263247,1,1.14873,0.19402,2.28617,0.109411
4.60382,-6.4917,-0.707574,0.5,2,2.01917,5.91627,-4.95726,4.29128,-6.85711,3.37944,-5.2035,5.91627,-4.95726,5.8746,-4.33789,0.0191679,1,-0.0469151,-0.0612789,2.31663,0.116791
4.68099,-6.55531,-0.689548,0.5,2,2.01202,5.93373,-4.98087,4.37715,-6.93716,3.37944,-5.2035,5.93373,-4.98087,6.57139,-4.94123,0.0120168,1,-0.255235,-0.0687007,2.29706,0.104091
4.75748,-6.61971,-0.712363,0.5,2,2.02652,5.94336,-4.9764,4.48041,-7.00366,3.37944,-5.2035,5.94336,-4.9764,6.53241,-4.95385,0.0265157,1,0.964309,0.130812,2.23069,0.110838
4.83535,-6.68241,-0.630567,0.5,2,2.03532,5.9477,-4.97794,4.58138,-7.07155,3.37944,-5.2035,5.9477,-4.97794,6.54038,-4.92473,0.0353186,1,0.965007,0.0765548,2.21226,0.114988
4.91883,-6.73738,-0.534074,0.5,2,2.02937,5.95188,-4.99062,4.67926,-7.14247,3.37944,-5.2035,5.95188,-4.99062,6.50143,-4.95488,0.0293689,1,0.573247,-0.0510618,2.00729,0.11652
5.00655,-6.78537,-0.471657,0.5,2,2.04286,5.9977,-4.99906,4.78475,-7.1851,3.37944,-5.2035,5.9977,-4.99906,6.52907,-4.97245,0.0428612,1,1.22537,0.116916,2.05397,0.115402
5.09785,-6.82602,-0.358249,0.5,2,2.02727,6.00324,-5.01217,4.88672,-7.24899,3.37944,-5.2035,6.00324,-5.01217,6.51851,-4.97634,0.0272698,1,-0.163622,-0.135791,1.76943,0.114819
5.19184,-6.86016,-0.355166,0.5,2,2.01926,6.02439,-5.02052,4.99363,-7.29813,3.37944,-5.2035,6.02439,-5.02052,6.51911,-4.98902,0.0192618,1,-0.0210174,-0.0682289,1.66285,0.11737
5.28548,-6.89524,-0.359692,0.5,2,2.02375,6.03077,-5.01372,5.11009,-7.33802,3.37944,-5.2035,6.03077,-5.01372,6.49939,-4.99775,0.0237489,1,0.867729,0.0391138,1.52298,0.114717
5.38013,-6.92743,-0.285361,0.5,2,2.02405,6.01735,-5.00631,5.23029,-7.37918,3.37944,-5.2035,6.01735,-5.00631,6.4633,-5.00121,0.0240488,1,0.820095,0.00272677,1.1468,0.109995
5.47715,-6.95156,-0.202732,0.5,2,2.01464,6.05324,-5.02105,5.33835,-7.41666,3.37944,-5.2035,6.05324,-5.02105,6.4984,-4.99941,0.0146356,1,-0.0804368,-0.0810642,2.22732,0.116121
5.57526,-6.97087,-0.197268,0.5,2,2.01215,6.07236,-5.02109,5.45474,-7.44359,3.37944,-5.2035,6.07236,-5.02109,6.50706,-4.99988,0.0121508,1,0.517396,-0.0230896,3.04962,0.107615
5.67368,-6.98853,-0.152105,0.5,2,2.01055,6.08191,-5.01986,5.5743,-7.46779,3.37944,-5.2035,6.08191,-5.01986,6.50602,-5.00023,0.010551,1,0.641835,-0.0132937,2.75243,0.120342
5.77292,-7.0007,-0.0900367,0.5,2,2.00524,6.0921,-5.02102,5.69417,-7.48915,3.37944,-5.2035,6.0921,-5.02102,6.50512,-5.00622,0.00523734,1,0.0306126,-0.0487612,2.97538,0.108973
5.87259,-7.00885,-0.0796407,0.5,2,2.00223,6.10144,-5.01974,5.81569,-7.50336,3.37944,-5.2035,6.10144,-5.01974,6.50368,-5.01497,0.00222754,1,0.0462193,-0.0253334,3.83796,0.118807
5.97229,-7.0166,-0.0752841,0.5,2,2.00185,6.088,-5.01809,5.94349,-7.51391,3.37944,-5.2035,6.088,-5.01809,6.48434,-5.00975,0.00185132,1,0.42838,-0.00340823,0,0.110387
6.07211,-7.02244,-0.0374142,0.5,2,2.00587,6.11215,-5.01697,6.06225,-7.51647,6.06225,-7.51647,6.11215,-5.01697,6.50535,-5.00907,0.00587463,2,2,0.036891,0,0.10906
6.17185,-7.01797,0.143726,0.5,2,2.00416,6.0937,-5.01533,6.19119,-7.51343,6.06225,-7.51647,6.0937,-5.01533,6.48257,-5.00275,0.00416327,1,0.175305,-0.0149741,0,0.114289
6.27027,-7.00028,0.188627,0.5,2,1.9893,6.27696,-5.01099,6.26855,-7.51097,6.26855,-7.51097,6.27696,-5.01099,6.66483,-5.00627,-0.0106953,2,-2,-0.133408,0.0321472,0.111377
6.36938,-6.98808,0.0256075,0.5,2,1.97611,6.42225,-5.01268,6.35537,-7.51178,6.26855,-7.51097,6.42225,-5.01268,6.8068,-5.02039,-0.0238879,1,-0.53078,-0.119154,0.00354268,0.110718
6.46935,-6.98996,-0.0465704,0.5,2,1.97866,6.49243,-5.01144,6.46327,-7.51127,6.46327,-7.51127,6.49243,-5.01144,6.14429,-5.01181,-0.0213436,2,-2,0.0222641,0.0200453,0.114278
6.56845,-7.00216,-0.220124,0.5,2,1.99091,6.58973,-5.01137,6.56301,-7.51123,6.46327,-7.51127,6.58973,-5.01137,6.23913,-5.01022,-0.00909436,1,0.832642,0.111477,0.0313125,0.109881
6.66617,-7.02329,-0.173685,0.5,2,2.01584,6.55897,-5.0103,6.69192,-7.50677,6.69192,-7.50677,6.55897,-5.0103,6.20383,-5.02837,0.0158381,2,2,0.207907,0.00110532,0.119922
6.76561,-7.03235,0.00763771,0.5,2,2.03236,6.67917,-5.00182,6.78549,-7.49956,6.69192,-7.50677,6.67917,-5.00182,6.32181,-5.02013,0.0323637,1,1.21217,0.139216,0.0261288,0.118704
6.86522,-7.02438,0.14146,0.5,2,2.02982,6.79067,-4.99592,6.88249,-7.49424,6.88249,-7.49424,6.79067,-4.99592,6.43212,-5.00499,0.029825,2,2,-0.0227497,0.0109521,0.111592
6.96245,-7.00169,0.328067,0.5,2,2.01131,6.93449,-4.99058,6.96925,-7.49034,6.88249,-7.49424,6.93449,-4.99058,6.58058,-4.9992,0.0113113,1,-0.399074,-0.18198,0.0178217,0.101734
7.05695,-6.969,0.314549,0.5,2,1.97947,7.09073,-4.98983,7.04807,-7.48946,7.04807,-7.48946,7.09073,-4.98983,6.74143,-4.98188,-0.0205344,2,-2,-0.272216,0.0163828,0.116987
7.15414,-6.94613,0.132159,0.5,2,1.95403,7.16873,-4.99216,7.15006,-7.49209,7.04807,-7.48946,7.16873,-4.99216,6.82237,-4.97877,-0.045975,1,-0.788769,-0.207268,0,0.122742
7.25384,-6.93885,0.0314803,0.5,2,1.95218,7.12434,-4.99097,7.29018,-7.48546,7.29018,-7.48546,7.12434,-4.99097,6.77494,-4.98966,-0.0478221,2,-2,-0.0157622,0,0.117189
7.35356,-6.9438,-0.147929,0.5,2,1.96793,7.12996,-4.98862,7.41402,-7.47243,7.29018,-7.48546,7.12996,-4.98862,6.77365,-4.98906,-0.0320683,1,0.744708,0.141239,4.93098,0.111541
7.45241,-6.95885,-0.117373,0.5,2,1.99394,7.02849,-5.0105,7.56,-7.45335,7.29018,-7.48546,7.02849,-5.0105,6.66135,-5.02764,-0.00606287,1,1.20731,0.233196,2.4625,0.111517
7.55215,-6.96515,-0.0031191,0.5,2,2.03219,7.03231,-5.00058,7.67182,-7.4174,7.29018,-7.48546,7.03231,-5.00058,6.65405,-5.02336,0.032187,1,1.59706,0.336286,2.38815,0.113742
7.65179,-6.958,0.151131,0.5,2,2.04429,7.06575,-4.99951,7.78243,-7.39458,7.29018,-7.48546,7.06575,-4.99951,6.67534,-5.01308,0.0442879,1,1.34454,0.108342,2.01954,0.111692
7.74927,-6.93603,0.28912,0.5,2,2.06405,7.09211,-4.97939,7.88807,-7.3493,7.29018,-7.48546,7.09211,-4.97939,6.68953,-4.98952,0.0640478,1,1.60693,0.170797,1.97112,0.115692
7.84255,-6.90028,0.44614,0.5,2,2.05451,7.15465,-4.96435,7.99171,-7.32005,7.29018,-7.48546,7.15465,-4.96435,6.74757,-4.96977,0.0545146,1,1.0456,-0.0851705,1.59374,0.11193
7.92999,-6.85185,0.558558,0.5,2,2.04054,7.16549,-4.95994,8.10213,-7.27785,7.29018,-7.48546,7.16549,-4.95994,6.74758,-4.95981,0.0405362,1,0.380216,-0.111716,1.71233,0.125126
8.01313,-6.79631,0.609222,0.5,2,2.03447,7.15636,-4.95104,8.20918,-7.21855,7.29018,-7.48546,7.15636,-4.95104,6.72307,-4.94744,0.0344656,1,0.952222,-0.0542564,2.17855,0.111888
8.09281,-6.73593,0.695292,0.5,2,2.0152,7.18303,-4.93779,8.31167,-7.16852,7.29018,-7.48546,7.18303,-4.93779,6.74067,-4.93094,0.0151978,1,-0.0865291,-0.167711,1.62858,0.114887
8.169,-6.67117,0.701181,0.5,2,1.99001,7.19892,-4.93362,8.41761,-7.11646,7.29018,-7.48546,7.19892,-4.93362,6.74505,-4.92365,-0.00999045,1,-0.393129,-0.216871,1.92601,0.116144
8.24637,-6.60783,0.666774,0.5,2,1.98337,7.18939,-4.92957,8.5217,-7.04498,7.29018,-7.48546,7.18939,-4.92957,6.71202,-4.91586,-0.0166324,1,-0.146148,-0.0588911,2.09698,0.112784
8.32556,-6.54676,0.649443,0.5,2,1.9672,7.19132,-4.93947,8.63276,-6.98208,7.29018,-7.48546,7.19132,-4.93947,6.69816,-4.93126,-0.0327985,1,-0.479072,-0.130065,2.24783,0.124293
8.4063,-6.48777,0.607528,0.5,2,1.96576,7.20123,-4.9347,8.7338,-6.90985,7.29018,-7.48546,7.20123,-4.9347,6.68863,-4.93076,-0.0342361,1,-0.281525,-0.0130802,2.23721,0.109902
8.48935,-6.43208,0.576412,0.5,2,1.99008,7.15706,-4.95376,8.83072,-6.81087,7.29018,-7.48546,7.15706,-4.95376,6.58102,-4.94252,-0.0099175,1,1.13399,0.213407,2.36581,0.113954
8.57108,-6.37454,0.668579,0.5,2,1.99685,7.17629,-4.94557,8.92253,-6.7346,7.29018,-7.48546,7.17629,-4.94557,6.5624,-4.93151,-0.00315297,1,0.824389,0.0577107,2.34037,0.117214
8.64657,-6.30901,0.756591,0.5,2,2.00396,7.19659,-4.92575,9.00549,-6.6514,7.29018,-7.48546,7.19659,-4.92575,7.19906,-4.26833,0.00396061,1,0.977314,0.0634301,2.3175,0.112148
8.71598,-6.23707,0.852028,0.5,2,2.0217,7.19442,-4.90586,9.07596,-6.55201,7.29018,-7.48546,7.19442,-4.90586,7.22534,-4.31655,0.0216959,1,1.38323,0.155871,2.21957,0.113781
8.77697,-6.15792,0.982639,0.5,2,2.02223,7.22105,-4.86621,9.14458,-6.4631,7.29018,-7.48546,7.22105,-4.86621,7.24585,-4.2873,0.022228,1,1.06402,0.00511115,2.21674,0.104116
8.82759,-6.07173,1.09319,0.5,2,2.0092,7.20968,-4.88043,9.22282,-6.36274,7.29018,-7.48546,7.20968,-4.88043,7.25461,-4.36322,0.00919771,1,0.01806,-0.110225,1.9992,0.118216
8.87195,-5.98211,1.11382,0.5,2,1.9849,7.22994,-4.86692,9.29807,-6.27151,7.29018,-7.48546,7.22994,-4.86692,7.26436,-4.36423,-0.0150988,1,-0.436454,-0.224108,2.07104,0.108414
8.91763,-5.89316,1.07472,0.5,2,1.98229,7.22607,-4.85969,9.35942,-6.16307,7.29018,-7.48546,7.22607,-4.85969,7.25882,-4.37723,-0.0177139,1,-0.0500634,-0.0218039,1.86238,0.119937
8.96586,-5.80556,1.06469,0.5,2,1.98232,7.21554,-4.87499,9.42296,-6.04858,7.29018,-7.48546,7.21554,-4.87499,7.25933,-4.42375,-0.0176796,1,-0.033745,0.00029737,1.88446,0.115453
9.01451,-5.71819,1.06107,0.5,2,1.98371,7.23469,-4.84222,9.47774,-5.94618,7.29018,-7.48546,7.23469,-4.84222,7.25525,-4.38259,-0.0162921,1,-0.0260211,0.0124633,2.05775,0.111325
9.06342,-5.63097,1.05837,0.5,2,1.99797,7.22922,-4.83876,9.5243,-5.83003,7.29018,-7.48546,7.22922,-4.83876,7.2637,-4.40052,-0.00202799,1,0.983463,0.132357,1.85968,0.10777
9.10903,-5.54202,1.14561,0.5,2,2.00484,7.22946,-4.84446,9.57325,-5.7143,7.29018,-7.48546,7.22946,-4.84446,7.24943,-4.40864,0.00483966,1,0.888399,0.0577752,2.43416,0.118868
9.14606,-5.44916,1.23588,0.5,2,2.01762,7.22925,-4.81934,9.60433,-5.59974,7.29018,-7.48546,7.22925,-4.81934,7.26387,-4.3977,0.0176241,1,1.19851,0.115797,1.87502,0.110404
9.17348,-5.35306,1.35263,0.5,2,2.01112,7.2355,-4.8156,9.64457,-5.4837,7.29018,-7.48546,7.2355,-4.8156,7.26599,-4.40201,0.0111248,1,0.101224,-0.0574131,2.60272,0.113202
9.19314,-5.25501,1.37921,0.5,2,2.00949,7.24315,-4.76965,9.66913,-5.37349,7.29018,-7.48546,7.24315,-4.76965,7.27911,-4.36341,0.00948763,1,0.628253,-0.0161561,3.72075,0.101338
9.20967,-5.1564,1.43571,0.5,2,2.00393,7.24084,-4.78297,9.69705,-5.24884,7.29018,-7.48546,7.24084,-4.78297,7.27772,-4.38603,0.0039289,1,0.0461712,-0.0493792,0,0.112572
9.22206,-5.05717,1.44964,0.5,2,2.00113,7.24012,-4.78069,9.71614,-5.1261,9.71614,-5.1261,7.24012,-4.78069,7.28345,-4.39186,0.00112915,2,-2,-0.0254976,0,0.109804
9.24153,-4.95924,1.27624,0.5,2,2.00733,7.25314,-4.68415,9.72955,-5.02676,9.71614,-5.1261,7.25314,-4.68415,7.30631,-4.29755,0.00732827,1,0.961881,0.0562727,0,0.110162
9.26914,-4.86316,1.33689,0.5,2,2.02679,7.24834,-4.7076,9.74096,-4.89948,9.74096,-4.89948,7.24834,-4.7076,7.27529,-4.31389,0.0267854,2,2,0.161061,0.00050668,0.120806
9.28407,-4.76444,1.51924,0.5,2,2.03633,7.25259,-4.62402,9.74664,-4.79641,9.74096,-4.89948,7.25259,-4.62402,7.28293,-4.22996,0.0363319,1,1.28781,0.0815221,0.000119815,0.117103
9.28168,-4.66454,1.66013,0.5,2,2.02681,7.26554,-4.45684,9.75238,-4.71303,9.75238,-4.71303,7.26554,-4.45684,7.30053,-4.06331,0.026809,2,-2,-0.0838574,0.00903669,0.113561
9.27764,-4.56476,1.51602,0.5,2,2.00957,7.29945,-4.21102,9.76042,-4.65109,9.75238,-4.71303,7.29945,-4.21102,7.37123,-3.82766,0.00956655,1,-0.176631,-0.154377,0.00743526,0.11169
9.28667,-4.46517,1.46918,0.5,2,2.0043,7.30102,-4.19239,9.77776,-4.53263,9.77776,-4.53263,7.30102,-4.19239,7.3588,-3.80804,0.00430226,2,-2,-0.0451827,0.0245693,0.116511
9.30403,-4.36684,1.29836,0.5,2,2.00658,7.32561,-4.03187,9.79053,-4.44921,9.77776,-4.53263,7.32561,-4.03187,7.2651,-4.38073,0.00658226,1,0.886173,0.0204262,0.00387335,0.111621
9.33029,-4.27037,1.34657,0.5,2,2.02137,7.31943,-4.06444,9.80642,-4.31913,9.80642,-4.31913,7.31943,-4.06444,7.28257,-4.41904,0.0213721,2,2,0.13407,0.0936247,0.110314
9.3439,-4.17146,1.5332,0.5,2,2.0266,7.32898,-3.95421,9.81457,-4.22221,9.80642,-4.31913,7.32898,-3.95421,7.29228,-4.30939,0.0266047,1,1.21255,0.0460342,0.0198335,0.113667
9.34071,-4.07158,1.66391,0.5,2,2.01328,7.34542,-3.80304,9.82308,-4.1365,9.82308,-4.1365,7.34542,-3.80304,7.30022,-4.15477,0.0132813,2,-2,-0.108048,0.107856,0.123309
9.33668,-3.9718,1.51531,0.5,2,1.99319,7.38131,-3.58536,9.83387,-4.07006,9.82308,-4.1365,7.38131,-3.58536,7.30745,-3.93002,-0.00680649,1,-0.253798,-0.17793,0,0.112897
9.34576,-3.87222,1.46548,0.5,2,1.98892,7.36786,-3.66314,9.85401,-3.92594,9.85401,-3.92594,7.36786,-3.66314,7.42078,-3.28244,-0.0110803,2,-2,-0.0352193,0,0.121347
9.36374,-3.774,1.29168,0.5,2,1.99727,7.37405,-3.60018,9.86456,-3.81775,9.85401,-3.92594,7.37405,-3.60018,7.43488,-3.22118,-0.00273073,1,1.06573,0.070309,0.0942501,0.118755
9.3905,-3.67768,1.3492,0.5,2,2.0112,7.39302,-3.44314,9.87597,-3.73468,9.87597,-3.73468,7.39302,-3.44314,7.36231,-3.79474,0.0111952,2,2,0.115768,0.0924089,0.120291
9.4042,-3.57878,1.53145,0.5,2,2.01478,7.40554,-3.32435,9.88553,-3.64005,9.87597,-3.73468,7.40554,-3.32435,7.36761,-3.74783,0.0147834,1,1.15364,0.0330742,0.0134135,0.10849
9.40119,-3.47888,1.6595,0.5,2,2.00016,7.4201,-3.20337,9.89627,-3.54774,9.89627,-3.54774,7.4201,-3.20337,7.36935,-3.55277,0.000160456,2,-2,-0.136248,0.0106474,0.107326
9.39849,-3.37907,1.5005,0.5,2,1.97945,7.4625,-2.96658,9.90762,-3.48754,9.89627,-3.54774,7.4625,-2.96658,7.54316,-2.59047,-0.0205522,1,-0.268028,-0.187022,0.00642023,0.11075
9.40924,-3.27965,1.44772,0.5,2,1.97203,7.47379,-2.90162,9.92742,-3.38086,9.92742,-3.38086,7.47379,-2.90162,7.41079,-3.24296,-0.0279694,2,-2,-0.0690709,0.0778695,0.107385
9.42884,-3.18174,1.27543,0.5,2,1.97284,7.49857,-2.77415,9.94463,-3.29066,9.92742,-3.38086,7.49857,-2.77415,7.58922,-2.40378,-0.027162,1,0.103176,0.0074444,0.0879357,0.108458
9.46024,-3.0868,1.2542,0.5,2,1.98501,7.54412,-2.56837,9.95735,-3.2213,9.95735,-3.2213,7.54412,-2.56837,7.47494,-2.90823,-0.0149862,2,2,0.116501,0.138172,0.104512
9.4841,-2.98985,1.42765,0.5,2,1.98965,7.53235,-2.60332,9.98473,-3.08899,9.95735,-3.2213,7.53235,-2.60332,7.47088,-2.9476,-0.0103456,1,0.837739,0.0414631,0.0654417,0.111921
9.49241,-2.89023,1.53118,0.5,2,1.98087,7.53741,-2.57113,10.0048,-2.97386,10.0048,-2.97386,7.53741,-2.57113,7.60432,-2.19292,-0.01913,2,-2,-0.0793204,0.101869,0.110746
9.5024,-2.79087,1.37374,0.5,2,1.97099,7.5842,-2.33777,10.0172,-2.91248,10.0048,-2.97386,7.5842,-2.33777,7.67426,-1.9658,-0.0290098,1,-0.171714,-0.085339,0.0687541,0.115772
9.52545,-2.69357,1.32732,0.5,2,1.9748,7.59345,-2.28466,10.0393,-2.80232,10.0393,-2.80232,7.59345,-2.28466,7.5138,-2.62507,-0.0252049,2,-2,0.035805,0.113045,0.106268
9.55728,-2.59894,1.14743,0.5,2,1.98646,7.6161,-2.17721,10.0591,-2.70796,10.0393,-2.80232,7.6161,-2.17721,7.69678,-1.79933,-0.0135387,1,1.08349,0.10254,0.0611846,0.113773
9.59706,-2.50723,1.21261,0.5,2,2.01055,7.60871,-2.20927,10.0811,-2.57977,10.0811,-2.57977,7.60871,-2.20927,7.55964,-2.55978,0.0105541,2,2,0.22089,0.0310696,0.109071
9.62347,-2.41095,1.40253,0.5,2,2.02457,7.62188,-2.10677,10.0935,-2.48238,10.0811,-2.57977,7.62188,-2.10677,7.56676,-2.45974,0.0245714,1,1.45039,0.121225,0.0169284,0.115631
9.63245,-2.31144,1.55361,0.5,2,2.01845,7.64457,-1.96148,10.1067,-2.39494,10.1067,-2.39494,7.64457,-1.96148,7.58444,-2.312,0.0184503,2,-2,-0.0505439,0.00414427,0.121106
9.63937,-2.21182,1.40537,0.5,2,2.00377,7.70828,-1.67707,10.1176,-2.34425,10.1067,-2.39494,7.70828,-1.67707,7.83177,-1.31144,0.00376558,1,-0.0122927,-0.130272,0.160603,0.112723
9.65844,-2.11366,1.37631,0.5,2,1.99519,7.78529,-1.42658,10.1324,-2.2875,10.1324,-2.2875,7.78529,-1.42658,7.68764,-1.76107,-0.00480986,2,-2,-0.0718501,2.91307,0.119352
9.68478,-2.01734,1.20613,0.5,2,1.98588,7.8059,-1.37428,10.1712,-2.18382,10.1324,-2.2875,7.8059,-1.37428,7.69529,-1.70601,-0.0141171,1,-0.0724128,-0.0827314,0,0.1125
9.72311,-1.92498,1.1719,0.5,2,1.99894,7.78233,-1.4463,10.2096,-2.04497,10.2096,-2.04497,7.78233,-1.4463,7.86944,-1.0663,-0.0010643,2,2,0.113954,0.156246,0.114545
9.75524,-1.83044,1.34082,0.5,2,2.0124,7.78102,-1.44036,10.2336,-1.92496,10.2096,-2.04497,7.78102,-1.44036,7.85805,-1.0571,0.0123971,1,1.3082,0.117422,0.0434955,0.114641
9.77085,-1.73174,1.47994,0.5,2,2.00789,7.80834,-1.30722,10.2518,-1.83579,10.2518,-1.83579,7.80834,-1.30722,7.89693,-0.928349,0.00789309,2,-2,-0.0386584,0.174255,0.116507
9.78612,-1.63307,1.31964,0.5,2,1.99672,7.88067,-1.03628,10.2664,-1.78349,10.2518,-1.83579,7.88067,-1.03628,7.9969,-0.66602,-0.00328445,1,-0.0387003,-0.0972249,0.141139,0.114966
9.81329,-1.53683,1.29223,0.5,2,1.99744,7.88356,-1.02117,10.2988,-1.66657,10.2988,-1.66657,7.88356,-1.02117,7.98654,-0.647411,-0.00255859,2,-2,0.0063495,0.751584,0.114319
9.84829,-1.44332,1.1138,0.5,2,2.00492,7.93287,-0.850992,10.3213,-1.58959,10.2988,-1.66657,7.93287,-0.850992,7.83126,-1.18909,0.00491619,1,1.1114,0.0632453,0.00962349,0.118187
9.8908,-1.35285,1.1845,0.5,2,2.02448,7.91927,-0.892847,10.3539,-1.4609,10.3539,-1.4609,7.91927,-0.892847,7.84295,-1.24074,0.0244825,2,2,0.165173,0.00993848,0.118459
9.92018,-1.25743,1.37117,0.5,2,2.03343,7.94242,-0.784873,10.374,-1.36586,10.3539,-1.4609,7.94242,-0.784873,7.86267,-1.13382,0.0334251,1,1.41725,0.0839045,0.022502,0.106581
9.93235,-1.15826,1.51988,0.5,2,2.02287,7.97766,-0.637528,10.3934,-1.28109,10.3934,-1.28109,7.97766,-0.637528,7.88872,-0.982443,0.0228705,2,-2,-0.0922302,0.0241835,0.114437
9.94267,-1.05893,1.37114,0.5,2,2.00413,8.05279,-0.391939,10.4103,-1.22397,10.3934,-1.28109,8.05279,-0.391939,8.18627,-0.0268308,0.00412822,1,-0.0941853,-0.164329,0.0414361,0.114054
9.96555,-0.961589,1.33314,0.5,2,1.99518,8.09815,-0.259046,10.438,-1.13935,10.438,-1.13935,8.09815,-0.259046,7.988,-0.590892,-0.00481987,2,-2,-0.0797552,0.0327848,0.112194
9.99612,-0.866535,1.16172,0.5,2,1.99094,8.11866,-0.203968,10.4762,-1.03595,10.438,-1.13935,8.11866,-0.203968,8.00099,-0.534873,-0.00905919,1,0.108343,-0.0343971,0.0160211,0.123246
10.0386,-0.775985,1.13461,0.5,2,2.00514,8.11101,-0.223565,10.5143,-0.912319,10.5143,-0.912319,8.11101,-0.223565,8.22223,0.149151,0.00514364,2,2,0.129686,0.0370126,0.109517
10.0735,-0.682454,1.31191,0.5,2,2.01515,8.1348,-0.132641,10.54,-0.814741,10.5143,-0.912319,8.1348,-0.132641,8.03628,-0.474324,0.015146,1,1.23651,0.0830951,0.0210666,0.120373
10.092,-0.584255,1.44701,0.5,2,2.00675,8.17391,0.00555866,10.5635,-0.729229,10.5635,-0.729229,8.17391,0.00555866,8.28798,0.37871,0.00674725,2,-2,-0.0757448,0.193055,0.110883
10.1109,-0.486205,1.28261,0.5,2,1.99236,8.25732,0.24438,10.5832,-0.672353,10.5635,-0.729229,8.25732,0.24438,8.12861,-0.0824788,-0.00764072,1,-0.132756,-0.119979,0.0127376,0.119921
10.1427,-0.391408,1.23759,0.5,2,1.99127,8.26097,0.259882,10.6235,-0.557801,10.6235,-0.557801,8.26097,0.259882,8.14334,-0.0714754,-0.00873196,2,-2,-0.0101245,0.0186521,0.107782
10.1826,-0.299857,1.06187,0.5,2,1.99767,8.30727,0.388612,10.6541,-0.472977,10.6235,-0.557801,8.30727,0.388612,8.47469,0.773964,-0.0023284,1,1.00902,0.0555222,0.00877595,0.115333
10.2312,-0.212498,1.10861,0.5,2,2.01716,8.29689,0.359784,10.6942,-0.349484,10.6942,-0.349484,8.29689,0.359784,8.42565,0.726656,0.0171573,2,2,0.179545,0.138227,0.108529
10.2677,-0.119598,1.29473,0.5,2,2.01965,8.40614,0.66361,10.7105,-0.305877,10.6942,-0.349484,8.40614,0.66361,8.2852,0.331456,0.0196471,1,1.15563,0.0219177,0.130498,0.113598
10.2884,-0.0218123,1.42127,0.5,2,2.00544,8.43651,0.747805,10.7451,-0.211609,10.7451,-0.211609,8.43651,0.747805,8.30788,0.419691,0.00543523,2,-2,-0.120326,0.149575,0.118112
10.3083,0.0760552,1.27492,0.5,2,1.98471,8.49448,0.881811,10.7792,-0.133142,10.7451,-0.211609,8.49448,0.881811,8.64532,1.23842,-0.0152873,1,-0.248546,-0.189411,0,0.109405
10.3409,0.170569,1.22379,0.5,2,1.98132,8.47769,0.844385,10.8287,-0.00582416,10.8287,-0.00582416,8.47769,0.844385,8.61276,1.20411,-0.0186751,2,-2,-0.0315403,0.183348,0.107412
10.3824,0.261372,1.04306,0.5,2,1.98751,8.52989,0.981311,10.8601,0.0757344,10.8287,-0.00582416,8.52989,0.981311,8.67223,1.33989,-0.0124853,1,0.953964,0.0546928,0.153676,0.113174
10.4313,0.348583,1.10596,0.5,2,2.00587,8.51967,0.956206,10.9022,0.198901,10.9022,0.198901,8.51967,0.956206,8.63846,1.32742,0.0058744,2,2,0.157878,0.150618,0.11629
10.4682,0.44136,1.29132,0.5,2,2.01432,8.55259,1.06426,10.9301,0.291171,10.9022,0.198901,8.55259,1.06426,8.44439,0.726258,0.0143216,1,1.34465,0.0748612,0.024581,0.112838
10.4884,0.539214,1.43496,0.5,2,2.00344,8.6032,1.2173,10.9557,0.371148,10.9557,0.371148,8.6032,1.2173,8.48644,0.884407,0.0034399,2,-2,-0.0971513,0.0209319,0.112007
10.5072,0.637289,1.28513,0.5,2,1.98492,8.68509,1.42457,10.98,0.432991,10.9557,0.371148,8.68509,1.42457,8.91718,1.85154,-0.0150821,1,-0.11752,-0.155948,0.0117998,0.11877
10.5389,0.732133,1.23949,0.5,2,1.97853,8.7042,1.47274,11.0224,0.536932,11.0224,0.536932,8.7042,1.47274,8.87715,1.81056,-0.0214734,2,-2,-0.054604,0.764661,0.117048
10.5777,0.824151,1.07526,0.5,2,1.96135,8.90342,1.84581,11.0375,0.543572,11.0224,0.536932,8.90342,1.84581,8.72027,1.51464,-0.0386466,1,-0.284916,-0.147723,0.268552,0.116252
10.6288,0.910096,1.01761,0.5,2,1.96504,8.8732,1.79289,11.1067,0.669765,11.1067,0.669765,8.8732,1.79289,8.70913,1.48585,-0.0349619,2,-2,0.0343738,0,0.107193
10.6882,0.990363,0.83476,0.5,2,1.98355,8.87852,1.80258,11.1593,0.778889,11.1067,0.669765,8.87852,1.80258,9.02598,2.16168,-0.0164504,1,1.28242,0.154325,0,0.119952
10.7534,1.06604,0.92033,0.5,2,2.01876,8.83644,1.69888,11.2104,0.915179,11.2104,0.915179,8.83644,1.69888,8.9566,2.0731,0.0187593,2,2,0.310764,0,0.1133
10.8065,1.15064,1.11028,0.5,2,2.04441,8.8664,1.79546,11.2388,1.00694,11.2104,0.915179,8.8664,1.79546,8.99458,2.17098,0.0444098,1,1.79983,0.233959,0.0434645,0.109637
10.8424,1.24379,1.29227,0.5,2,2.04893,8.91657,1.94318,11.2664,1.08983,11.2664,1.08983,8.91657,1.94318,9.05111,2.31837,0.0489349,2,2,0.0379177,0.281311,0.119342
10.8605,1.34199,1.48907,0.5,2,2.0335,8.95802,2.06022,11.2969,1.17722,11.2664,1.08983,8.95802,2.06022,9.09921,2.42904,0.0335021,1,0.269868,-0.134041,0.297502,0.115135
10.8649,1.44189,1.542,0.5,2,2.002,9.01728,2.21285,11.3245,1.25011,11.3245,1.25011,9.01728,2.21285,8.88118,1.88711,0.00199986,2,-2,-0.266646,0.00896361,0.118143
10.8742,1.54131,1.38059,0.5,2,1.97107,9.07211,2.33981,11.3578,1.32703,11.3245,1.25011,9.07211,2.33981,8.92999,2.02238,-0.0289274,1,-0.452424,-0.273166,0.0113864,0.113218
10.8973,1.63859,1.31368,0.5,2,1.95515,9.08109,2.36251,11.4034,1.43686,11.4034,1.43686,9.08109,2.36251,9.22764,2.71179,-0.0448456,2,-2,-0.150071,0.011467,0.106071
10.9304,1.73278,1.1338,0.5,2,1.94966,9.13626,2.49576,11.4369,1.51741,11.4034,1.43686,9.13626,2.49576,9.28966,2.84107,-0.0503434,1,-0.212759,-0.046669,0.0399386,0.117804
10.9755,1.82203,1.09108,0.5,2,1.95935,9.15232,2.53969,11.4786,1.62401,11.4786,1.62401,9.15232,2.53969,9.29786,2.89023,-0.0406458,2,-2,0.0830342,0.0516367,0.11679
11.0279,1.90706,0.921463,0.5,2,1.97403,9.25672,2.77874,11.4998,1.67481,11.4786,1.62401,9.25672,2.77874,9.11937,2.46168,-0.0259695,1,1.08377,0.13747,0.0879636,0.10676
11.087,1.98768,0.989751,0.5,2,1.99929,9.19994,2.6482,11.5596,1.82225,11.5596,1.82225,9.19994,2.6482,9.08393,2.31539,-0.000709057,2,2,0.206558,0.0401612,0.122292
11.1344,2.07552,1.17417,0.5,2,2.01806,9.22318,2.72337,11.5909,1.92081,11.5596,1.82225,9.22318,2.72337,9.1043,2.38708,0.0180647,1,1.48718,0.161629,0.0210416,0.116154
11.1653,2.17053,1.33161,0.5,2,2.01718,9.26624,2.85066,11.6199,2.00774,11.6199,2.00774,9.26624,2.85066,9.40172,3.21786,0.0171845,2,2,-0.00793871,0.0598583,0.11088
11.1798,2.26932,1.52494,0.5,2,1.99813,9.30974,2.97323,11.6495,2.09251,11.6199,2.00774,9.30974,2.97323,9.44745,3.33619,-0.0018692,1,-0.145223,-0.166778,0.0544729,0.114246
11.1823,2.36928,1.54046,0.5,2,1.96447,9.37051,3.1286,11.6762,2.16229,11.6762,2.16229,9.37051,3.1286,9.23446,2.80962,-0.0355301,2,-2,-0.287147,0.00876559,0.117225
11.1926,2.46861,1.37013,0.5,2,1.93441,9.43229,3.27071,11.7072,2.23408,11.6762,2.16229,9.43229,3.27071,9.29514,2.95922,-0.0655912,1,-0.647357,-0.265408,0.0161172,0.113264
11.2174,2.56546,1.28646,0.5,2,1.92075,9.44016,3.29404,11.7533,2.34574,11.7533,2.34574,9.44016,3.29404,9.31079,2.98086,-0.0792484,2,-2,-0.115727,0.0100196,0.118013
11.2531,2.65871,1.10675,0.5,2,1.91866,9.48157,3.39567,11.7898,2.43541,11.7533,2.34574,9.48157,3.39567,9.35265,3.08309,-0.0813364,1,-0.383722,-0.0183074,0.0324278,0.11405
11.3011,2.74639,1.04898,0.5,2,1.93209,9.49613,3.43557,11.8317,2.54381,11.8317,2.54381,9.49613,3.43557,9.3754,3.11715,-0.0679132,2,-2,0.118562,0.0444899,0.113217
11.3572,2.82899,0.876458,0.5,2,1.95404,9.54271,3.55411,11.8642,2.62639,11.8317,2.54381,9.54271,3.55411,9.41431,3.23428,-0.0459555,1,1.02873,0.190811,0.0409867,0.115075
11.4203,2.90657,0.936928,0.5,2,1.98838,9.52203,3.49847,11.9087,2.75427,11.9087,2.75427,9.52203,3.49847,9.41528,3.16406,-0.0116194,2,2,0.30602,0.000758005,0.112202
11.4721,2.99191,1.1243,0.5,2,2.0141,9.54175,3.56672,11.9378,2.85324,11.9087,2.75427,9.54175,3.56672,9.43212,3.22731,0.0140972,1,1.52592,0.229344,0,0.112132
11.5077,3.08527,1.28353,0.5,2,2.02762,9.54426,3.59154,11.9651,2.96731,11.9087,2.75427,9.54426,3.59154,9.42335,3.24781,0.0276163,1,1.46493,0.129645,3.91344,0.104278
11.5288,3.18291,1.43082,0.5,2,2.02036,9.56862,3.67238,11.9941,3.06671,11.9087,2.75427,9.56862,3.67238,9.44094,3.32966,0.0203633,1,0.39227,-0.0634734,0,0.114267
11.5394,3.28234,1.48506,0.5,2,2.01745,9.55845,3.66426,12.0132,3.19099,11.9087,2.75427,9.55845,3.66426,9.42306,3.31604,0.0174515,1,0.900424,-0.0259791,2.74627,0.112083
11.5444,3.38218,1.56494,0.5,2,2.00306,9.56251,3.67257,12.0361,3.31014,11.9087,2.75427,9.56251,3.67257,9.41457,3.3203,0.00305772,1,-0.0610739,-0.14287,2.12373,0.100748
11.544,3.48218,1.57326,0.5,2,1.99827,9.55613,3.68618,12.0431,3.43096,11.9087,2.75427,9.55613,3.68618,9.41199,3.32784,-0.00172949,1,0.144193,-0.0423308,1.61264,0.11309
11.5432,3.58218,1.58501,0.5,2,1.97709,9.57143,3.72649,12.0648,3.54401,11.9087,2.75427,9.57143,3.72649,9.42735,3.36673,-0.0229141,1,-0.425244,-0.187415,1.29665,0.113035
11.5433,3.68217,1.54931,0.5,2,1.97877,9.56456,3.69015,12.0645,3.68007,11.9087,2.75427,9.56456,3.69015,9.4034,3.31374,-0.021235,1,0.0378006,0.014048,2.2832,0.119523
11.5459,3.78214,1.54661,0.5,2,1.977,9.56965,3.72645,12.0687,3.79687,11.9087,2.75427,9.56965,3.72645,9.42381,3.34599,-0.022997,1,-0.161214,-0.0153647,1.58784,0.114681
11.5488,3.8821,1.53368,0.5,2,1.98487,9.5711,3.71349,12.0621,3.92585,11.9087,2.75427,9.5711,3.71349,9.40735,3.31338,-0.0151334,1,0.707327,0.06816,1.59644,0.11537
11.5504,3.98207,1.58877,0.5,2,2.00432,9.56573,3.70208,12.0412,4.05131,11.9087,2.75427,9.56573,3.70208,9.39309,3.27987,0.00431681,1,1.24637,0.180842,1.84804,0.107554
11.5431,4.08174,1.70533,0.5,2,2.01273,9.55922,3.74235,12.0234,4.1639,11.9087,2.75427,9.55922,3.74235,9.38936,3.31025,0.0127301,1,1.11272,0.0742998,1.84774,0.113235
11.5241,4.17985,1.81833,0.5,2,2.0132,9.55621,3.75501,11.9999,4.28258,11.9087,2.75427,9.55621,3.75501,9.3742,3.30326,0.0132043,1,0.942921,0.00406525,2.10621,0.116651
11.4948,4.27543,1.91534,0.5,2,2.02131,9.53134,3.79531,11.9598,4.38914,11.9087,2.75427,9.53134,3.79531,9.35049,3.33232,0.0213101,1,1.30355,0.0735949,2.12401,0.11014
11.4555,4.36732,2.03957,0.5,2,2.0035,9.53811,3.78628,11.9307,4.51131,11.9087,2.75427,9.53811,3.78628,9.32351,3.28763,0.00350356,1,-0.103613,-0.159597,2.30074,0.111572
11.4093,4.45598,2.0475,0.5,2,1.99619,9.52541,3.79579,11.8847,4.62261,11.9087,2.75427,9.52541,3.79579,9.24253,3.23942,-0.00380981,1,0.0382538,-0.064256,2.34378,0.113816
11.3633,4.54482,2.04976,0.5,2,1.98294,9.51766,3.81991,11.8446,4.73384,11.9087,2.75427,9.51766,3.81991,8.94847,4.09974,-0.0170645,1,-0.249093,-0.110414,2.35665,0.120045
11.3181,4.63398,2.0283,0.5,2,1.97481,9.517,3.82405,11.7971,4.84938,11.9087,2.75427,9.517,3.82405,8.98465,4.08612,-0.0251865,1,-0.278194,-0.0748599,2.35969,0.108497
11.2751,4.72429,2.00078,0.5,2,1.98033,9.50497,3.83647,11.7397,4.95726,11.9087,2.75427,9.50497,3.83647,8.95454,4.0748,-0.0196687,1,0.210435,0.0456335,2.3223,0.120917
11.233,4.81497,2.01596,0.5,2,1.98468,9.52304,3.80751,11.677,5.07656,11.9087,2.75427,9.52304,3.80751,9.05683,4.04411,-0.0153216,1,0.388606,0.0383068,2.03287,0.113481
11.1884,4.90447,2.0525,0.5,2,1.99541,9.50734,3.82941,11.6135,5.17632,11.9087,2.75427,9.50734,3.82941,9.04278,4.05498,-0.00458872,1,0.980185,0.097748,1.95635,0.109802
11.1385,4.99112,2.14105,0.5,2,2.00683,9.4881,3.84944,11.5441,5.27168,11.9087,2.75427,9.4881,3.84944,9.01489,4.06008,0.00683141,1,1.12948,0.0966929,1.91715,0.118107
11.0801,5.0722,2.25161,0.5,2,2.00133,9.5032,3.83984,11.473,5.37926,11.9087,2.75427,9.5032,3.83984,9.08101,4.05327,0.00132895,1,0.0717719,-0.0484663,1.54226,0.113532
11.0154,5.14846,2.27994,0.5,2,2.00947,9.46779,3.86674,11.3932,5.46134,11.9087,2.75427,9.46779,3.86674,9.05749,4.07959,0.00946903,1,1.0999,0.0824818,1.42736,0.0986895
10.947,5.22129,2.37965,0.5,2,2.00426,9.46559,3.87127,11.3134,5.55521,11.9087,2.75427,9.46559,3.87127,9.05617,4.06968,0.00425696,1,0.0951575,-0.0495843,1.12265,0.105115
10.8736,5.28928,2.39921,0.5,2,2.00233,9.44461,3.88671,11.2288,5.63788,11.9087,2.75427,9.44461,3.88671,9.04776,4.08238,0.00233173,1,0.189488,-0.0175904,3.31902,0.109448
10.7994,5.35627,2.41694,0.5,2,1.9996,9.44797,3.88248,11.1376,5.72509,11.9087,2.75427,9.44797,3.88248,9.07427,4.08067,-0.000400662,1,0.0260511,-0.0259376,4.37504,0.105345
10.7243,5.4223,2.42183,0.5,2,2.00703,9.42779,3.89023,11.0427,5.79861,11.9087,2.75427,9.42779,3.89023,9.05725,4.08385,0.00702643,1,0.919691,0.0708869,1.84974,0.104774
10.6469,5.48552,2.50218,0.5,2,2.00327,9.45145,3.878,10.9433,5.88412,11.9087,2.75427,9.45145,3.878,9.09133,4.06691,0.00326872,1,0.0149917,-0.037768,4.88391,0.0994946
10.566,5.54437,2.51363,0.5,2,2.00864,9.41449,3.89858,10.8477,5.94697,11.9087,2.75427,9.41449,3.89858,9.0584,4.08745,0.00864005,1,0.872926,0.0510376,4.72665,0.105243
10.4832,5.60045,2.58891,0.5,2,2.00906,9.42855,3.8905,10.741,6.0183,11.9087,2.75427,9.42855,3.8905,9.07858,4.07643,0.00905633,1,0.745195,0.00389028,4.75839,0.107005
10.3962,5.64955,2.66561,0.5,2,2.00787,9.41439,3.89807,10.6368,6.07884,10.6368,6.07884,9.41439,3.89807,9.07109,4.08554,0.00787234,2,2,-0.0107926,0,0.109704
10.3039,5.68763,2.84929,0.5,2,1.99963,9.37288,3.91794,10.5368,6.13046,10.6368,6.07884,9.37288,3.91794,9.02786,4.09763,-0.000372648,1,-0.103529,-0.0723025,0.0249644,0.114035
10.2075,5.71431,2.86839,0.5,2,1.97718,9.22927,3.99607,10.4662,6.16866,10.4662,6.16866,9.22927,3.99607,8.89892,4.19046,-0.0228214,2,-2,-0.192289,0.00150765,0.116745
10.1136,5.74825,2.69684,0.5,2,1.95845,9.0908,4.07809,10.3964,6.21008,10.4662,6.16866,9.0908,4.07809,8.76537,4.27605,-0.0415455,1,-0.620857,-0.167276,0.0193206,0.111935
10.0255,5.79564,2.61544,0.5,2,1.95646,9.07267,4.0869,10.2903,6.27035,10.2903,6.27035,9.07267,4.0869,8.74238,4.27432,-0.0435357,2,-2,-0.0180075,0.0283977,0.11052
9.94367,5.85279,2.43337,0.5,2,1.96569,8.9437,4.16045,10.2155,6.31279,10.2903,6.27035,8.9437,4.16045,9.2427,3.98573,-0.034307,1,0.139122,0.0820458,0.0266722,0.112482
9.86885,5.91913,2.42161,0.5,2,1.98898,8.95809,4.15092,10.1028,6.37343,10.1028,6.37343,8.95809,4.15092,8.61776,4.33223,-0.0110221,2,2,0.208847,0.00657871,0.111493
9.78901,5.97909,2.59556,0.5,2,2.00802,8.86849,4.1945,10.0146,6.41634,10.1028,6.37343,8.86849,4.1945,9.18429,4.0358,0.00801706,1,1.08751,0.162041,0.0284817,0.117496
9.70032,6.02516,2.718,0.5,2,2.0089,8.74884,4.25587,9.93291,6.45768,9.93291,6.45768,8.74884,4.25587,9.06095,4.08852,0.0089035,2,2,0.00757008,0.0168021,0.117098
9.60614,6.05832,2.90158,0.5,2,1.9953,8.64636,4.30902,9.84891,6.50079,9.93291,6.45768,8.64636,4.30902,8.95476,4.13965,-0.00469947,1,-0.401596,-0.119823,0.000213352,0.113525
9.50866,6.0806,2.89984,0.5,2,1.96731,8.47047,4.40953,9.78977,6.53308,9.78977,6.53308,8.47047,4.40953,8.76709,4.23137,-0.0326869,2,-2,-0.250783,0.00906717,0.1116
9.41382,6.11184,2.72542,0.5,2,1.94482,8.41667,4.4421,9.69847,6.58849,9.78977,6.53308,8.41667,4.4421,8.09666,4.64102,-0.0551766,1,-0.862708,-0.200136,0.00945538,0.112372
9.32493,6.15757,2.62209,0.5,2,1.93982,8.3619,4.47368,9.60303,6.64384,9.60303,6.64384,8.3619,4.47368,8.03699,4.66366,-0.060177,2,-2,-0.0442604,0.0186336,0.112976
9.2429,6.21449,2.43573,0.5,2,1.94817,8.25581,4.5349,9.5225,6.69024,9.60303,6.64384,8.25581,4.5349,8.55178,4.36036,-0.0518286,1,-0.306985,0.0742404,0.0234593,0.11245
9.16898,6.28183,2.38641,0.5,2,1.97189,8.23508,4.54511,9.4191,6.74695,9.4191,6.74695,8.23508,4.54511,8.54118,4.38006,-0.0281092,2,2,0.196337,0.0204154,0.12081
9.09142,6.3447,2.55873,0.5,2,1.99395,8.20497,4.55864,9.31639,6.798,9.4191,6.74695,8.20497,4.55864,7.86082,4.7349,-0.00605416,1,0.93042,0.185337,0.000893702,0.119
9.00462,6.39427,2.67102,0.5,2,1.99864,8.06749,4.62895,9.2397,6.8371,9.2397,6.8371,8.06749,4.62895,8.37885,4.46398,-0.00135946,2,2,0.0463067,0.0242895,0.101383
8.912,6.43154,2.85819,0.5,2,1.98946,7.97071,4.67885,9.15355,6.88132,9.2397,6.8371,7.97071,4.67885,8.27971,4.51271,-0.0105391,1,-0.463822,-0.077776,0.0187205,0.118026
8.81558,6.45805,2.85369,0.5,2,1.9658,7.81799,4.76419,9.08667,6.91836,9.08667,6.91836,7.81799,4.76419,7.4936,4.96359,-0.0342041,2,-2,-0.212653,0.00359589,0.111285
8.72262,6.49446,2.66905,0.5,2,1.94852,7.68791,4.84337,9.01547,6.96176,9.08667,6.91836,7.68791,4.84337,7.98016,4.66369,-0.0514847,1,-0.895243,-0.144207,0.00923775,0.119831
8.6364,6.54506,2.56517,0.5,2,1.94937,7.66092,4.85731,8.91194,7.02179,8.91194,7.02179,7.66092,4.85731,7.95857,4.68544,-0.0506283,2,-2,0.00702624,0.00930129,0.121886
8.55742,6.60614,2.38505,0.5,2,1.96245,7.56593,4.91258,8.82901,7.07004,8.91194,7.02179,7.56593,4.91258,7.86433,4.73717,-0.0375477,1,0.384532,0.116736,0.00353211,0.112052
8.48566,6.67578,2.38774,0.5,2,1.9902,7.54541,4.9217,8.72651,7.1251,8.72651,7.1251,7.54541,4.9217,7.85643,4.76116,-0.0098021,2,2,0.23549,0.00762688,0.117821
8.40796,6.73849,2.56027,0.5,2,2.01284,7.48454,4.94996,8.63145,7.17136,8.72651,7.1251,7.48454,4.94996,7.79984,4.78691,0.0128419,1,1.06328,0.210376,0.00818638,0.107636
8.32102,6.7878,2.67972,0.5,2,2.01731,7.35957,5.01435,8.55107,7.21215,8.55107,7.21215,7.35957,5.01435,7.67298,4.84694,0.0173059,2,2,0.0401917,0.0196832,0.111065
8.22808,6.82429,2.8666,0.5,2,2.00711,7.26251,5.0647,8.4652,7.25639,8.55107,7.21215,7.26251,5.0647,7.57327,4.89592,0.00710607,1,-0.377407,-0.090985,0.0133295,0.112104
8.13142,6.84988,2.8669,0.5,2,1.98246,7.11813,5.14595,8.39595,7.29472,8.39595,7.29472,7.11813,5.14595,6.78806,5.34418,-0.0175446,2,-2,-0.217362,0.00124113,0.113409
8.0376,6.88407,2.69448,0.5,2,1.96288,7.00857,5.21255,8.31918,7.34146,8.39595,7.29472,7.00857,5.21255,7.30285,5.02997,-0.0371174,1,-0.891084,-0.17659,0.0096759,0.110837
7.95017,6.93253,2.58985,0.5,2,1.96108,6.95153,5.24476,8.2246,7.39634,8.2246,7.39634,6.95153,5.24476,7.2495,5.06967,-0.0389159,2,-2,-0.0160271,0.0105104,0.112217
7.86987,6.99186,2.40649,0.5,2,1.9722,6.88023,5.28593,8.13471,7.4484,8.2246,7.39634,6.88023,5.28593,7.18121,5.11191,-0.0277972,1,0.408511,0.0965874,0.0368802,0.115115
7.79657,7.05988,2.41121,0.5,2,1.99772,6.86338,5.29352,8.0312,7.504,8.0312,7.504,6.86338,5.29352,7.17546,5.13089,-0.00228071,2,2,0.227319,0.0149478,0.11225
7.71732,7.12062,2.58574,0.5,2,2.0175,6.7439,5.35348,7.95011,7.54324,8.0312,7.504,6.7439,5.35348,7.05881,5.19156,0.0175028,1,1.03425,0.183015,0.0288853,0.108098
7.62928,7.16794,2.70076,0.5,2,2.01882,6.67348,5.38972,7.85709,7.59178,7.85709,7.59178,6.67348,5.38972,6.98679,5.22046,0.0188177,2,2,0.0127659,0.0200728,0.103
7.53552,7.20226,2.89014,0.5,2,2.00617,6.58111,5.43766,7.77046,7.63663,7.85709,7.59178,6.58111,5.43766,6.24036,5.62593,0.00616741,1,-0.444814,-0.109705,0.0117596,0.115312
7.4382,7.22521,2.89211,0.5,2,1.97871,6.41038,5.53439,7.70898,7.67066,7.70898,7.67066,6.41038,5.53439,6.70874,5.35373,-0.0212913,2,-2,-0.272705,0.0189447,0.10069
7.34376,7.25762,2.71232,0.5,2,1.95677,6.31857,5.59091,7.62837,7.72033,7.70898,7.67066,6.31857,5.59091,5.99673,5.79251,-0.0432342,1,-0.936495,-0.184022,0.0131113,0.119241
7.25569,7.3049,2.60059,0.5,2,1.95321,6.27917,5.61332,7.52906,7.77845,7.52906,7.77845,6.27917,5.61332,5.95194,5.80495,-0.0467899,2,-2,-0.0329187,0.0189243,0.108013
7.1749,7.36356,2.41442,0.5,2,1.96351,6.17351,5.67461,7.44852,7.82504,7.52906,7.77845,6.17351,5.67461,6.47198,5.49981,-0.0364916,1,-0.110616,0.0893599,0.0205608,0.115245
7.10212,7.43214,2.3788,0.5,2,1.98884,6.14688,5.68772,7.34763,7.88048,7.34763,7.88048,6.14688,5.68772,6.45549,5.5223,-0.0111576,2,2,0.214915,0.0151638,0.117879
7.02513,7.49572,2.54925,0.5,2,2.01183,6.11369,5.70219,7.24629,7.93092,7.34763,7.88048,6.11369,5.70219,5.76738,5.88234,0.0118327,1,0.88844,0.193357,0.00940903,0.118901
6.93901,7.54647,2.65477,0.5,2,2.01765,5.9951,5.76323,7.16467,7.97278,7.16467,7.97278,5.9951,5.76323,5.65214,5.95125,0.0176489,2,2,0.0510345,0.0107908,0.113967
6.84717,7.58564,2.83698,0.5,2,2.01017,5.88944,5.81829,7.08054,8.0163,7.16467,7.97278,5.88944,5.81829,6.20153,5.65076,0.0101736,1,-0.392791,-0.0662444,0.0235434,0.112845
6.75144,7.61453,2.8312,0.5,2,1.98778,5.70443,5.92485,7.02124,8.04994,7.02124,8.04994,5.70443,5.92485,6.00307,5.742,-0.0122238,2,-2,-0.197809,0.0128169,0.113228
6.65896,7.65219,2.65692,0.5,2,1.97166,5.62086,5.97596,6.93714,8.10138,7.02124,8.04994,5.62086,5.97596,5.91634,5.79269,-0.028345,1,-0.948541,-0.156023,0.0254662,0.103326
6.57338,7.70385,2.5505,0.5,2,1.97346,5.56089,6.00992,6.84353,8.15581,6.84353,8.15581,5.56089,6.00992,5.8606,5.83406,-0.0265419,2,-2,0.0151901,0.0280194,0.118699
6.49547,7.76629,2.36732,0.5,2,1.98866,5.49026,6.05039,6.75394,8.2075,6.84353,8.15581,5.49026,6.05039,5.79285,5.87322,-0.0113436,1,0.564989,0.135351,0.000479862,0.112289
6.42419,7.83641,2.39047,0.5,2,2.01729,5.50723,6.03957,6.64361,8.26637,6.64361,8.26637,5.50723,6.03957,5.82346,5.87591,0.0172908,2,2,0.243471,0.0113424,0.117609
6.34607,7.89859,2.56751,0.5,2,2.03936,5.42363,6.07977,6.55442,8.30941,6.64361,8.26637,5.42363,6.07977,5.07199,6.26152,0.0393629,1,1.02786,0.201631,0.00421093,0.109468
6.25884,7.94739,2.68391,0.5,2,2.04309,5.29264,6.1472,6.47492,8.34997,6.47492,8.34997,5.29264,6.1472,4.9197,6.36404,0.0430889,2,2,0.0325892,0.0241919,0.114332
6.16577,7.98352,2.8703,0.5,2,2.03248,5.19457,6.19809,6.38916,8.39421,6.47492,8.34997,5.19457,6.19809,4.85812,6.39971,0.0324843,1,-0.244589,-0.0961954,0.115312,0.11024
6.06903,8.00887,2.87502,0.5,2,2.0052,4.85464,6.41323,6.3687,8.40261,6.3687,8.40261,4.85464,6.41323,5.1469,6.22024,0.00519705,2,-2,-0.235966,0.138074,0.115641
5.97477,8.04183,2.70837,0.5,2,1.97568,4.81847,6.43986,6.28164,8.46697,6.3687,8.40261,4.81847,6.43986,5.10505,6.24447,-0.0243181,1,-1.1342,-0.276895,0.12399,0.106593
5.88709,8.08978,2.5837,0.5,2,1.96823,4.8744,6.40207,6.16069,8.54577,6.16069,8.54577,4.8744,6.40207,4.54375,6.59604,-0.0317736,2,-2,-0.0685958,0.147736,0.108687
5.80736,8.14988,2.39668,0.5,2,1.98031,4.82679,6.42938,6.06469,8.60139,6.16069,8.54577,4.82679,6.42938,4.49588,6.62409,-0.0196937,1,0.429228,0.112586,0.131569,0.107295
5.73454,8.21841,2.4056,0.5,2,2.00679,4.81819,6.43305,5.95975,8.6572,5.95975,8.6572,4.81819,6.43305,4.47267,6.61311,0.00678849,2,2,0.234048,0.110651,0.113149
5.65568,8.27966,2.57889,0.5,2,2.02758,4.72761,6.47696,5.87192,8.69969,5.95975,8.6572,4.72761,6.47696,4.37775,6.65806,0.0275764,1,0.954259,0.187531,0.131788,0.110851
5.56786,8.32739,2.69314,0.5,2,2.03019,4.59309,6.54653,5.79344,8.73951,5.79344,8.73951,4.59309,6.54653,4.90811,6.37763,0.0301867,2,2,0.0248997,0.0254051,0.104829
5.47452,8.36284,2.87746,0.5,2,2.01906,4.52246,6.58234,5.7013,8.78696,5.79344,8.73951,4.52246,6.58234,4.83579,6.41255,0.019062,1,-0.445282,-0.102907,0.0106729,0.108103
5.37765,8.38762,2.87205,0.5,2,1.99343,4.33775,6.68692,5.6419,8.8198,5.6419,8.8198,4.33775,6.68692,4.63721,6.50247,-0.00656545,2,-2,-0.22948,0.028454,0.111676
5.28369,8.42142,2.69848,0.5,2,1.97351,4.25581,6.73673,5.55791,8.87086,5.6419,8.8198,4.25581,6.73673,4.55204,6.55337,-0.0264891,1,-0.991542,-0.186761,0.00914279,0.10668
5.19621,8.46978,2.58622,0.5,2,1.97162,4.21575,6.75923,5.45897,8.9282,5.45897,8.9282,4.21575,6.75923,3.88494,6.95177,-0.0283824,2,-2,-0.0173132,0.0098968,0.109355
5.11626,8.52958,2.40034,0.5,2,1.98342,4.11047,6.8201,5.37822,8.97482,5.45897,8.9282,4.11047,6.8201,4.41313,6.64607,-0.0165821,1,0.433368,0.104447,0.0351625,0.112979
5.04333,8.59799,2.40717,0.5,2,2.0097,4.12846,6.80859,5.26652,9.03454,5.26652,9.03454,4.12846,6.80859,4.44401,6.64737,0.00970101,2,2,0.249621,0.0210833,0.105292
4.96397,8.65858,2.58837,0.5,2,2.02929,4.05226,6.84563,5.17545,9.07911,5.26652,9.03454,4.05226,6.84563,3.70289,7.02677,0.0292883,1,0.946218,0.17547,0.0118803,0.111628
4.87588,8.70581,2.69775,0.5,2,2.03112,3.90888,6.91966,5.09911,9.11815,5.09911,9.11815,3.90888,6.91966,4.22407,6.7499,0.0311158,2,2,0.0159938,0.0217119,0.114262
4.78247,8.74109,2.87878,0.5,2,2.01979,3.83242,6.95868,5.00834,9.16486,5.09911,9.11815,3.83242,6.95868,3.48793,7.14578,0.0197928,1,-0.4469,-0.107092,0.013699,0.105731
4.68566,8.76615,2.86835,0.5,2,1.99428,3.63903,7.06859,4.95107,9.19662,4.95107,9.19662,3.63903,7.06859,3.93823,6.88372,-0.00571692,2,-2,-0.226937,0.0318607,0.112409
4.59183,8.8003,2.69475,0.5,2,1.97462,3.55709,7.11851,4.86715,9.24777,4.95107,9.19662,3.55709,7.11851,3.85324,6.93503,-0.0253834,1,-0.968625,-0.180043,0.00967661,0.109232
4.50466,8.84921,2.58035,0.5,2,1.97325,3.51337,7.14303,4.76929,9.30467,4.76929,9.30467,3.51337,7.14303,3.81395,6.96752,-0.0267528,2,-2,-0.0124212,0.0154553,0.110253
4.42464,8.90893,2.40304,0.5,2,1.98514,3.4226,7.19524,4.68452,9.35338,4.76929,9.30467,3.4226,7.19524,3.72564,7.02091,-0.0148575,1,0.495477,0.119345,0.0313978,0.0996711
4.35122,8.97681,2.41766,0.5,2,2.01086,3.42337,7.19281,4.57692,9.41077,4.57692,9.41077,3.42337,7.19281,3.73838,7.03061,0.0108597,2,2,0.22819,0.0109375,0.112701
4.27149,9.03693,2.59358,0.5,2,2.03031,3.33718,7.23436,4.48763,9.45393,4.57692,9.41077,3.33718,7.23436,3.65626,7.07356,0.0303133,1,0.957918,0.182338,0.0315819,0.106689
4.18314,9.08366,2.70396,0.5,2,2.03176,3.22695,7.29097,4.4035,9.49681,4.4035,9.49681,3.22695,7.29097,3.54289,7.12185,0.0317616,2,2,0.012876,0.0266233,0.112488
4.08945,9.11818,2.88729,0.5,2,2.01943,3.12368,7.34466,4.31928,9.54023,4.4035,9.49681,3.12368,7.34466,3.43634,7.17422,0.0194254,1,-0.469484,-0.10982,0.00650707,0.112331
3.99216,9.1413,2.88973,0.5,2,1.9924,2.95319,7.44124,4.25686,9.57442,4.25686,9.57442,2.95319,7.44124,3.254,7.2607,-0.0076009,2,-2,-0.262965,0.021516,0.102775
3.89786,9.17409,2.7081,0.5,2,1.97134,2.85795,7.49934,4.17673,9.62321,4.25686,9.57442,2.85795,7.49934,3.15323,7.31592,-0.0286601,1,-1.00033,-0.182264,0.006501,0.115542
3.8101,9.22192,2.59107,0.5,2,1.96877,2.80961,7.52632,4.08006,9.67945,4.08006,9.67945,2.80961,7.52632,3.10888,7.35069,-0.0312327,2,-2,-0.0244215,0.0176132,0.105344
3.72976,9.28121,2.40707,0.5,2,1.98011,2.73715,7.56786,3.99038,9.73106,4.08006,9.67945,2.73715,7.56786,3.03979,7.39428,-0.0198865,1,0.398247,0.106093,0.03141,0.106946
3.65645,9.34922,2.41092,0.5,2,2.00601,2.71887,7.5758,3.88734,9.78593,3.88734,9.78593,2.71887,7.5758,3.03258,7.41361,0.0060091,2,2,0.233009,0.010359,0.111136
3.57738,9.4102,2.58209,0.5,2,2.02637,2.65562,7.60562,3.79283,9.83199,3.88734,9.78593,2.65562,7.60562,2.97328,7.44134,0.026365,1,0.945098,0.189567,0.00726876,0.107381
3.48963,9.45807,2.69031,0.5,2,2.02923,2.54145,7.664,3.70961,9.87429,3.70961,9.87429,2.54145,7.664,2.85757,7.49612,0.0292253,2,2,0.0253704,0.844474,0.112742
3.39643,9.49388,2.87343,0.5,2,2.01853,2.43746,7.7177,3.62517,9.91755,3.70961,9.87429,2.43746,7.7177,2.75068,7.54869,0.0185251,1,-0.437279,-0.097342,0.0196108,0.109924
3.29965,9.51902,2.8687,0.5,2,1.99356,2.28377,7.80371,3.55772,9.95477,3.55772,9.95477,2.28377,7.80371,2.58449,7.61997,-0.00643587,2,-2,-0.221986,0.00355601,0.112444
3.20594,9.5535,2.69058,0.5,2,1.97439,2.16431,7.87623,3.48324,10,3.55772,9.95477,2.16431,7.87623,2.4605,7.69365,-0.025615,1,-0.971422,-0.171553,0.0455368,0.111797
3.11881,9.60247,2.58006,0.5,2,1.97471,2.18646,7.86172,3.36682,10.0655,3.36682,10.0655,2.18646,7.86172,1.8525,8.04836,-0.0252891,2,-2,0.00280018,0,0.116392
3.039,9.66248,2.39858,0.5,2,1.99005,2.05688,7.93165,3.29067,10.106,3.36682,10.0655,2.05688,7.93165,1.72406,8.12679,-0.00995028,1,0.602394,0.150971,0.0333488,0.101601
2.96547,9.73023,2.42499,0.5,2,2.01599,2.04839,7.93491,3.18564,10.1613,3.18564,10.1613,2.04839,7.93491,2.36646,7.77812,0.0159948,2,2,0.237467,0.0426434,0.109257
2.88514,9.78954,2.60402,0.5,2,2.03486,1.96765,7.97327,3.09487,10.2047,3.18564,10.1613,1.96765,7.97327,2.32102,7.79608,0.0348563,1,0.94999,0.175368,0.202123,0.107554
2.79631,9.83538,2.71372,0.5,2,2.03551,1.82457,8.0468,3.01806,10.2435,3.01806,10.2435,1.82457,8.0468,2.14068,7.87763,0.035511,2,2,0.00579798,0.0156756,0.112918
2.70227,9.8689,2.89797,0.5,2,2.02255,1.75403,8.08241,2.92611,10.2906,3.01806,10.2435,1.75403,8.08241,1.40939,8.26997,0.0225503,1,-0.490743,-0.119888,0.00685859,0.108107
2.60509,9.89247,2.88128,0.5,2,1.99591,1.57965,8.18012,2.86408,10.3249,2.86408,10.3249,1.57965,8.18012,1.24826,8.38106,-0.00408733,2,-2,-0.238514,0.0288271,0.111682
2.51085,9.92547,2.70693,0.5,2,1.97552,1.49621,8.23042,2.78023,10.3755,2.86408,10.3249,1.49621,8.23042,1.79362,8.04765,-0.0244786,1,-0.999891,-0.187413,0.0260611,0.108803
2.42315,9.97341,2.58994,0.5,2,1.97332,1.44822,8.25774,2.68335,10.4313,2.68335,10.4313,1.44822,8.25774,1.74976,8.08308,-0.0266805,2,-2,-0.020454,0.0101104,0.107652
2.34288,10.0328,2.40594,0.5,2,1.98496,1.34591,8.31636,2.60156,10.4781,2.68335,10.4313,1.34591,8.31636,1.64954,8.14324,-0.0150359,1,0.428949,0.104106,0.0464722,0.111853
2.26971,10.1009,2.40998,0.5,2,2.01122,1.35918,8.30764,2.491,10.5368,2.491,10.5368,1.35918,8.30764,1.6755,8.14746,0.0112154,2,2,0.231781,0,0.113259
2.19059,10.1619,2.58327,0.5,2,2.03548,1.3956,8.28804,2.37201,10.5895,2.491,10.5368,1.3956,8.28804,1.72099,8.12613,0.0354815,1,1.0442,0.230011,4.68538,0.105499
2.10265,10.2094,2.69916,0.5,2,2.04594,1.32466,8.31712,2.27531,10.6293,2.491,10.5368,1.32466,8.31712,1.65082,8.14568,0.0459363,1,0.915533,0.0925632,4.72712,0.112949
2.01038,10.2478,2.79264,0.5,2,2.04795,1.31015,8.32329,2.16494,10.6726,2.491,10.5368,1.31015,8.32329,1.63855,8.13769,0.0479543,1,0.830805,0.0185271,4.63466,0.10892
1.91506,10.278,2.87699,0.5,2,2.04589,1.27739,8.33398,2.0566,10.7094,2.491,10.5368,1.27739,8.33398,1.61004,8.15092,0.0458856,1,0.788321,-0.0182325,2.66818,0.113465
1.81759,10.3002,2.9565,0.5,2,2.04424,1.26769,8.33133,1.9402,10.7392,2.491,10.5368,1.26769,8.33133,1.60562,8.14025,0.0442364,1,0.852426,-0.0149011,4.31484,0.110672
1.71865,10.3145,3.04098,0.5,2,2.03395,1.26924,8.33081,1.82162,10.769,2.491,10.5368,1.26924,8.33081,1.6127,8.12065,0.0339468,1,0.100566,-0.0897897,2.10874,0.114597
1.61901,10.323,3.06231,0.5,2,2.02997,1.2476,8.32729,1.70501,10.7851,2.491,10.5368,1.2476,8.32729,1.59817,8.12208,0.0299668,1,0.655007,-0.0349546,1.94982,0.11386
1.51918,10.3285,3.11839,0.5,2,2.02712,1.22551,8.32276,1.58768,10.7964,2.491,10.5368,1.22551,8.32276,1.58353,8.12189,0.0271187,1,0.723951,-0.026719,1.92149,0.106596
1.41921,10.3273,-3.09344,0.5,2,2.0042,1.23613,8.33148,1.4645,10.821,2.491,10.5368,1.23613,8.33148,1.60517,8.09361,0.0041995,1,-0.499932,-0.203917,1.88291,0.112394
1.3193,10.3232,-3.12385,0.5,2,1.98836,1.18117,8.33962,1.35484,10.8336,2.491,10.5368,1.18117,8.33962,1.5513,8.12194,-0.0116408,1,-0.522248,-0.143439,2.1643,0.110432
1.21931,10.324,3.10747,0.5,2,2.00137,1.22088,8.32262,1.21893,10.8226,2.491,10.5368,1.22088,8.32262,1.61472,8.09174,0.00136662,1,0.92345,0.120309,1.91396,0.108117
1.11935,10.3248,-3.10506,0.5,2,1.99509,1.22701,8.3326,1.0921,10.829,2.491,10.5368,1.22701,8.3326,1.64025,8.08517,-0.00491273,1,-0.243933,-0.0544775,2.04462,0.115265
1.01944,10.3205,-3.1096,0.5,2,1.99511,1.18752,8.33252,0.976904,10.8236,2.491,10.5368,1.18752,8.33252,1.60883,8.09494,-0.0048945,1,-0.044035,0.000162372,2.05763,0.112329
0.919476,10.3179,-3.11721,0.5,2,2.00374,1.21209,8.33559,0.847005,10.8088,2.491,10.5368,1.21209,8.33559,1.67327,8.05148,0.00373864,1,0.747301,0.0757888,2.27797,0.11391
0.819626,10.3128,-3.05435,0.5,2,2.01684,1.20441,8.33298,0.727445,10.7871,2.491,10.5368,1.20441,8.33298,1.69822,8.0238,0.0168443,1,1.00955,0.118338,2.30798,0.110748
0.720567,10.2994,-2.95706,0.5,2,2.03302,1.16311,8.31512,0.618916,10.7552,2.491,10.5368,1.16311,8.31512,1.66399,8.02991,0.0330217,1,1.20869,0.14117,2.28217,0.114595
0.623535,10.2755,-2.83958,0.5,2,2.03498,1.16065,8.31264,0.500797,10.724,2.491,10.5368,1.16065,8.31264,0.810868,7.78637,0.0349789,1,1.00792,0.0171535,2.3034,0.114098
0.529824,10.2407,-2.73557,0.5,2,2.02576,1.13099,8.30617,0.389091,10.6935,2.491,10.5368,1.13099,8.30617,0.798714,7.79062,0.0257647,1,0.106632,-0.0842469,2.24401,0.109371
0.438675,10.1995,-2.71139,0.5,2,2.01792,1.1172,8.29913,0.276573,10.6536,2.491,10.5368,1.1172,8.29913,0.802002,7.81087,0.0179157,1,0.0134226,-0.0686649,2.17509,0.114308
0.347875,10.1577,-2.70846,0.5,2,2.01253,1.12829,8.3026,0.158844,10.607,2.491,10.5368,1.12829,8.3026,0.826958,7.86767,0.0125275,1,-0.0097881,-0.0482719,2.04062,0.111623
0.257101,10.1157,-2.70914,0.5,2,2.01701,1.13425,8.29941,0.0470579,10.5506,2.491,10.5368,1.13425,8.29941,0.847855,7.87622,0.0170069,1,0.807956,0.0393862,1.78612,0.11373
0.167615,10.0711,-2.63979,0.5,2,2.02219,1.14029,8.29822,-0.062212,10.49,2.491,10.5368,1.14029,8.29822,0.861442,7.90371,0.0221894,1,0.931239,0.0440324,1.53849,0.117697
0.0822133,10.0192,-2.54864,0.5,2,2.02456,1.09368,8.26537,-0.155316,10.431,2.491,10.5368,1.09368,8.26537,0.825761,7.85648,0.0245585,1,0.947801,0.021409,1.61169,0.110662
0.00204026,9.95946,-2.45411,0.5,2,2.02367,1.08607,8.25062,-0.253115,10.3617,2.491,10.5368,1.08607,8.25062,0.816129,7.88104,0.023675,1,0.907217,-0.00769243,1.9266,0.114863
-0.0722263,9.89254,-2.36282,0.5,2,2.00603,1.06746,8.24171,-0.35287,10.2991,2.491,10.5368,1.06746,8.24171,0.808852,7.87777,0.00602508,1,-0.218768,-0.142817,1.14531,0.123584
-0.142681,9.82158,-2.36105,0.5,2,1.98468,1.0716,8.25171,-0.457966,10.2292,2.491,10.5368,1.0716,8.25171,0.817409,7.91444,-0.0153185,1,-0.503258,-0.19027,1.38856,0.112175
-0.215171,9.75271,-2.40654,0.5,2,1.98074,1.06107,8.23794,-0.549747,10.1498,2.491,10.5368,1.06107,8.23794,0.814852,7.90327,-0.0192639,1,-0.228297,-0.0340239,3.5986,0.115958
-0.290377,9.6868,-2.43377,0.5,2,1.98382,1.05128,8.22547,-0.63947,10.067,2.491,10.5368,1.05128,8.22547,0.816555,7.88434,-0.0161818,1,0.0110335,0.0270573,2.47479,0.113908
-0.366548,9.62201,-2.4365,0.5,2,1.98953,1.07419,8.24996,-0.73621,9.97405,2.491,10.5368,1.07419,8.24996,0.840041,7.9241,-0.0104718,1,0.568934,0.0507273,3.27897,0.112563
-0.441398,9.55571,-2.38909,0.5,2,2.00198,1.07215,8.24534,-0.817915,9.88169,2.491,10.5368,1.07215,8.24534,0.839908,7.9225,0.00197935,1,0.973282,0.114017,4.21537,0.109204
-0.511336,9.48429,-2.29742,0.5,2,2.01155,1.06002,8.22843,-0.892896,9.78924,2.491,10.5368,1.06002,8.22843,0.831156,7.90505,0.011549,1,1.02649,0.0845144,0,0.113231
-0.573875,9.40632,-2.19552,0.5,2,2.01579,1.04035,8.19898,-0.961632,9.69633,-0.961632,9.69633,1.04035,8.19898,0.806928,7.88383,0.0157857,2,2,0.0393051,0,0.10779
-0.624838,9.32046,-2.0072,0.5,2,2.00773,0.978518,8.11207,-1.01796,9.61675,-0.961632,9.69633,0.978518,8.11207,0.747699,7.79588,0.0077281,1,-0.0463986,-0.0675175,0.0309792,0.119341
-0.664889,9.22883,-1.98319,0.5,2,1.98486,0.885704,7.98975,-1.06732,9.55042,-1.06732,9.55042,0.885704,7.98975,0.646086,7.68689,-0.0151407,2,-2,-0.19771,0.0275936,0.115668
-0.710896,9.1402,-2.14607,0.5,2,1.96494,0.7952,7.87819,-1.12101,9.48385,-1.06732,9.55042,0.7952,7.87819,0.549783,7.58557,-0.0350569,1,-0.651339,-0.181828,0.0315848,0.109534
-0.769425,9.05915,-2.23009,0.5,2,1.96107,0.780658,7.85788,-1.19541,9.38927,-1.19541,9.38927,0.780658,7.85788,0.545184,7.55882,-0.0389286,2,-2,-0.0327445,0.0199578,0.118239
-0.836709,8.98538,-2.40851,0.5,2,1.96879,0.693386,7.74644,-1.24955,9.31966,-1.19541,9.38927,0.693386,7.74644,0.907701,8.01854,-0.0312078,1,0.04005,0.0685244,0.010243,0.112673
-0.913083,8.92083,-2.44122,0.5,2,1.99115,0.700406,7.75406,-1.32542,9.219,-1.32542,9.219,0.700406,7.75406,0.469982,7.44431,-0.00884688,2,2,0.204086,0.00665658,0.109566
-0.984547,8.85109,-2.27062,0.5,2,2.01075,0.660601,7.69498,-1.38484,9.1324,-1.32542,9.219,0.660601,7.69498,0.868158,7.98333,0.0107455,1,1.08616,0.171799,0.0140033,0.114043
-1.04347,8.77037,-2.14556,0.5,2,2.01212,0.564925,7.56137,-1.43346,9.06351,-1.43346,9.06351,0.564925,7.56137,0.776367,7.84585,0.0121195,2,2,0.0131637,0.00975783,0.104378
-1.09017,8.68212,-1.95835,0.5,2,1.99868,0.522576,7.50154,-1.49469,8.97824,-1.43346,9.06351,0.522576,7.50154,0.735929,7.78336,-0.00132477,1,-0.404178,-0.114387,0.00213599,0.117533
-1.12636,8.5889,-1.9579,0.5,2,1.97058,0.379219,7.31752,-1.53085,8.93048,-1.53085,8.93048,0.379219,7.31752,0.599369,7.58534,-0.0294216,2,-2,-0.249362,0,0.112675
-1.17101,8.49959,-2.13236,0.5,2,1.9491,0.361213,7.29491,-1.60409,8.84009,-1.53085,8.93048,0.361213,7.29491,0.584378,7.55932,-0.050905,1,-0.880072,-0.199401,0,0.10774
-1.22918,8.4183,-2.23717,0.5,2,1.95177,0.404355,7.35014,-1.68802,8.71833,-1.53085,8.93048,0.404355,7.35014,0.627554,7.62325,-0.0482275,1,-0.480104,0.0235608,4.90554,0.11364
-1.29334,8.34161,-2.29198,0.5,2,1.96605,0.403783,7.34906,-1.75425,8.61116,-1.53085,8.93048,0.403783,7.34906,0.625059,7.63117,-0.0339477,1,0.508223,0.124637,4.82242,0.114571
-1.3586,8.26585,-2.25796,0.5,2,1.99208,0.426169,7.38098,-1.81366,8.49146,-1.53085,8.93048,0.426169,7.38098,0.659407,7.673,-0.00791752,1,1.036,0.226145,3.38629,0.115104
-1.41855,8.18586,-2.1628,0.5,2,2.01651,0.424775,7.36826,-1.86051,8.3819,-1.53085,8.93048,0.424775,7.36826,0.662432,7.67011,0.0165098,1,1.23289,0.239207,1.99187,0.102118
-1.46929,8.09977,-2.04188,0.5,2,2.02541,0.408751,7.34133,-1.90935,8.27748,-1.53085,8.93048,0.408751,7.34133,0.661006,7.6473,0.0254059,1,1.02756,0.0795712,3.73135,0.111801
-1.50974,8.00836,-1.93584,0.5,2,2.02784,0.396822,7.31762,-1.95367,8.1692,-1.53085,8.93048,0.396822,7.31762,0.663329,7.6285,0.0278382,1,0.957893,0.0212408,1.87162,0.114513
-1.5408,7.91335,-1.83872,0.5,2,2.03589,0.391551,7.27237,-1.98131,8.05947,-1.53085,8.93048,0.391551,7.27237,0.64263,7.59283,0.0358922,1,1.20828,0.0734331,1.15962,0.109678
-1.56171,7.81562,-1.7214,0.5,2,2.02644,0.389803,7.26968,-2.01776,7.9432,-1.53085,8.93048,0.389803,7.26968,0.67659,7.595,0.0264435,1,0.169771,-0.0845389,1.46739,0.111768
-1.57445,7.71644,-1.68885,0.5,2,2.03396,0.409248,7.26707,-2.02897,7.8194,-1.53085,8.93048,0.409248,7.26707,0.705332,7.60638,0.0339589,1,1.189,0.0714633,1.81166,0.105165
-1.58154,7.61674,-1.5832,0.5,2,2.00279,0.386356,7.24453,-2.07009,7.70915,-1.53085,8.93048,0.386356,7.24453,0.681734,7.58867,0.00278544,1,-0.525633,-0.276982,1.86872,0.112547
-1.58347,7.51677,-1.61518,0.5,2,2.00659,0.400851,7.21868,-2.07141,7.59007,-1.53085,8.93048,0.400851,7.21868,0.724732,7.57547,0.0065887,1,0.877691,0.0322035,2.12307,0.118101
-1.5857,7.41682,-1.55127,0.5,2,1.99252,0.396323,7.21265,-2.09052,7.46882,-1.53085,8.93048,0.396323,7.21265,0.720938,7.58292,-0.00748396,1,-0.265855,-0.123096,2.19098,0.114323
-1.5834,7.31685,-1.55956,0.5,2,1.97182,0.385043,7.20141,-2.11067,7.34777,-1.53085,8.93048,0.385043,7.20141,0.73155,7.58649,-0.028177,1,-0.567685,-0.186975,2.26701,0.110673
-1.58472,7.21687,-1.6121,0.5,2,1.97416,0.389398,7.20423,-2.11055,7.22024,-1.53085,8.93048,0.389398,7.20423,0.749542,7.61307,-0.0258423,1,-0.0990313,0.0207316,2.33423,0.112616
-1.59007,7.11702,-1.62997,0.5,2,1.97836,0.386237,7.20708,-2.11117,7.09327,-1.53085,8.93048,0.386237,7.20708,0.782594,7.64777,-0.0216404,1,-0.0196676,0.0376689,2.36677,0.111548
-1.5962,7.0172,-1.63321,0.5,2,2.00642,0.401238,7.20686,-2.08757,6.97055,-1.53085,8.93048,0.401238,7.20686,0.777422,7.67207,0.00642252,1,1.21563,0.255951,2.35033,0.109642
-1.59808,6.91728,-1.53018,0.5,2,2.01092,0.391638,7.20851,-2.082,6.84644,-1.53085,8.93048,0.391638,7.20851,0.827892,6.80403,0.010916,1,0.811756,0.0403189,2.25593,0.111448
-1.58934,6.81769,-1.44213,0.5,2,2.01634,0.394051,7.1807,-2.0651,6.73061,-1.53085,8.93048,0.394051,7.1807,0.841087,6.79103,0.0163379,1,0.950508,0.0495182,2.20938,0.109493
-1.57201,6.71924,-1.34916,0.5,2,2.03221,0.402394,7.20049,-2.0265,6.60846,-1.53085,8.93048,0.402394,7.20049,0.768949,6.82957,0.0322084,1,1.32369,0.140687,1.89079,0.112808
-1.54417,6.62327,-1.22277,0.5,2,2.02198,0.409458,7.14457,-2.00603,6.50003,-1.53085,8.93048,0.409458,7.14457,0.794282,6.78435,0.0219836,1,0.0694321,-0.090635,1.90387,0.112813
-1.50821,6.52996,-1.19826,0.5,2,2.02623,0.425883,7.13401,-1.96044,6.38872,-1.53085,8.93048,0.425883,7.13401,0.771548,6.78343,0.0262277,1,1.05547,0.0377692,1.87898,0.112369
-1.46822,6.43835,-1.10751,0.5,2,2.02263,0.437872,7.11499,-1.91808,6.27865,-1.53085,8.93048,0.437872,7.11499,0.764417,6.77379,0.022629,1,0.822525,-0.0325034,2.15251,0.110717
-1.41964,6.35097,-1.02199,0.5,2,1.99532,0.424539,7.11275,-1.88609,6.1583,-1.53085,8.93048,0.424539,7.11275,0.746097,6.78939,-0.00468481,1,-0.42132,-0.235521,1.9891,0.115972
-1.36745,6.26568,-1.04049,0.5,2,2.002,0.470116,7.06026,-1.82455,6.06803,-1.53085,8.93048,0.470116,7.06026,0.77036,6.73508,0.00199604,1,1.01164,0.0650338,1.82333,0.102729
-1.31405,6.18117,-0.957956,0.5,2,1.97582,0.428661,7.1122,-1.77639,5.93417,-1.53085,8.93048,0.428661,7.1122,0.717948,6.8068,-0.0241771,1,-0.503672,-0.230472,2.08961,0.113563
-1.25688,6.09914,-0.985594,0.5,2,1.96504,0.452907,7.06765,-1.72235,5.83547,-1.53085,8.93048,0.452907,7.06765,0.743981,6.76976,-0.034959,1,-0.378182,-0.101021,2.02211,0.106729
-1.20338,6.01466,-1.02529,0.5,2,1.97152,0.463902,7.06683,-1.65031,5.73262,-1.53085,8.93048,0.463902,7.06683,0.745585,6.77276,-0.0284793,1,0.140321,0.0592011,2.10968,0.109451
-1.15155,5.92914,-1.01956,0.5,2,1.97165,0.451932,7.07642,-1.58124,5.6217,-1.53085,8.93048,0.451932,7.07642,0.735819,6.79259,-0.0283517,1,-0.204384,0.00115104,3.22951,0.110919
-1.09959,5.8437,-1.03414,0.5,2,1.98381,0.447596,7.08537,-1.50216,5.52062,-1.53085,8.93048,0.447596,7.08537,0.721437,6.80172,-0.016187,1,0.833221,0.117718,4.58226,0.103338
-1.04615,5.75921,-0.966378,0.5,2,1.99886,0.447887,7.0871,-1.42073,5.42629,-1.42073,5.42629,0.447887,7.0871,0.720943,6.80553,-0.00113988,2,2,0.145792,0,0.103209
-0.982657,5.68215,-0.782713,0.5,2,2.00673,0.457123,7.08002,-1.33656,5.33855,-1.42073,5.42629,0.457123,7.08002,0.727974,6.79958,0.00673437,1,0.934642,0.0718094,0,0.109655
-0.907647,5.61608,-0.674334,0.5,2,1.99897,0.545635,6.98862,-1.2719,5.27207,-1.2719,5.27207,0.545635,6.98862,0.811269,6.7054,-0.00102746,2,-2,-0.0684072,0.0196697,0.113465
-0.833818,5.54885,-0.836184,0.5,2,1.98739,0.70871,6.80199,-1.23168,5.22563,-1.2719,5.27207,0.70871,6.80199,0.955005,6.5036,-0.012606,1,-0.334762,-0.106249,0.00355247,0.108976
-0.769911,5.47195,-0.896304,0.5,2,1.98998,0.739999,6.76818,-1.15689,5.13974,-1.15689,5.13974,0.739999,6.76818,0.995606,6.47676,-0.0100163,2,-2,0.0236808,0.0355007,0.109359
-0.713849,5.38933,-1.07299,0.5,2,2.00142,0.807546,6.68973,-1.09284,5.06538,-1.15689,5.13974,0.807546,6.68973,0.578697,6.95854,0.0014236,1,0.993759,0.10594,0.0309025,0.107984
-0.664723,5.30227,-1.00954,0.5,2,2.02496,0.788037,6.71292,-1.00553,4.97133,-1.00553,4.97133,0.788037,6.71292,0.538404,6.96784,0.0249572,2,2,0.215834,0.0307082,0.109036
-0.604309,5.22278,-0.821615,0.5,2,2.03874,0.864094,6.63708,-0.936534,4.90279,-1.00553,4.97133,0.864094,6.63708,0.615936,6.89767,0.0387378,1,1.3059,0.120498,0.017134,0.114364
-0.53097,5.15491,-0.680613,0.5,2,2.03284,0.955668,6.5414,-0.872609,4.83629,-0.872609,4.83629,0.955668,6.5414,0.71514,6.80877,0.0328407,2,2,-0.0541463,0.837515,0.108909
-0.44799,5.09939,-0.49033,0.5,2,2.01063,1.0484,6.44231,-0.812201,4.77253,-0.872609,4.83629,1.0484,6.44231,0.811972,6.70663,0.0106285,1,-0.35685,-0.204035,0.0195229,0.108865
-0.359273,5.05326,-0.495376,0.5,2,1.97455,1.16177,6.31233,-0.764039,4.7182,-0.764039,4.7182,1.16177,6.31233,0.941995,6.58315,-0.025449,2,-2,-0.317883,0.00164646,0.113493
-0.275196,4.99939,-0.667442,0.5,2,1.94328,1.24016,6.21595,-0.709326,4.65086,-0.764039,4.7182,1.24016,6.21595,1.02496,6.48237,-0.0567234,1,-0.85263,-0.295699,0,0.105764
-0.200374,4.9331,-0.768769,0.5,2,1.93133,1.2132,6.2491,-0.616592,4.54561,-0.616592,4.54561,1.2132,6.2491,1.45902,5.9681,-0.0686684,2,-2,-0.106479,0.0121228,0.112182
-0.134618,4.85796,-0.950411,0.5,2,1.93246,1.35554,6.08834,-0.572262,4.49661,-0.616592,4.54561,1.35554,6.08834,1.13257,6.34403,-0.0675426,1,-0.447494,0.00994578,0.0422743,0.113195
-0.0804462,4.77392,-1.02311,0.5,2,1.94786,1.38111,6.06156,-0.494739,4.40893,-0.494739,4.40893,1.38111,6.06156,1.15101,6.31545,-0.0521408,2,2,0.145571,0.00977821,0.105802
-0.0234348,4.69193,-0.86716,0.5,2,1.96421,1.40571,6.03941,-0.413268,4.32438,-0.494739,4.40893,1.40571,6.03941,1.16541,6.28778,-0.035787,1,0.79734,0.156032,0.0185911,0.104811
0.0454491,4.61949,-0.769386,0.5,2,1.96465,1.48424,5.9573,-0.346608,4.25495,-0.346608,4.25495,1.48424,5.9573,1.24916,6.21207,-0.0353497,2,-2,0.00387979,0.0257857,0.112702
0.113149,4.54607,-0.921831,0.5,2,1.96147,1.63355,5.78532,-0.304286,4.20583,-0.346608,4.25495,1.63355,5.78532,1.41657,6.05519,-0.0385324,1,-0.370199,-0.0291754,0.0141287,0.109087
0.170139,4.46392,-0.984928,0.5,2,1.97129,1.66761,5.74594,-0.231486,4.12008,-0.231486,4.12008,1.66761,5.74594,1.44242,6.01103,-0.0287056,2,2,0.0912604,0.000101904,0.107679
0.230806,4.3846,-0.820481,0.5,2,1.98089,1.67978,5.73531,-0.148911,4.03064,-0.231486,4.12008,1.67978,5.73531,1.93971,5.45202,-0.0191104,1,0.677207,0.0836426,0.0179956,0.114716
0.303002,4.31545,-0.727627,0.5,2,1.97445,1.78611,5.61885,-0.0917631,3.96852,-0.0917631,3.96852,1.78611,5.61885,2.03675,5.32897,-0.0255474,2,-2,-0.0597803,0.00563483,0.107677
0.373414,4.24464,-0.884792,0.5,2,1.96553,1.91581,5.46297,-0.045999,3.91335,-0.0917631,3.96852,1.91581,5.46297,1.7002,5.73405,-0.0344737,1,-0.464644,-0.0801675,0.0264378,0.111345
0.432934,4.1643,-0.958893,0.5,2,1.97111,1.96349,5.40635,0.0222566,3.83104,0.0222566,3.83104,1.96349,5.40635,1.7411,5.67233,-0.0288862,2,-2,0.0521194,0.028839,0.107205
0.483686,4.07832,-1.13586,0.5,2,1.98664,2.02934,5.32638,0.0842758,3.7558,0.0222566,3.83104,2.02934,5.32638,1.80848,5.59802,-0.0133631,1,0.92183,0.139178,0.00771382,0.111534
0.526538,3.98799,-1.08459,0.5,2,2.01482,2.00349,5.35843,0.17088,3.65798,0.17088,3.65798,2.00349,5.35843,1.76086,5.61755,0.0148215,2,2,0.243088,0.0144389,0.115944
0.580446,3.90395,-0.901836,0.5,2,2.03439,2.08447,5.27387,0.236224,3.59042,0.17088,3.65798,2.08447,5.27387,1.84115,5.53679,0.0343921,1,1.33427,0.183101,0.0285489,0.106884
0.648224,3.83053,-0.757757,0.5,2,2.03425,2.19315,5.15393,0.294506,3.52753,0.294506,3.52753,2.19315,5.15393,1.95804,5.4242,0.0342484,2,2,-0.00132849,0.0110691,0.108218
0.726667,3.76877,-0.567743,0.5,2,2.0174,2.26138,5.07817,0.359531,3.45553,0.294506,3.52753,2.26138,5.07817,2.02829,5.34611,0.0173957,1,-0.252666,-0.149293,0.0226897,0.112883
0.812256,3.71706,-0.552461,0.5,2,1.98562,2.36953,4.94896,0.40884,3.39793,0.40884,3.39793,2.36953,4.94896,2.15276,5.22405,-0.0143794,2,-2,-0.292837,0.0190836,0.108508
0.892953,3.65826,-0.727999,0.5,2,1.9581,2.45081,4.84453,0.461821,3.32996,0.40884,3.39793,2.45081,4.84453,2.23928,5.11668,-0.0418999,1,-0.796277,-0.24275,0.0176491,0.11337
0.963559,3.58749,-0.82809,0.5,2,1.94804,2.48697,4.8016,0.531914,3.24348,0.531914,3.24348,2.48697,4.8016,2.27068,5.06772,-0.05196,2,-2,-0.0919672,0.0132568,0.109388
1.02481,3.50864,-1.00883,0.5,2,1.95064,2.53649,4.74145,0.599076,3.16144,0.531914,3.24348,2.53649,4.74145,2.77258,4.44571,-0.0493602,1,-0.357406,0.0259126,0.00325776,0.100331
