-3.32542e-18,4.92763e-35,-1.86982e-17,1.5,2,2.00296,0.0349618,2.00266,-0.0261309,-1.49681,0,0,0.0349618,2.00266,-0.692921,2.01241,0.00296021,1,0.0666667
0.00356997,1.32883e-05,0.0056,1.5,2,2.0029,0.0273156,2.00277,-0.0141792,-1.49699,0,0,0.0273156,2.00277,-0.701867,2.01209,0.00289536,1,0.133333
0.017019,0.000170382,0.0174,1.5,2,2.00281,0.0520848,2.00267,-0.00919437,-1.49679,0,0,0.0520848,2.00267,-0.676161,2.01368,0.00280881,1,0.2
0.0404602,0.000796925,0.0358667,1.5,2,2.00223,0.0734873,2.00276,0.0157544,-1.49676,0,0,0.0734873,2.00276,-0.655193,2.01486,0.00223494,1,0.133333
0.0738789,0.00223909,0.0494667,1.5,2,2.00093,0.0796733,2.00316,0.0695378,-1.49682,0,0,0.0796733,2.00316,0.846172,1.99685,0.000930548,1,0.0666667
0.117267,0.00455461,0.0565333,1.5,2,1.99883,0.143816,2.00321,0.0973283,-1.49649,0,0,0.143816,2.00321,-0.584802,2.01622,-0.00117326,1,2.22045e-17
0.170631,0.00758868,0.0568,1.5,2,1.99609,0.196611,2.00351,0.151057,-1.4962,0,0,0.196611,2.00351,-0.531077,2.01649,-0.003914,1,-0.0666667
0.23399,0.0109906,0.0504,1.5,2,1.99305,0.237901,2.00404,0.231032,-1.49596,0,0,0.237901,2.00404,1.00113,1.99779,-0.00695157,1,-0.133333
0.307368,0.0142098,0.0373333,1.5,2,1.99012,0.337277,2.00411,0.284677,-1.49549,0,0,0.337277,2.00411,-0.387379,2.01612,-0.00987506,1,-0.2
0.390786,0.0164956,0.0176,1.5,2,1.98808,0.425196,2.00428,0.364617,-1.49519,0,0,0.425196,2.00428,-0.297775,2.01529,-0.0119171,1,-0.266667
0.484232,0.0169025,-0.00873333,1.5,2,1.98764,0.501596,2.00446,0.47102,-1.4954,0,0,0.501596,2.00446,1.26284,1.99347,-0.0123633,1,-0.4
0.584066,0.0140833,-0.0482,1.5,2,1.99026,0.610527,2.00416,0.563993,-1.49553,0,0,0.610527,2.00416,-0.11556,2.01883,-0.00974333,1,-0.4
0.683826,0.00726902,-0.0882,1.5,2,1.99625,0.720534,2.00318,0.656175,-1.49623,0,0,0.720534,2.00318,1.48526,1.98556,-0.00375307,1,-0.4
0.783235,-0.00352916,-0.1282,1.5,2,2.00588,0.830335,2.0018,0.748152,-1.49724,0,0,0.830335,2.0018,0.0991462,2.02282,0.00587893,1,-0.266667
0.882223,-0.0176992,-0.155533,1.5,2,2.01868,0.914338,2.00073,0.858657,-1.49883,0,0,0.914338,2.00073,1.68405,1.97575,0.0186801,1,-0.133333
0.980899,-0.0339122,-0.169533,1.5,2,2.03334,1.04171,1.99852,0.937038,-1.49992,0,0,1.04171,1.99852,0.301022,2.0235,0.0333371,1,-2.22045e-17
1.07946,-0.050836,-0.170067,1.5,2,2.0495,1.14184,1.99771,1.03531,-1.50067,0,0,1.14184,1.99771,0.39569,2.02205,0.0494986,1,0.133333
1.17811,-0.0671674,-0.1574,1.5,2,2.06427,1.21481,1.99678,1.15259,-1.50267,0,0,1.21481,1.99678,2.00214,1.97047,0.0642707,1,0.266667
1.27707,-0.0815755,-0.131267,1.5,2,2.07733,1.33221,1.99502,1.2393,-1.50375,0,0,1.33221,1.99502,0.576282,2.01543,0.0773251,1,0.4
1.37644,-0.0927305,-0.0918,1.5,2,2.08753,1.42234,1.99429,1.34538,-1.50486,0,0,1.42234,1.99429,0.663258,2.00942,0.0875273,1,0.533333
1.47621,-0.0993033,-0.0391333,1.5,2,2.09382,1.5216,1.99403,1.44572,-1.50515,0,0,1.5216,1.99403,0.761713,2.00461,0.0938237,1,0.666667
1.57619,-0.0999354,0.027,1.5,2,2.09445,1.59275,1.99445,1.56507,-1.50544,0,0,1.59275,1.99445,0.831466,1.99764,0.0944467,1,0.666667
1.67599,-0.0939069,0.0936667,1.5,2,2.08929,1.69909,1.99526,1.66039,-1.50453,0,0,1.69909,1.99526,0.942699,1.99226,0.089293,1,0.666667
1.77516,-0.0812433,0.160333,1.5,2,2.07819,1.76841,1.99694,1.77979,-1.50304,0,0,1.76841,1.99694,1.01158,1.99565,0.0781918,1,0.666667
1.87328,-0.0620011,0.227,1.5,2,2.06117,1.87306,1.99917,1.87343,-1.50083,0,0,1.87306,1.99917,1.12661,1.98879,0.0611715,1,0.533333
1.97005,-0.0368456,0.281,1.5,2,2.0386,2.00207,2.0015,1.94709,-1.49807,0,0,2.00207,2.0015,1.26647,1.99498,0.0385957,1,0.4
2.06552,-0.00711409,0.321933,1.5,2,2.01099,2.04989,2.00382,2.07709,-1.49608,0,0,2.04989,2.00382,1.31851,1.99667,0.0109925,1,0.266667
2.15993,0.0258364,0.349133,1.5,2,1.9812,2.12523,2.00673,2.18654,-1.49273,0,0,2.12523,2.00673,1.40648,1.98827,-0.0187982,1,0.133333
2.25365,0.0607191,0.363,1.5,2,1.94949,2.19247,2.00924,2.3023,-1.48903,0,0,2.19247,2.00924,2.93821,2.02632,-0.0505148,1,2.22045e-17
2.34711,0.0962879,0.363667,1.5,2,1.91711,2.28567,2.01242,2.39783,-1.48579,0,0,2.28567,2.01242,3.01855,2.02836,-0.0828872,1,-0.133333
2.44079,0.131283,0.350867,1.5,2,1.88532,2.40449,2.01625,2.47187,-1.4831,0,0,2.40449,2.01625,1.72006,1.9988,-0.114682,1,-0.266667
2.53512,0.164448,0.324733,1.5,2,1.85518,2.51551,2.01953,2.55251,-1.48028,0,0,2.51551,2.01953,1.83995,2.01336,-0.144816,1,-0.4
2.63049,0.194523,0.285533,1.5,2,1.82787,2.58711,2.02188,2.67016,-1.47713,0,0,2.58711,2.02188,3.28626,2.03205,-0.172126,1,-0.533333
2.72713,0.220182,0.232867,1.5,2,1.80429,2.71635,2.02444,2.73725,-1.4755,0,0,2.71635,2.02444,2.06082,2.01738,-0.195712,1,-0.666667
2.82511,0.240051,0.166733,1.5,2,1.78592,2.80788,2.02589,2.84166,-1.47395,0,0,2.80788,2.02589,3.49277,2.03083,-0.214077,1,-0.666667
2.92421,0.253349,0.100067,1.5,2,1.77355,2.93246,2.02688,2.91617,-1.47308,0,0,2.93246,2.02688,2.2879,2.02724,-0.22645,1,-0.666667
3.02397,0.260016,0.0334,1.5,2,1.76634,3.05746,2.02604,2.99109,-1.47333,0,0,3.05746,2.02604,2.41584,2.03484,-0.233655,1,-0.666667
3.12395,0.260022,-0.0332667,1.5,2,1.76604,3.15188,2.02584,3.09652,-1.47372,0,0,3.15188,2.02584,2.50835,2.03839,-0.23396,1,-0.666667
3.22371,0.253368,-0.0999333,1.5,2,1.77172,3.27707,2.02429,3.17165,-1.47412,0,0,3.27707,2.02429,2.63331,2.04127,-0.228277,1,-0.666667
3.3228,0.240084,-0.1666,1.5,2,1.78336,3.3709,2.0228,3.2765,-1.47593,0,0,3.3709,2.0228,4.05233,1.99735,-0.216639,1,-0.666667
3.42079,0.220227,-0.233267,1.5,2,1.80091,3.49512,2.0196,3.35067,-1.47742,0,0,3.49512,2.0196,2.84087,2.04454,-0.199094,1,-0.666667
3.51724,0.193887,-0.299933,1.5,2,1.82441,3.5868,2.01697,3.45336,-1.48048,0,0,3.5868,2.01697,4.28434,1.98496,-0.175586,1,-0.666667
3.61172,0.161179,-0.3666,1.5,2,1.85341,3.70888,2.01204,3.52541,-1.48315,0,0,3.70888,2.01204,3.03501,2.04807,-0.146593,1,-0.533333
3.70405,0.122803,-0.4206,1.5,2,1.88791,3.80611,2.00795,3.61691,-1.48693,0,0,3.80611,2.00795,3.11918,2.0477,-0.112092,1,-0.4
3.79447,0.080099,-0.461267,1.5,2,1.92653,3.90969,2.00318,3.70036,-1.49055,0,0,3.90969,2.00318,3.20985,2.04476,-0.0734705,1,-0.266667
3.88338,0.0343443,-0.4886,1.5,2,1.96808,3.98621,1.99974,3.80334,-1.49548,0,0,3.98621,1.99974,4.73871,1.9559,-0.0319198,1,-0.133333
3.97134,-0.0132391,-0.5026,1.5,2,2.01145,4.10454,1.9938,3.87276,-1.49852,0,0,4.10454,1.9938,3.37549,2.03726,0.0114539,1,-2.22045e-17
4.05894,-0.0614666,-0.503267,1.5,2,2.05804,4.08894,1.99636,4.03792,-1.50327,0,0,4.08894,1.99636,4.86644,1.95383,0.0580425,1,0.133333
4.14683,-0.109156,-0.490467,1.5,2,2.10192,4.26057,1.98968,4.07118,-1.50519,0,0,4.26057,1.98968,3.49662,2.03119,0.101919,1,0.266667
4.23564,-0.155125,-0.464333,1.5,2,2.14371,4.37041,1.98435,4.15037,-1.50873,0,0,4.37041,1.98435,3.5936,2.02696,0.143712,1,0.4
4.32589,-0.198177,-0.425133,1.5,2,2.18286,4.45377,1.98094,4.24873,-1.51305,0,0,4.45377,1.98094,3.66217,2.02234,0.182863,1,0.533333
4.41802,-0.237033,-0.372467,1.5,2,2.21843,4.50863,1.97955,4.36567,-1.51753,0,0,4.50863,1.97955,5.35695,1.93886,0.218433,1,0.666667
4.51229,-0.270343,-0.306333,1.5,2,2.24908,4.61242,1.97651,4.45659,-1.52002,0,0,4.61242,1.97651,3.79546,2.01032,0.249084,1,0.666667
4.60857,-0.297301,-0.239667,1.5,2,2.27394,4.6773,1.97561,4.57151,-1.5228,0,0,4.6773,1.97561,3.8489,2.00404,0.273945,1,0.666667
4.70643,-0.317784,-0.173,1.5,2,2.29286,4.74293,1.97478,4.68721,-1.52477,0,0,4.74293,1.97478,5.61699,1.94591,0.292858,1,0.666667
4.80543,-0.331703,-0.106333,1.5,2,2.30577,4.8494,1.97365,4.78266,-1.52572,0,0,4.8494,1.97365,4.01207,1.98454,0.305769,1,0.666667
4.90515,-0.338995,-0.0396667,1.5,2,2.31286,4.95653,1.97329,4.87878,-1.52584,0,0,4.95653,1.97329,4.11717,1.98536,0.312857,1,0.666667
5.00513,-0.339628,0.027,1.5,2,2.31177,5.02341,1.97206,4.99573,-1.52783,0,0,5.02341,1.97206,4.18218,1.9783,0.311765,1,0.666667
5.10493,-0.3336,0.0936667,1.5,2,2.30659,5.13043,1.97285,5.09173,-1.52693,0,0,5.13043,1.97285,4.29443,1.97224,0.306593,1,0.666667
5.2041,-0.320936,0.160333,1.5,2,2.29548,5.19664,1.97453,5.20802,-1.52545,0,0,5.19664,1.97453,4.36002,1.97492,0.295478,1,0.666667
5.30222,-0.301694,0.227,1.5,2,2.27845,5.30198,1.97676,5.30234,-1.52324,0,0,5.30198,1.97676,4.47618,1.96707,0.278454,1,0.666667
5.39883,-0.275958,0.293667,1.5,2,2.25557,5.36632,1.97938,5.41676,-1.52026,0,0,5.36632,1.97938,4.54483,1.96919,0.255568,1,0.666667
5.49351,-0.243844,0.360333,1.5,2,2.22692,5.42957,1.98216,5.53007,-1.5164,0,0,5.42957,1.98216,4.61937,1.95888,0.226924,1,0.533333
5.58608,-0.206047,0.414333,1.5,2,2.19292,5.51952,1.98586,5.62576,-1.51253,0,0,5.51952,1.98586,4.72064,1.96437,0.192915,1,0.4
5.67676,-0.16391,0.455,1.5,2,2.15478,5.59895,1.98947,5.72534,-1.50825,0,0,5.59895,1.98947,6.42387,2.01442,0.154783,1,0.266667
5.76596,-0.118714,0.482333,1.5,2,2.11374,5.70564,1.99416,5.80553,-1.50441,0,0,5.70564,1.99416,4.9349,1.97651,0.113736,1,0.133333
5.85421,-0.0716824,0.496333,1.5,2,2.07085,5.76613,1.9973,5.915,-1.49954,0,0,5.76613,1.9973,6.55931,2.02802,0.0708537,1,2.22045e-17
5.9421,-0.0239827,0.497267,1.5,2,2.02735,5.92473,2.00329,5.95473,-1.49658,0,0,5.92473,2.00329,5.19484,1.9756,0.0273464,1,-0.133333
6.03028,0.0231898,0.4846,1.5,2,1.98337,5.96918,2.00562,6.077,-1.49272,0,0,5.96918,2.00562,5.24602,1.98742,-0.0166299,1,-0.266667
6.11933,0.0686812,0.459,1.5,2,1.94197,6.07532,2.01015,6.15464,-1.48895,0,0,6.07532,2.01015,5.36916,1.99289,-0.0580349,1,-0.4
6.20981,0.111241,0.419667,1.5,2,1.90327,6.14189,2.0133,6.26679,-1.48447,0,0,6.14189,2.0133,6.87033,2.03443,-0.0967255,1,-0.533333
6.30215,0.149592,0.367,1.5,2,1.86811,6.26866,2.0174,6.33141,-1.48204,0,0,6.26866,2.0174,5.59047,2.00093,-0.131892,1,-0.666667
6.3966,0.182399,0.301,1.5,2,1.83789,6.38871,2.02027,6.40373,-1.47969,0,0,6.38871,2.02027,5.72057,2.01525,-0.162109,1,-0.666667
6.49302,0.208842,0.234333,1.5,2,1.81348,6.47953,2.02227,6.50556,-1.47763,0,0,6.47953,2.02227,5.81989,2.01631,-0.18652,1,-0.666667
6.59099,0.228803,0.167667,1.5,2,1.795,6.57199,2.0237,6.60903,-1.4761,0,0,6.57199,2.0237,7.2596,2.02727,-0.205002,1,-0.666667
6.69007,0.242194,0.101,1.5,2,1.78254,6.6967,2.02472,6.68368,-1.47525,0,0,6.6967,2.02472,6.04868,2.02502,-0.21746,1,-0.666667
6.78982,0.248954,0.0343333,1.5,2,1.77609,6.82184,2.02475,6.75874,-1.47468,0,0,6.82184,2.02475,6.17678,2.03268,-0.223911,1,-0.666667
6.8898,0.249054,-0.0323333,1.5,2,1.7757,6.91623,2.02456,6.86414,-1.47505,0,0,6.91623,2.02456,6.26927,2.03627,-0.224299,1,-0.666667
6.98957,0.242493,-0.099,1.5,2,1.779,7.04149,2.02074,6.93934,-1.47777,0,0,7.04149,2.02074,6.39441,2.0392,-0.220996,1,-0.666667
7.08868,0.229301,-0.165667,1.5,2,1.79056,7.1353,2.01925,7.04416,-1.47956,0,0,7.1353,2.01925,7.81927,1.99379,-0.209439,1,-0.666667
7.18668,0.209536,-0.232333,1.5,2,1.80802,7.25962,2.01608,7.11843,-1.48107,0,0,7.25962,2.01608,6.60212,2.04254,-0.191979,1,-0.666667
7.28316,0.183285,-0.299,1.5,2,1.83147,7.35128,2.01349,7.2211,-1.48409,0,0,7.35128,2.01349,8.04998,1.97833,-0.16853,1,-0.666667
7.37767,0.150666,-0.365667,1.5,2,1.86036,7.47345,2.00856,7.29325,-1.4868,0,0,7.47345,2.00856,6.7964,2.04615,-0.139642,1,-0.533333
7.47003,0.112365,-0.4198,1.5,2,1.89479,7.57094,2.00447,7.38454,-1.49056,0,0,7.57094,2.00447,6.8806,2.04669,-0.105206,1,-0.4
7.56046,0.069688,-0.461,1.5,2,1.9334,7.67558,1.99965,7.46718,-1.49414,0,0,7.67558,1.99965,6.97248,2.04373,-0.0666032,1,-0.266667
7.64939,0.023957,-0.488333,1.5,2,1.97493,7.75204,1.99622,7.57011,-1.49905,0,0,7.75204,1.99622,8.50576,1.94925,-0.0250707,1,-0.133333
7.73735,-0.023603,-0.502333,1.5,2,2.01828,7.87047,1.99029,7.63962,-1.50209,0,0,7.87047,1.99029,7.13889,2.03386,0.0182831,1,-2.22045e-17
7.82497,-0.0718072,-0.503,1.5,2,2.06227,7.96236,1.98588,7.72918,-1.50634,0,0,7.96236,1.98588,7.215,2.03044,0.0622702,1,0.133333
7.91286,-0.119496,-0.490467,1.5,2,2.10555,8.02679,1.98297,7.83741,-1.51191,0,0,8.02679,1.98297,8.83101,1.93289,0.105546,1,0.266667
8.00166,-0.165475,-0.464467,1.5,2,2.14747,8.13696,1.97773,7.91645,-1.51532,0,0,8.13696,1.97773,7.3579,2.02355,0.147472,1,0.4
8.09188,-0.208595,-0.425933,1.5,2,2.18669,8.18361,1.97617,8.03678,-1.52075,0,0,8.18361,1.97617,9.02083,1.93764,0.186691,1,0.533333
8.18396,-0.247559,-0.373667,1.5,2,2.22232,8.2774,1.9728,8.13024,-1.52411,0,0,8.2774,1.9728,7.46713,2.01352,0.222321,1,0.666667
8.27819,-0.280995,-0.307667,1.5,2,2.2531,8.3815,1.96974,8.22101,-1.52658,0,0,8.3815,1.96974,7.56247,2.0068,0.253101,1,0.666667
8.37443,-0.30808,-0.241,1.5,2,2.27806,8.44632,1.96884,8.33587,-1.52941,0,0,8.44632,1.96884,7.61577,2.00054,0.278057,1,0.666667
8.47227,-0.328694,-0.174333,1.5,2,2.29709,8.5119,1.96805,8.45151,-1.53142,0,0,8.5119,1.96805,9.38944,1.94268,0.29709,1,0.666667
8.57125,-0.342745,-0.107667,1.5,2,2.31013,8.61838,1.9669,8.54698,-1.53237,0,0,8.61838,1.9669,7.77878,1.98101,0.310126,1,0.666667
8.67096,-0.35017,-0.041,1.5,2,2.31738,8.72553,1.96657,8.64311,-1.53246,0,0,8.72553,1.96657,7.88493,1.97866,0.317383,1,0.666667
8.77094,-0.350936,0.0256667,1.5,2,2.31804,8.79236,1.967,8.76001,-1.53285,0,0,8.79236,1.967,7.94983,1.9716,0.318036,1,0.666667
8.87075,-0.345041,0.0923333,1.5,2,2.31299,8.8994,1.96777,8.85604,-1.53196,0,0,8.8994,1.96777,8.062,1.96564,0.312987,1,0.666667
8.96994,-0.33251,0.159,1.5,2,2.302,8.96552,1.96949,8.97224,-1.53051,0,0,8.96552,1.96949,8.12751,1.96831,0.302,1,0.666667
9.06808,-0.313398,0.225667,1.5,2,2.2868,8.9512,1.97042,9.13008,-1.52501,0,0,8.9512,1.97042,9.81748,1.98342,0.286805,1,0.666667
9.16472,-0.287791,0.292333,1.5,2,2.26441,9.13511,1.97643,9.18088,-1.52328,0,0,9.13511,1.97643,8.31216,1.96258,0.26441,1,0.666667
9.25945,-0.255803,0.359,1.5,2,2.23587,9.19823,1.97922,9.29406,-1.51946,0,0,9.19823,1.97922,8.3866,1.95226,0.235867,1,0.666667
9.35183,-0.217576,0.425667,1.5,2,2.20169,9.26007,1.9822,9.40595,-1.51476,0,0,9.26007,1.9822,10.1014,2.00835,0.201686,1,0.533333
9.44174,-0.173816,0.479667,1.5,2,2.16235,9.38579,1.98781,9.47635,-1.51102,0,0,9.38579,1.98781,8.60045,1.9638,0.162348,1,0.4
9.52948,-0.125849,0.520333,1.5,2,2.11884,9.46245,1.99193,9.57317,-1.50631,0,0,9.46245,1.99193,8.69565,1.95753,0.118843,1,0.266667
9.61553,-0.0749251,0.547667,1.5,2,2.07237,9.52952,1.99565,9.67479,-1.50133,0,0,9.52952,1.99565,8.77693,1.96181,0.072366,1,0.133333
9.70053,-0.0222326,0.561667,1.5,2,2.02438,9.62349,2.00068,9.75668,-1.49678,0,0,9.62349,2.00068,8.889,1.96824,0.0243828,1,2.22045e-17
9.78512,0.0310928,0.562467,1.5,2,1.97562,9.70836,2.00522,9.84435,-1.49214,0,0,9.70836,2.00522,8.99055,1.97552,-0.0243846,1,-0.133333
9.87002,0.0839312,0.550067,1.5,2,1.92729,9.7854,2.00937,9.93907,-1.48726,0,0,9.7854,2.00937,9.08409,1.97979,-0.0727056,1,-0.266667
9.95593,0.135108,0.523933,1.5,2,1.88071,9.88967,2.01465,10.013,-1.48318,0,0,9.88967,2.01465,9.20733,1.9862,-0.119295,1,-0.4
10.0435,0.183449,0.4846,1.5,2,1.83495,9.98693,2.01753,10.0948,-1.48081,0,0,9.98693,2.01753,9.3175,2.00166,-0.165052,1,-0.533333
10.1331,0.227711,0.431933,1.5,2,1.79431,10.0784,2.02119,10.1851,-1.47718,0,0,10.0784,2.02119,9.42392,2.00554,-0.205687,1,-0.666667
10.2252,0.266577,0.365933,1.5,2,1.75851,10.1956,2.02484,10.2546,-1.47466,0,0,10.1956,2.02484,9.557,2.01045,-0.241486,1,-0.666667
10.3197,0.299221,0.299267,1.5,2,1.72842,10.2852,2.0273,10.3552,-1.472,0,0,10.2852,2.0273,10.9483,2.04014,-0.271579,1,-0.666667
10.4162,0.325497,0.2326,1.5,2,1.70417,10.4065,2.02964,10.4265,-1.4703,0,0,10.4065,2.02964,9.78665,2.02495,-0.29583,1,-0.666667
10.5142,0.345289,0.165933,1.5,2,1.68585,10.4993,2.03108,10.5303,-1.46879,0,0,10.4993,2.03108,11.1465,2.03704,-0.314146,1,-0.666667
10.6133,0.358507,0.0992667,1.5,2,1.67356,10.6224,2.03204,10.6033,-1.46791,10.6033,-1.46791,10.6224,2.03204,10.0144,2.0324,-0.326444,2,-0.666667
10.7131,0.365095,0.0326,1.5,2,1.66731,10.746,2.03208,10.6769,-1.46724,10.6033,-1.46791,10.746,2.03208,10.1408,2.03956,-0.332692,1,-0.666667
10.8131,0.365021,-0.0340667,1.5,2,1.66708,10.8408,2.03187,10.7826,-1.46764,10.6033,-1.46791,10.8408,2.03187,10.2338,2.04289,-0.332919,1,-0.666667
10.9128,0.358288,-0.100733,1.5,2,1.67285,10.9645,2.03033,10.8563,-1.46799,10.8563,-1.46799,10.9645,2.03033,10.3571,2.04555,-0.327154,2,-0.666667
11.0119,0.344924,-0.1674,1.5,2,1.6847,11.0293,2.02954,10.9932,-1.47027,10.8563,-1.46799,11.0293,2.02954,11.6701,2.00795,-0.315295,1,-0.666667
11.1099,0.324989,-0.234067,1.5,2,1.70265,11.1815,2.02613,11.0343,-1.47077,10.8563,-1.46799,11.1815,2.02613,10.5635,2.04842,-0.297346,1,-0.666667
11.2063,0.298571,-0.300733,1.5,2,1.72624,11.2735,2.0235,11.1373,-1.47385,10.8563,-1.46799,11.2735,2.0235,11.9325,1.99029,-0.27376,1,-0.666667
11.3008,0.265788,-0.3674,1.5,2,1.75535,11.3942,2.01865,11.2079,-1.47639,10.8563,-1.46799,11.3942,2.01865,10.7566,2.0514,-0.244654,1,-0.533333
11.393,0.227315,-0.421667,1.5,2,1.78991,11.4917,2.0145,11.2988,-1.48018,10.8563,-1.46799,11.4917,2.0145,10.8408,2.0517,-0.210095,1,-0.4
11.4834,0.184481,-0.462733,1.5,2,1.82865,11.5954,2.0097,11.381,-1.48372,10.8563,-1.46799,11.5954,2.0097,10.9316,2.04871,-0.171346,1,-0.266667
11.5722,0.138573,-0.490333,1.5,2,1.87034,11.6732,2.00619,11.4843,-1.48871,10.8563,-1.46799,11.6732,2.00619,12.3861,1.95856,-0.129657,1,-0.133333
11.6601,0.0908265,-0.504467,1.5,2,1.91393,11.7904,2.00032,11.5521,-1.49156,10.8563,-1.46799,11.7904,2.00032,11.0973,2.04127,-0.0860659,1,-2.22045e-17
11.7476,0.0423816,-0.5058,1.5,2,1.95812,11.8494,1.99785,11.6674,-1.49742,10.8563,-1.46799,11.8494,1.99785,12.5955,1.94852,-0.0418829,1,0.133333
11.8353,-0.00556361,-0.4934,1.5,2,2.00167,11.9495,1.99285,11.7499,-1.50145,10.8563,-1.46799,11.9495,1.99285,12.7134,1.94191,0.00167036,1,0.266667
11.924,-0.051826,-0.467667,1.5,2,2.04267,12.1303,1.9804,11.7768,-1.50171,11.7768,-1.50171,12.1303,1.9804,11.3977,2.02749,0.0426693,2,0.4
12.0141,-0.0951794,-0.428467,1.5,2,2.08011,12.1066,1.98287,11.9509,-1.51366,11.7768,-1.50171,12.1066,1.98287,12.9037,1.94604,0.0801091,1,0.533333
12.1061,-0.134377,-0.3762,1.5,2,2.116,12.2004,1.97952,12.0444,-1.517,11.7768,-1.50171,12.2004,1.97952,13.0113,1.94195,0.116003,1,0.666667
12.2002,-0.168097,-0.310733,1.5,2,2.14701,12.3052,1.97634,12.134,-1.51947,11.7768,-1.50171,12.3052,1.97634,11.5246,2.015,0.147012,1,0.666667
12.2964,-0.195478,-0.244067,1.5,2,2.17226,12.3716,1.97548,12.2504,-1.52242,11.7768,-1.50171,12.3716,1.97548,11.5794,2.00898,0.172263,1,0.666667
12.3941,-0.216391,-0.1774,1.5,2,2.19157,12.4387,1.97473,12.3675,-1.52455,11.7768,-1.50171,12.4387,1.97473,13.276,1.9485,0.191574,1,0.666667
12.4931,-0.230746,-0.110733,1.5,2,2.20489,12.5448,1.97354,12.4627,-1.5255,11.7768,-1.50171,12.5448,1.97354,11.7432,1.99036,0.204893,1,0.666667
12.5928,-0.238477,-0.0440667,1.5,2,2.21235,12.613,1.97378,12.581,-1.52607,11.7768,-1.50171,12.613,1.97378,11.8063,1.98543,0.212352,1,0.666667
12.6927,-0.23955,0.0226,1.5,2,2.21341,12.72,1.97369,12.6769,-1.52604,11.7768,-1.50171,12.72,1.97369,11.9152,1.9814,0.213409,1,0.666667
12.7926,-0.23396,0.0892667,1.5,2,2.20865,12.8267,1.97443,12.7726,-1.52515,11.7768,-1.50171,12.8267,1.97443,12.0278,1.97263,0.208655,1,0.666667
12.8918,-0.221733,0.155933,1.5,2,2.19792,12.856,1.9759,12.913,-1.52364,11.7768,-1.50171,12.856,1.9759,13.6963,1.98065,0.197924,1,0.666667
12.99,-0.202923,0.2226,1.5,2,2.18129,12.9613,1.97818,13.0073,-1.52152,11.7768,-1.50171,12.9613,1.97818,12.1682,1.96563,0.181289,1,0.666667
13.0867,-0.177613,0.289267,1.5,2,2.15902,13.0274,1.98059,13.1235,-1.51809,11.7768,-1.50171,13.0274,1.98059,13.8536,1.99684,0.15902,1,0.666667
13.1815,-0.145915,0.355933,1.5,2,2.13074,13.1297,1.98419,13.2148,-1.51477,11.7768,-1.50171,13.1297,1.98419,12.3563,1.96046,0.13074,1,0.533333
13.2743,-0.108503,0.4102,1.5,2,2.09712,13.2193,1.9879,13.311,-1.5109,11.7768,-1.50171,13.2193,1.9879,12.4571,1.96582,0.0971248,1,0.4
13.3651,-0.0666962,0.4514,1.5,2,2.05922,13.2981,1.99144,13.4119,-1.50671,11.7768,-1.50171,13.2981,1.99144,12.5477,1.97034,0.0592229,1,0.266667
13.4544,-0.0217876,0.479133,1.5,2,2.01855,13.4033,1.99612,13.492,-1.50276,11.7768,-1.50171,13.4033,1.99612,12.6692,1.97649,0.018553,1,0.133333
13.5428,0.0249723,0.493267,1.5,2,1.97588,13.4649,1.99931,13.603,-1.49796,11.7768,-1.50171,13.4649,1.99931,14.2227,2.02907,-0.0241182,1,2.22045e-17
13.6309,0.0724344,0.4946,1.5,2,1.93256,13.552,2.00338,13.6948,-1.4937,11.7768,-1.50171,13.552,2.00338,14.2928,2.03251,-0.0674415,1,-0.133333
13.7192,0.119372,0.481933,1.5,2,1.88987,13.666,2.00849,13.7645,-1.49012,11.7768,-1.50171,13.666,2.00849,12.9779,1.99031,-0.110131,1,-0.266667
13.8083,0.164636,0.456467,1.5,2,1.84864,13.7711,2.0129,13.8416,-1.48639,11.7768,-1.50171,13.7711,2.0129,13.0998,1.9957,-0.151359,1,-0.4
13.8989,0.206989,0.4174,1.5,2,1.81011,13.8384,2.01609,13.9554,-1.48195,11.7768,-1.50171,13.8384,2.01609,14.5316,2.03573,-0.189887,1,-0.533333
13.9913,0.245188,0.3654,1.5,2,1.7748,13.9623,2.01975,14.0195,-1.47979,11.7768,-1.50171,13.9623,2.01975,13.3186,2.00362,-0.225204,1,-0.666667
14.0858,0.277844,0.2994,1.5,2,1.7447,14.0507,2.02219,14.1212,-1.4771,11.7768,-1.50171,14.0507,2.02219,14.7201,2.03514,-0.255302,1,-0.666667
14.1823,0.304132,0.232733,1.5,2,1.72043,14.1722,2.02453,14.1927,-1.47541,11.7768,-1.50171,14.1722,2.02453,13.547,2.01838,-0.279573,1,-0.666667
14.2803,0.323937,0.166067,1.5,2,1.70211,14.265,2.02598,14.2964,-1.47388,11.7768,-1.50171,14.265,2.02598,14.9182,2.0315,-0.297893,1,-0.666667
14.3794,0.337169,0.0994,1.5,2,1.6898,14.3884,2.02694,14.3697,-1.47301,11.7768,-1.50171,14.3884,2.02694,13.7743,2.02765,-0.310203,1,-0.666667
14.4791,0.34377,0.0327333,1.5,2,1.68353,14.5122,2.02698,14.4435,-1.47235,14.4435,-1.47235,14.5122,2.02698,13.9009,2.03489,-0.316468,2,-0.666667
14.5791,0.34371,-0.0339333,1.5,2,1.68329,14.6069,2.02677,14.5492,-1.47275,14.4435,-1.47235,14.6069,2.02677,15.2512,2.01175,-0.316707,1,-0.666667
14.6789,0.336989,-0.1006,1.5,2,1.68904,14.7309,2.02523,14.6231,-1.47311,14.6231,-1.47311,14.7309,2.02523,14.1176,2.0406,-0.310957,2,-0.666667
14.778,0.323638,-0.167267,1.5,2,1.70075,14.825,2.02374,14.7282,-1.47493,14.6231,-1.47311,14.825,2.02374,15.4732,1.99518,-0.299252,1,-0.666667
14.8759,0.303716,-0.233933,1.5,2,1.71834,14.948,2.02055,14.8012,-1.47637,14.6231,-1.47311,14.948,2.02055,14.3241,2.04354,-0.281657,1,-0.666667
14.9724,0.277312,-0.3006,1.5,2,1.73831,15.1004,2.0109,14.8426,-1.47959,14.8426,-1.47959,15.1004,2.0109,14.474,2.04133,-0.261687,2,-0.666667
15.0668,0.244541,-0.367267,1.5,2,1.76668,15.1606,2.00873,14.9748,-1.48634,14.8426,-1.47959,15.1606,2.00873,14.5174,2.0466,-0.233322,1,-0.533333
15.1591,0.206047,-0.421933,1.5,2,1.80127,15.2589,2.00455,15.065,-1.49008,14.8426,-1.47959,15.2589,2.00455,14.6024,2.04691,-0.198732,1,-0.4
15.2494,0.163177,-0.463133,1.5,2,1.84003,15.3629,1.99971,15.1471,-1.49363,14.8426,-1.47959,15.3629,1.99971,14.6936,2.04391,-0.159969,1,-0.266667
15.3383,0.117257,-0.490467,1.5,2,1.88173,15.4401,1.99623,15.2507,-1.49865,14.8426,-1.47959,15.4401,1.99623,16.1573,1.948,-0.118273,1,-0.133333
15.4261,0.0694872,-0.504733,1.5,2,1.92533,15.5577,1.99031,15.3185,-1.5015,14.8426,-1.47959,15.5577,1.99031,14.8591,2.03642,-0.074674,1,-2.22045e-17
15.5136,0.0210619,-0.505533,1.5,2,1.96954,15.6155,1.98796,15.4344,-1.50735,14.8426,-1.47959,15.6155,1.98796,16.3657,1.93805,-0.0304646,1,0.133333
15.6014,-0.0268489,-0.493,1.5,2,2.01301,15.7154,1.98293,15.5172,-1.51145,14.8426,-1.47959,15.7154,1.98293,16.4834,1.93149,0.0130079,1,0.266667
15.6901,-0.0730536,-0.467,1.5,2,2.05503,15.8247,1.97756,15.5954,-1.51492,14.8426,-1.47959,15.8247,1.97756,15.0785,2.02603,0.0550327,1,0.4
15.7802,-0.116358,-0.427933,1.5,2,2.09439,15.8722,1.97601,15.7184,-1.52061,14.8426,-1.47959,15.8722,1.97601,16.6733,1.9357,0.0943918,1,0.533333
15.8722,-0.155506,-0.375667,1.5,2,2.13024,15.966,1.97267,15.8119,-1.52394,14.8426,-1.47959,15.966,1.97267,16.7808,1.93162,0.130239,1,0.666667
15.9664,-0.189142,-0.3098,1.5,2,2.15879,16.1076,1.96503,15.8786,-1.52748,14.8426,-1.47959,16.1076,1.96503,15.328,2.00091,0.158794,1,0.666667
16.0625,-0.216433,-0.243133,1.5,2,2.18303,16.1361,1.96536,16.0182,-1.53266,14.8426,-1.47959,16.1361,1.96536,15.3397,1.99925,0.183028,1,0.666667
16.1603,-0.237255,-0.176467,1.5,2,2.20225,16.203,1.96458,16.1352,-1.53476,14.8426,-1.47959,16.203,1.96458,17.0441,1.93808,0.202252,1,0.666667
16.2593,-0.251517,-0.1098,1.5,2,2.21548,16.3092,1.9634,16.2303,-1.53571,14.8426,-1.47959,16.3092,1.9634,15.5034,1.9805,0.215477,1,0.666667
16.359,-0.259155,-0.0431333,1.5,2,2.22287,16.3773,1.96364,16.3485,-1.53624,14.8426,-1.47959,16.3773,1.96364,15.5664,1.97554,0.222874,1,0.666667
16.459,-0.260135,0.0235333,1.5,2,2.22381,16.4843,1.96353,16.4444,-1.53624,14.8426,-1.47959,16.4843,1.96353,15.6753,1.97149,0.223809,1,0.666667
16.5588,-0.254452,0.0902,1.5,2,2.21897,16.591,1.96428,16.5402,-1.53535,14.8426,-1.47959,16.591,1.96428,15.787,1.96572,0.218968,1,0.666667
16.658,-0.242132,0.156867,1.5,2,2.20817,16.6585,1.96604,16.6577,-1.53396,14.8426,-1.47959,16.6585,1.96604,15.854,1.96833,0.208174,1,0.666667
16.7562,-0.22323,0.223533,1.5,2,2.19145,16.7253,1.96801,16.7746,-1.53165,14.8426,-1.47959,16.7253,1.96801,15.927,1.95863,0.191453,1,0.666667
16.8529,-0.19783,0.2902,1.5,2,2.16888,16.8291,1.97092,16.8674,-1.52887,14.8426,-1.47959,16.8291,1.97092,16.0407,1.95974,0.168882,1,0.666667
16.9477,-0.166044,0.356867,1.5,2,2.1405,16.8936,1.97377,16.982,-1.52511,14.8426,-1.47959,16.8936,1.97377,16.1164,1.9501,0.140501,1,0.533333
17.0404,-0.12858,0.410733,1.5,2,2.10638,16.984,1.97704,17.0777,-1.5217,14.8426,-1.47959,16.984,1.97704,16.218,1.95552,0.106377,1,0.4
17.1312,-0.0867472,0.451667,1.5,2,2.06842,17.0634,1.98056,17.1781,-1.51756,14.8426,-1.47959,17.0634,1.98056,16.3093,1.96005,0.0684154,1,0.266667
17.2205,-0.0418482,0.479,1.5,2,2.02774,17.1694,1.98525,17.2577,-1.51364,14.8426,-1.47959,17.1694,1.98525,16.4318,1.96626,0.0277417,1,0.133333
17.309,0.00487745,0.492867,1.5,2,1.9851,17.2314,1.98846,17.3681,-1.50886,14.8426,-1.47959,17.2314,1.98846,17.9925,2.01721,-0.0148987,1,2.22045e-17
17.397,0.0522611,0.493667,1.5,2,1.94187,17.3196,1.99258,17.4591,-1.50463,14.8426,-1.47959,17.3196,1.99258,18.0639,2.02071,-0.0581348,1,-0.133333
17.4854,0.0991159,0.481,1.5,2,1.89925,17.4337,1.99766,17.5289,-1.50104,14.8426,-1.47959,17.4337,1.99766,16.7422,1.97996,-0.10075,1,-0.266667
17.5746,0.144242,0.454867,1.5,2,1.85816,17.5077,2.0012,17.6337,-1.49653,14.8426,-1.47959,17.5077,2.0012,18.2188,2.0216,-0.141839,1,-0.4
17.6653,0.186427,0.415533,1.5,2,1.81977,17.6078,2.00529,17.7183,-1.49297,14.8426,-1.47959,17.6078,2.00529,18.3048,2.02383,-0.180234,1,-0.533333
17.7578,0.224396,0.362867,1.5,2,1.78497,17.702,2.00849,17.8113,-1.4898,14.8426,-1.47959,17.702,2.00849,18.3841,2.02218,-0.215031,1,-0.666667
17.8523,0.2568,0.296733,1.5,2,1.7551,17.8217,2.01163,17.8828,-1.48783,14.8426,-1.47959,17.8217,2.01163,17.1812,2.00494,-0.244898,1,-0.666667
17.9489,0.282832,0.230067,1.5,2,1.73107,17.9434,2.01389,17.9545,-1.48609,14.8426,-1.47959,17.9434,2.01389,17.3149,2.00758,-0.268934,1,-0.666667
18.0469,0.302375,0.1634,1.5,2,1.71155,18.0361,2.01389,18.0582,-1.48604,14.8426,-1.47959,18.0361,2.01389,17.4106,2.01686,-0.28845,1,-0.666667
18.1461,0.315342,0.0967333,1.5,2,1.69948,18.1596,2.01477,18.1317,-1.48512,14.8426,-1.47959,18.1596,2.01477,17.5421,2.01677,-0.300519,1,-0.666667
18.2458,0.321677,0.0300667,1.5,2,1.69346,18.254,2.01512,18.2371,-1.48484,14.8426,-1.47959,18.254,2.01512,18.9032,2.00975,-0.306535,1,-0.666667
18.3458,0.32135,-0.0366,1.5,2,1.6935,18.3783,2.01454,18.3112,-1.48482,14.8426,-1.47959,18.3783,2.01454,17.7617,2.0273,-0.306499,1,-0.666667
18.4456,0.314364,-0.103267,1.5,2,1.69948,18.5024,2.01289,18.3853,-1.48515,14.8426,-1.47959,18.5024,2.01289,17.8854,2.02996,-0.30052,1,-0.666667
18.5446,0.300749,-0.169933,1.5,2,1.7114,18.5965,2.01137,18.4904,-1.48703,14.8426,-1.47959,18.5965,2.01137,19.2508,1.9859,-0.288596,1,-0.666667
18.6425,0.280566,-0.2366,1.5,2,1.72924,18.7197,2.00809,18.5636,-1.48843,14.8426,-1.47959,18.7197,2.00809,18.0924,2.0314,-0.270759,1,-0.666667
18.7389,0.253904,-0.303267,1.5,2,1.75298,18.8116,2.00538,18.6665,-1.49161,14.8426,-1.47959,18.8116,2.00538,19.4809,1.97064,-0.247017,1,-0.666667
18.8333,0.220882,-0.369933,1.5,2,1.78235,18.9016,2.00193,18.7675,-1.4955,14.8426,-1.47959,18.9016,2.00193,19.5817,1.96748,-0.217648,1,-0.533333
18.9255,0.182153,-0.424467,1.5,2,1.81715,19.0307,1.99625,18.828,-1.49787,14.8426,-1.47959,19.0307,1.99625,18.3704,2.03468,-0.182852,1,-0.4
19.0157,0.139088,-0.465267,1.5,2,1.85604,19.1664,1.989,18.8822,-1.49944,14.8426,-1.47959,19.1664,1.989,18.4969,2.03013,-0.143958,1,-0.266667
19.1044,0.0929778,-0.4926,1.5,2,1.89716,19.2111,1.98713,19.0143,-1.50733,14.8426,-1.47959,19.2111,1.98713,19.9361,1.94156,-0.102843,1,-0.133333
19.1922,0.0450429,-0.5066,1.5,2,1.94092,19.2947,1.98325,19.1099,-1.51187,14.8426,-1.47959,19.2947,1.98325,20.0356,1.93714,-0.0590841,1,-2.22045e-17
19.2796,-0.00352349,-0.507133,1.5,2,1.98523,19.3855,1.97888,19.1988,-1.51614,14.8426,-1.47959,19.3855,1.97888,20.1435,1.9317,-0.0147696,1,0.133333
19.3673,-0.0516488,-0.495533,1.5,2,2.02894,19.4873,1.97373,19.2802,-1.52013,14.8426,-1.47959,19.4873,1.97373,18.75,2.01793,0.0289366,1,0.266667
19.4558,-0.0981002,-0.4698,1.5,2,2.07122,19.5612,1.97043,19.3831,-1.52503,14.8426,-1.47959,19.5612,1.97043,20.3512,1.92074,0.0712152,1,0.4
19.5458,-0.141634,-0.430467,1.5,2,2.11072,19.6439,1.9668,19.4813,-1.52941,14.8426,-1.47959,19.6439,1.9668,20.4531,1.92866,0.11072,1,0.533333
19.6378,-0.180981,-0.3778,1.5,2,2.14682,19.7369,1.96355,19.5753,-1.53272,14.8426,-1.47959,19.7369,1.96355,18.955,2.00394,0.146816,1,0.666667
19.7318,-0.214805,-0.3118,1.5,2,2.17791,19.8407,1.96039,19.6658,-1.53524,14.8426,-1.47959,19.8407,1.96039,19.0498,1.99738,0.177913,1,0.666667
19.828,-0.242288,-0.245133,1.5,2,2.20323,19.9066,1.95954,19.7817,-1.53823,14.8426,-1.47959,19.9066,1.95954,19.1044,1.99051,0.203232,1,0.666667
19.9257,-0.263307,-0.178467,1.5,2,2.22264,19.9733,1.95882,19.8984,-1.54038,14.8426,-1.47959,19.9733,1.95882,20.8224,1.93126,0.222639,1,0.666667
