3.62467e-18,4.2036e-36,5.09151e-19,1.5,2,2.95852,2.85771,0.765713,-0.523034,-0.140145,0,0,2.85771,0.765713,3.94442,0.275811,0.958515,1,0.666667,3.19505,0,0.3,1
0.00436682,0.000180113,0.062,1.5,2,2.95341,2.84965,0.792037,-0.522208,-0.146369,0,0,2.84965,0.792037,4.08131,0.324779,0.953413,1,0.666667,-0.0202291,0,0.252218,1
0.0186437,0.00160111,0.128667,1.5,2,2.93963,2.85311,0.780847,-0.521682,-0.146944,0,0,2.85311,0.780847,4.06879,0.311245,0.939628,1,0.666667,-0.0888445,0,0.155166,1
0.0426615,0.00558267,0.195333,1.5,2,3.13228,3.06548,0.826391,-0.312207,-0.0907773,0,0,3.06548,0.826391,4.07481,0.301092,1.13228,1,0.666667,0.761608,0,0.252956,1
0.0760986,0.0134218,0.262,1.5,2,3.09918,3.06952,0.816142,-0.311039,-0.0903937,0,0,3.06952,0.816142,4.06736,0.293312,1.09918,1,0.666667,-0.199002,0,0.166315,1
0.118504,0.026381,0.328667,1.5,2,3.05581,3.07251,0.808577,-0.310883,-0.087317,0,0,3.07251,0.808577,4.19423,0.29931,1.05581,1,0.666667,-0.183311,0,0.236589,1
0.169303,0.0456771,0.395333,1.5,2,3.00281,3.07448,0.805169,-0.311719,-0.0800751,0,0,3.07448,0.805169,4.18757,0.30206,1.00281,1,-0.666667,-0.34575,0,0.153299,1
0.229255,0.0690275,0.339333,1.5,2,3.18292,3.3116,0.86286,-0.0778007,-0.0100522,0,0,3.3116,0.86286,4.17899,0.306606,1.18292,1,0.666667,0.763993,0,0.235752,1
0.298744,0.0954333,0.395333,1.5,2,3.11035,3.32124,0.829487,-0.0798969,0.00347516,0,0,3.32124,0.829487,4.19715,0.275921,1.11035,1,-0.666667,-0.448863,0,0.16168,1
0.377286,0.126153,0.340667,1.5,2,3.02715,3.32056,0.833783,-0.0824648,0.0156186,0,0,3.32056,0.833783,4.38861,0.302596,1.02715,1,-0.666667,-0.301648,0,0.275831,1
0.467215,0.154637,0.274,1.5,2,2.93469,3.31843,0.849629,-0.0820118,0.0207614,0,0,3.31843,0.849629,4.35641,0.337971,0.934692,1,-0.666667,-0.453097,0,0.204054,1
0.564295,0.178462,0.207333,1.5,2,3.13102,3.59033,0.982451,0.20769,0.0837158,0,0,3.59033,0.982451,4.30211,0.431916,1.13102,1,0.666667,0.73425,0,0.26739,1
0.661457,0.202036,0.271333,1.5,2,3.03278,3.59702,0.963745,0.209209,0.0846887,0,0,3.59702,0.963745,-10.9539,-2.81187,1.03278,1,-0.666667,-0.327494,0,0.3,1
0.758375,0.226602,0.215333,1.5,2,2.934,3.60099,0.953159,0.21,0.0864401,0,0,3.60099,0.953159,4.54229,0.447268,0.933996,1,-0.666667,-0.70807,0,0.139505,1
0.856705,0.244698,0.148667,1.5,2,3.15747,3.89908,1.08944,0.526663,0.153059,0,0,3.89908,1.08944,4.43216,0.527212,1.15747,1,0.666667,1.00772,0,0.221763,1
0.955279,0.26143,0.200667,1.5,2,3.05768,3.9018,1.07842,0.529044,0.143247,0,0,3.9018,1.07842,4.49605,0.539921,1.05768,1,-0.666667,-0.896765,0,0.111275,1
1.05365,0.27933,0.147333,1.5,2,2.95918,3.90601,1.06722,0.53235,0.135336,0,0,3.90601,1.06722,-10.5132,-2.91571,0.959182,1,-0.666667,-0.360766,0,0.273037,1
1.15298,0.290704,0.0806667,1.5,2,3.10047,4.13892,1.12561,0.768212,0.183117,0,0,4.13892,1.12561,-10.4037,-2.94071,1.10047,1,0.666667,0.470975,0,0.3,1
1.25234,0.301815,0.144667,1.5,2,3.00289,4.11956,1.19423,0.777687,0.154079,0,0,4.11956,1.19423,-10.2055,-3.26441,1.00289,1,-0.666667,-0.325294,0,0.3,1
1.35156,0.314181,0.0913333,1.5,2,3.11652,4.32818,1.23747,0.985296,0.200574,0,0,4.32818,1.23747,-10.1097,-3.24089,1.11652,1,0.666667,0.504189,0,0.225389,1
1.45091,0.325355,0.144667,1.5,2,3.01979,4.31817,1.27298,0.994959,0.174663,0,0,4.31817,1.27298,-9.94294,-3.44029,1.01979,1,-0.666667,-0.617193,0,0.156735,1
1.55014,0.337602,0.09,1.5,2,2.92277,4.34286,1.19977,0.998601,0.16733,0,0,4.34286,1.19977,4.69548,1.95106,0.922771,1,-0.666667,-0.42316,0,0.229269,1
1.64997,0.343264,0.0233333,1.5,2,2.82731,4.33372,1.23274,1.01143,0.131636,0,0,4.33372,1.23274,4.71628,1.99684,0.827311,1,-0.666667,-0.619277,0,0.154148,1
1.74994,0.342265,-0.0433333,1.5,2,2.90885,4.53875,1.16925,1.18318,0.174199,0,0,4.53875,1.16925,4.56804,1.74836,0.908846,1,0.666667,0.32449,0,0.25127,1
1.84991,0.340364,0.014,1.5,2,2.81566,4.54536,1.15427,1.19478,0.142545,0,0,4.54536,1.15427,4.45752,1.65768,0.815657,1,-0.666667,-0.690324,0,0.134992,1
1.94988,0.339207,-0.0446667,1.5,2,2.73182,4.49265,1.33779,1.23486,0.0584092,0,0,4.49265,1.33779,4.60855,1.96465,0.73182,1,-0.666667,-0.287764,0,0.291339,1
2.04956,0.331417,-0.111333,1.5,2,2.71626,4.57471,1.33226,1.32096,0.0426354,0,0,4.57471,1.33226,4.56993,1.88323,0.716256,1,0.666667,-0.0518799,0,0.3,1
2.14914,0.322484,-0.0566667,1.5,2,2.6284,4.573,1.33905,1.34537,-0.014617,0,0,4.573,1.33905,4.53549,1.85762,0.628399,1,-0.666667,-0.643807,0,0.136466,1
2.24881,0.314518,-0.112667,1.5,2,2.61352,4.60686,1.4415,1.44898,-0.0677431,0,0,4.60686,1.4415,4.5508,1.95922,0.61352,1,0.666667,-0.057913,0,0.256912,1
2.34838,0.305453,-0.058,1.5,2,2.52959,4.6087,1.44113,1.48127,-0.130218,0,0,4.6087,1.44113,4.53088,1.93086,0.529591,1,-0.666667,-0.374036,0,0.224387,1
2.44806,0.297714,-0.11,1.5,2,2.46817,4.63342,1.44492,1.53446,-0.181881,0,0,4.63342,1.44492,4.56438,1.93323,0.46817,1,-0.666667,-0.39126,0,0.156984,1
2.54702,0.283433,-0.176667,1.5,2,2.46576,4.68506,1.51175,1.65024,-0.231771,0,0,4.68506,1.51175,4.55268,1.95909,0.465764,1,0.666667,-0.0103441,0,0.232586,1
2.64584,0.26826,-0.119333,1.5,2,2.39049,4.69139,1.50526,1.69643,-0.305874,0,0,4.69139,1.50526,4.54293,1.92685,0.390493,1,-0.666667,-0.414116,0,0.181762,1
2.74481,0.254068,-0.175333,1.5,2,2.3409,4.68656,1.56152,1.78335,-0.393321,0,0,4.68656,1.56152,4.55307,1.99747,0.3409,1,0.666667,-0.165312,0,0.3,1
2.84357,0.238431,-0.124667,1.5,2,2.29089,4.70029,1.58035,1.8636,-0.469823,0,0,4.70029,1.58035,4.55865,2.0056,0.290888,1,0.666667,-0.166705,0,0.3,1
2.94313,0.229312,-0.058,1.5,2,2.21905,4.65104,1.64607,1.95724,-0.588517,0,0,4.65104,1.64607,4.54371,2.11509,0.219049,1,0.666667,-0.239463,0,0.3,1
3.04308,0.226846,0.00866667,1.5,2,2.14632,4.67524,1.62067,2.01368,-0.652235,0,0,4.67524,1.62067,4.56842,2.07699,0.146319,1,-0.666667,-0.36499,0,0.199265,1
3.14306,0.225766,-0.0433333,1.5,2,2.07257,4.69491,1.59955,2.07426,-0.720397,0,0,4.69491,1.59955,4.63143,2.09804,0.0725684,1,-0.666667,-0.245837,0,0.3,1
3.24275,0.218108,-0.11,1.5,2,1.96328,4.56413,1.67015,2.20846,-0.918448,0,0,4.56413,1.67015,4.43035,2.09651,-0.0367185,1,-0.666667,-0.36429,0,0.3,1
3.3417,0.203826,-0.176667,1.5,2,1.91195,4.54811,1.68712,2.33968,-1.02818,0,0,4.54811,1.68712,4.53304,2.34226,-0.0880483,1,-0.666667,-0.1711,0,0.3,1
3.43949,0.182984,-0.243333,1.5,2,1.829,4.37991,1.75169,2.58031,-1.25021,0,0,4.37991,1.75169,4.16736,2.08489,-0.170999,1,-0.666667,-0.276504,0,0.3,1
3.53567,0.155674,-0.31,1.5,2,1.80756,4.34958,1.76962,2.77359,-1.35548,0,0,4.34958,1.76962,4.79149,1.7769,-0.192441,1,-0.666667,-0.0714711,0,0.3,1
3.62981,0.122018,-0.376667,1.5,2,1.79664,4.40559,1.74253,2.89431,-1.41437,0,0,4.40559,1.74253,4.16386,2.03714,-0.203365,1,-0.666667,-0.0364141,0,0.3,1
3.72151,0.0821641,-0.443333,1.5,2,1.80441,4.17029,1.82987,3.2998,-1.56015,0,0,4.17029,1.82987,3.87903,2.1287,-0.195591,1,-0.666667,0.0259125,0,0.3,1
3.81035,0.0362906,-0.51,1.5,2,1.89712,3.88387,1.93199,3.74823,-1.56538,0,0,3.88387,1.93199,4.7446,2.44234,-0.102875,1,0.666667,0.309054,0,0.3,1
3.89865,-0.0105986,-0.455333,1.5,2,1.94421,3.90167,1.93361,3.89624,-1.56639,0,0,3.90167,1.93361,3.51294,2.19688,-0.0557899,1,0.666667,0.156951,0,0.3,1
3.98986,-0.0515496,-0.388667,1.5,2,1.98785,3.92982,1.93539,4.03554,-1.56301,0,0,3.92982,1.93539,4.71549,2.60653,-0.0121498,1,0.666667,0.191795,0,0.227536,1
4.0836,-0.0863335,-0.322,1.5,2,2.16592,3.72423,2.04957,4.30495,-1.40192,0,0,3.72423,2.04957,4.72693,2.60381,0.165923,1,0.666667,0.593575,0,0.3,1
4.17944,-0.114796,-0.255333,1.5,2,2.21275,3.7432,2.05453,4.43322,-1.37678,0,0,3.7432,2.05453,4.71708,2.74981,0.212753,1,0.666667,0.156102,0,0.3,1
4.27697,-0.13681,-0.188667,1.5,2,2.42876,3.55917,2.18346,4.59357,-1.1602,0,0,3.55917,2.18346,4.72433,2.74964,0.428761,1,0.666667,0.720025,0,0.3,1
4.37575,-0.152278,-0.122,1.5,2,2.47519,3.56951,2.18793,4.70956,-1.12119,0,0,3.56951,2.18793,4.78288,2.7482,0.475194,1,0.666667,0.154778,0,0.3,1
4.47534,-0.161131,-0.0553333,1.5,2,2.51865,3.57974,2.19291,4.82429,-1.07834,0,0,3.57974,2.19291,4.75302,2.9076,0.518649,1,0.666667,0.14485,0,0.3,1
4.57529,-0.163331,0.0113333,1.5,2,2.75989,3.38065,2.3246,4.89566,-0.830513,0,0,3.38065,2.3246,4.75494,2.90497,0.759888,1,0.666667,0.80413,0,0.3,1
4.67518,-0.158866,0.078,1.5,2,2.79998,3.42719,2.34761,4.98718,-0.785508,0,0,3.42719,2.34761,4.70524,3.0846,0.799979,1,0.666667,0.133637,0,0.3,1
4.77454,-0.147758,0.144667,1.5,2,3.02452,3.34118,2.51555,4.99987,-0.566448,0,0,3.34118,2.51555,4.70176,3.08779,1.02452,1,0.666667,0.748483,0,0.3,1
4.87294,-0.130055,0.211333,1.5,2,3.05613,3.38625,2.54009,5.08887,-0.517865,0,0,3.38625,2.54009,4.75433,3.09176,1.05613,1,0.666667,0.105354,0,0.3,1
4.96994,-0.105836,0.278,1.5,2,3.08756,3.38306,2.54272,5.18192,-0.459629,0,0,3.38306,2.54272,4.62501,3.21611,1.08756,1,0.666667,0.104779,0,0.3,1
5.06512,-0.0752091,0.344667,1.5,2,3.1922,3.4812,2.69632,5.21784,-0.342446,0,0,3.4812,2.69632,4.67479,3.22376,1.1922,1,0.666667,0.348788,0,0.3,1
5.15804,-0.0383097,0.411333,1.5,2,3.20885,3.4782,2.69571,5.31046,-0.286373,0,0,3.4782,2.69571,4.41852,3.27896,1.20885,1,0.666667,0.0555126,0,0.3,1
5.2483,0.00469806,0.478,1.5,2,3.23021,3.71257,2.84649,5.37657,-0.232648,0,0,3.71257,2.84649,4.46571,3.2929,1.23021,1,0.666667,0.0711958,0,0.3,1
5.33549,0.053623,0.544667,1.5,2,3.23043,3.71018,2.84541,5.47112,-0.179339,0,0,3.71018,2.84541,4.22249,3.24849,1.23043,1,0.666667,0.000738303,0,0.3,1
5.41923,0.108248,0.611333,1.5,2,3.17622,4.02554,2.96237,5.56131,-0.182698,0,0,4.02554,2.96237,4.52961,3.4222,1.17622,1,0.666667,-0.180718,0,0.3,1
5.49915,0.16833,0.678,1.5,2,3.1595,4.07232,2.9873,5.65292,-0.135473,0,0,4.07232,2.9873,4.56799,3.44882,1.1595,1,0.666667,-0.0557391,0,0.3,1
5.57489,0.233602,0.744667,1.5,2,3.1384,4.06938,2.98733,5.74835,-0.0836744,0,0,4.06938,2.98733,4.51926,3.54808,1.1384,1,0.666667,-0.0703168,0,0.3,1
5.6461,0.303775,0.811333,1.5,2,3.03161,4.48665,3.1049,5.82524,-0.129008,0,0,4.48665,3.1049,3.87654,3.08296,1.03161,1,-0.666667,-0.355985,0,0.3,1
5.71651,0.37476,0.756667,1.5,2,2.99584,4.48113,3.10403,5.92441,-0.0845348,0,0,4.48113,3.10403,3.92264,2.9992,0.995844,1,0.666667,-0.119209,0,0.3,1
5.7877,0.444972,0.811333,1.5,2,2.90475,4.81875,3.18335,5.98626,-0.116188,0,0,4.81875,3.18335,3.95245,3.01924,0.904746,1,-0.666667,-0.30366,0,0.3,1
5.85811,0.515957,0.756667,1.5,2,2.86291,4.86235,3.20012,6.0797,-0.0813539,0,0,4.86235,3.20012,3.86924,2.8567,0.862911,1,0.666667,-0.139449,0,0.3,1
5.92937,0.586084,0.81,1.5,2,2.82434,4.89841,3.21553,6.17601,-0.0429568,0,0,4.89841,3.21553,3.86042,2.85113,0.824336,1,0.666667,-0.128585,0,0.3,1
5.99586,0.660756,0.876667,1.5,2,2.76006,5.17835,3.29697,6.21502,-0.0459766,0,0,5.17835,3.29697,3.90085,2.88944,0.760065,1,0.666667,-0.214237,0,0.3,1
6.05722,0.739692,0.943333,1.5,2,2.70319,5.2197,3.30986,6.3041,-0.0179097,0,0,5.2197,3.30986,3.77847,2.64848,0.703189,1,0.666667,-0.189584,0,0.3,1
6.11319,0.82254,1.01,1.5,2,2.68549,5.46949,3.42974,6.30843,0.0317717,0,0,5.46949,3.42974,3.81826,2.68967,0.685487,1,0.666667,-0.0590086,0,0.3,1
6.16352,0.908933,1.07667,1.5,2,2.61698,5.49995,3.44039,6.38742,0.0547675,0,0,5.49995,3.44039,3.75598,2.49109,0.616977,1,0.666667,-0.228366,0,0.3,1
6.20797,0.998486,1.14333,1.5,2,2.5442,5.52772,3.45006,6.46353,0.0774828,0,0,5.52772,3.45006,3.76115,2.49743,0.544199,1,-0.666667,-0.376431,0,0.193338,1
6.2513,1.0886,1.09,1.5,2,2.56119,5.61209,3.56874,6.4856,0.179494,0,0,5.61209,3.56874,3.78801,2.54235,0.561189,1,0.666667,0.0566347,0,0.3,1
6.29559,1.17823,1.14467,1.5,2,2.48858,5.62701,3.57532,6.56731,0.203995,6.56731,0.203995,5.62701,3.57532,3.71761,2.29466,0.488576,2,0.666667,-0.242043,0,0.3,1
6.33386,1.2706,1.21133,1.5,2,2.54206,5.61595,3.70918,6.60439,0.351655,6.56731,0.203995,5.61595,3.70918,3.74461,2.34818,0.542058,1,0.666667,0.178274,0,0.3,1
6.36589,1.36531,1.278,1.5,2,2.46255,5.59577,3.70435,6.69033,0.379904,6.69033,0.379904,5.59577,3.70435,3.7306,2.10984,0.462554,2,-0.666667,-0.265015,0,0.3,1
6.39672,1.46042,1.22467,1.5,2,2.63667,5.4446,3.91918,6.70847,0.655345,6.69033,0.379904,5.4446,3.91918,3.7454,2.16251,0.636668,1,0.666667,0.580379,0,0.3,1
6.42869,1.55516,1.278,1.5,2,2.56265,5.45943,3.92744,6.78322,0.687443,6.78322,0.687443,5.45943,3.92744,3.74822,2.16297,0.562651,2,0.666667,-0.246721,0,0.3,1
6.45434,1.65179,1.34467,1.5,2,2.48477,5.48172,3.9383,6.85173,0.717575,6.78322,0.687443,5.48172,3.9383,3.72301,1.88866,0.484774,1,-0.666667,-0.259593,0,0.3,1
6.47888,1.74872,1.29,1.5,2,2.71233,5.20922,4.14553,6.84759,1.05268,6.84759,1.05268,5.20922,4.14553,3.78169,2.08413,0.712332,2,0.666667,0.758528,0,0.3,1
6.5046,1.84534,1.34333,1.5,2,2.64152,5.18515,4.13371,6.93341,1.10162,6.84759,1.05268,5.18515,4.13371,3.77326,1.79923,0.641516,1,0.666667,-0.236053,0,0.3,1
6.52389,1.94344,1.41,1.5,2,2.73553,3.78897,2.00136,7.28819,1.92726,7.28819,1.92726,3.78897,2.00136,4.8933,4.38038,0.735529,2,0.666667,0.313377,0,0.3,1
6.5366,2.04261,1.47667,1.5,2,2.75378,3.79172,1.82144,7.28041,2.10254,7.28819,1.92726,3.79172,1.82144,4.98594,4.46668,0.739609,2,0.666667,0.0135997,0,0.3,1
6.54267,2.14241,1.54333,1.5,2,2.77044,3.78464,1.88042,7.26896,2.2114,7.28819,1.92726,3.78464,1.88042,4.96508,4.44414,0.72406,2,0.666667,-0.0518311,0,0.3,1
6.54208,2.24239,1.61,1.5,2,2.7815,3.7771,1.93977,7.25632,2.32056,7.28819,1.92726,3.7771,1.93977,4.62994,4.66828,0.690076,2,0.666667,-0.113278,0,0.3,1
6.53484,2.34211,1.67667,1.5,2,2.81276,3.7949,1.70623,7.20429,2.49747,7.28819,1.92726,3.7949,1.70623,4.63955,4.67711,0.63998,2,0.666667,-0.166987,0,0.3,1
6.52096,2.44112,1.74333,1.5,2,2.82263,3.78082,1.76374,7.17854,2.60368,7.28819,1.92726,3.78082,1.76374,4.38033,4.9136,0.57659,2,0.666667,-0.211298,0,0.3,1
6.50053,2.53899,1.81,1.5,2,2.85261,3.79858,1.62416,7.11372,2.74661,7.28819,1.92726,3.79858,1.62416,4.38154,4.91686,0.50269,2,0.666667,-0.246334,0,0.3,1
6.47361,2.63528,1.87667,1.5,2,2.86063,3.77748,1.67921,7.07622,2.84897,7.28819,1.92726,3.77748,1.67921,4.41945,4.95506,0.420728,2,-0.666667,-0.304908,0,0.26881,1
6.44537,2.73119,1.82467,1.5,2,2.86708,3.76066,1.72499,7.03803,2.95332,7.28819,1.92726,3.76066,1.72499,4.3036,5.14815,0.335244,2,-0.666667,-0.284945,0,0.3,1
6.4235,2.82875,1.758,1.5,2,2.91793,3.81729,1.5165,6.94338,3.09052,7.28819,1.92726,3.81729,1.5165,4.25727,5.09354,0.917931,1,0.666667,1.94229,0,0.3,1
6.4031,2.92663,1.80867,1.5,2,2.94702,3.81637,1.51462,6.88847,3.19158,6.88847,3.19158,3.81637,1.51462,4.16651,5.19239,0.947024,2,0.666667,0.0969783,0,0.3,1
6.37631,3.02296,1.87533,1.5,2,2.97048,3.78962,1.56255,6.83741,3.28329,6.88847,3.19158,3.78962,1.56255,4.20462,5.23686,0.960801,2,0.666667,0.045923,0,0.3,1
6.34317,3.11729,1.942,1.5,2,3.00923,4.20539,5.23515,6.69182,2.77189,6.88847,3.19158,4.20539,5.23515,3.92544,1.27759,0.949666,2,0.666667,-0.0371162,0,0.3,1
6.30382,3.2092,2.00867,1.5,2,2.94115,4.25748,5.32175,6.69265,2.80779,6.88847,3.19158,4.25748,5.32175,3.92535,1.2771,0.915086,2,0.666667,-0.115266,0,0.3,1
6.25843,3.29829,2.07533,1.5,2,2.84552,4.28507,5.34836,6.71231,2.82676,6.88847,3.19158,4.28507,5.34836,3.99934,1.19844,0.860992,2,0.666667,-0.180313,0,0.3,1
6.20721,3.38415,2.142,1.5,2,2.6675,4.50232,5.43571,6.73929,2.74388,6.88847,3.19158,4.50232,5.43571,4.05865,1.10197,0.79205,2,0.666667,-0.229809,0,0.3,1
6.15038,3.46641,2.20867,1.5,2,2.56943,4.5144,5.4477,6.74289,2.74884,6.88847,3.19158,4.5144,5.4477,4.17136,1.06165,0.712409,2,-0.666667,-0.26547,0,0.3,1
6.09242,3.54788,2.15667,1.5,2,2.46813,4.52025,5.45049,6.74971,2.75244,6.88847,3.19158,4.52025,5.45049,4.1773,1.04594,0.627853,2,-0.666667,-0.281852,0,0.3,1
6.03994,3.63298,2.09,1.5,2,2.23562,4.76571,5.46992,6.7606,2.59408,6.88847,3.19158,4.76571,5.46992,4.19761,1.02633,0.543535,2,-0.666667,-0.281062,0,0.3,1
5.99325,3.72139,2.02333,1.5,2,2.13678,4.73945,5.45165,6.79316,2.61752,6.88847,3.19158,4.73945,5.45165,4.41014,0.987262,0.459757,2,-0.666667,-0.279258,0,0.3,1
5.95256,3.81272,1.95667,1.5,2,1.87988,5.12527,5.50078,6.66553,2.35791,6.88847,3.19158,5.12527,5.50078,4.44014,0.955233,0.376731,2,-0.666667,-0.276754,0,0.3,1
5.91804,3.90655,1.89,1.5,2,1.78136,5.07382,5.47516,6.73253,2.39317,6.88847,3.19158,5.07382,5.47516,4.60039,1.04325,-0.218641,1,-0.666667,-1.98457,0,0.3,1
5.88984,4.00248,1.82333,1.5,2,1.683,5.08758,5.48196,6.75598,2.4052,6.75598,2.4052,5.08758,5.48196,4.68157,0.939935,-0.316999,2,-0.666667,-0.32786,0,0.3,1
5.8681,4.10006,1.75667,1.5,2,1.48163,5.36988,5.49542,6.54681,2.19923,6.75598,2.4052,5.36988,5.49542,4.6962,0.940576,-0.518368,1,-0.666667,-0.671229,0,0.3,1
5.85291,4.19888,1.69,1.5,2,1.38457,5.38323,5.50136,6.57052,2.20889,6.57052,2.20889,5.38323,5.50136,4.79388,1.1527,-0.615428,2,-0.666667,-0.323533,0,0.3,1
5.84433,4.2985,1.62333,1.5,2,1.26185,5.69033,5.55092,6.11748,2.07708,6.57052,2.20889,5.69033,5.55092,4.81611,1.13207,-0.73815,1,-0.666667,-0.409074,0,0.3,1
5.84241,4.39846,1.55667,1.5,2,1.1636,5.67665,5.55019,6.17526,2.08589,6.17526,2.08589,5.67665,5.55019,4.95973,1.28114,-0.836405,2,-0.666667,-0.327516,0,0.3,1
5.84716,4.49833,1.49,1.5,2,1.13736,5.8795,5.63523,5.77998,2.13664,6.17526,2.08589,5.8795,5.63523,4.95133,1.29618,-0.86264,1,-0.666667,-0.0874523,0,0.3,1
5.85854,4.59766,1.42333,1.5,2,1.03915,5.86669,5.63678,5.83925,2.13689,5.83925,2.13689,5.86669,5.63678,4.94711,1.29978,-0.960851,2,-0.666667,-0.327368,0,0.3,1
5.87652,4.69601,1.35667,1.5,2,0.942013,5.8645,5.63795,5.90916,2.13823,5.83925,2.13689,5.8645,5.63795,5.10969,1.44421,-1.05799,1,-0.666667,-0.323787,0,0.3,1
5.90101,4.79295,1.29,1.5,2,0.968436,5.97006,5.75892,5.72051,2.26783,5.72051,2.26783,5.97006,5.75892,5.12729,1.46508,-1.03156,2,-0.666667,0.0880764,0,0.3,1
5.93191,4.88804,1.22333,1.5,2,0.873293,5.96099,5.76085,5.84443,2.26279,5.72051,2.26783,5.96099,5.76085,5.19918,1.69094,-1.12671,1,-0.666667,-0.317145,0,0.3,1
5.96906,4.98086,1.15667,1.5,2,0.931269,5.93215,5.91139,6.0709,2.41414,6.0709,2.41414,5.93215,5.91139,5.2768,1.64625,-1.06873,2,-0.666667,0.193253,0,0.3,1
6.01232,5.07099,1.09,1.5,2,0.84536,5.9467,5.9138,6.2184,2.42437,6.0709,2.41414,5.9467,5.9138,5.35468,1.85232,-1.15464,1,-0.666667,-0.28636,0,0.3,1
6.06149,5.15805,1.02333,1.5,2,0.765677,5.9598,5.91694,6.42466,2.44795,6.42466,2.44795,5.9598,5.91694,5.39111,1.82356,-1.23432,2,-0.666667,-0.265611,0,0.3,1
6.11635,5.24164,0.956667,1.5,2,0.892168,5.8583,6.09567,6.87066,2.74528,6.42466,2.44795,5.8583,6.09567,5.43505,1.79678,-1.10783,1,0.666667,0.421636,0,0.3,1
6.17227,5.32453,1.01,1.5,2,0.833949,5.87519,6.10377,7.12198,2.83337,7.12198,2.83337,5.87519,6.10377,5.52038,2.01147,-1.16605,2,-0.666667,-0.194063,0,0.3,1
6.22728,5.40801,0.955333,1.5,2,1.08278,5.62594,6.30845,7.56974,3.39784,7.12198,2.83337,5.62594,6.30845,5.43999,2.06806,-0.917223,1,0.666667,0.829426,0,0.3,1
6.28331,5.49082,1.00867,1.5,2,1.0494,5.6548,6.3312,7.751,3.52835,7.751,3.52835,5.6548,6.3312,5.49001,2.35753,-0.950596,2,-0.666667,-0.111243,0,0.3,1
6.33833,5.5743,0.955333,1.5,2,1.4115,5.31047,6.54168,7.8592,4.14294,7.751,3.52835,5.31047,6.54168,5.50769,2.30689,-0.5885,1,0.666667,1.20699,0,0.3,1
6.39436,5.65711,1.00867,1.5,2,1.39934,5.3416,6.57899,7.97474,4.27322,7.97474,4.27322,5.3416,6.57899,5.54413,2.29896,-0.60066,2,-0.666667,-0.0405351,0,0.3,1
6.44959,5.74046,0.952667,1.5,2,1.38858,5.36161,6.60328,8.10392,4.42848,7.97474,4.27322,5.36161,6.60328,5.47332,2.62832,-0.611417,1,-0.666667,-0.0358574,0,0.3,1
6.51021,5.81996,0.886,1.5,2,1.81032,4.97894,6.78561,7.93944,4.91867,7.93944,4.91867,4.97894,6.78561,5.46214,2.63898,-0.189677,2,0.666667,1.4058,0,0.3,1
6.57174,5.89877,0.940667,1.5,2,1.82359,4.99412,6.81343,8.02203,5.05794,7.93944,4.91867,4.99412,6.81343,5.56239,2.81136,-0.176405,1,-0.666667,0.0442398,0,0.3,1
6.63231,5.97832,0.887333,1.5,2,2.20211,4.69085,7.01756,7.77658,5.3658,7.77658,5.3658,4.69085,7.01756,5.44232,2.90391,0.202112,2,0.666667,1.26172,0,0.3,1
6.69374,6.0572,0.942,1.5,2,2.22362,4.69564,7.03293,7.84068,5.49712,7.77658,5.3658,4.69564,7.03293,5.52262,2.84438,0.223616,1,0.666667,0.071679,0,0.3,1
6.74982,6.13998,1.00867,1.5,2,2.24208,4.68916,7.02351,7.90595,5.64427,7.90595,5.64427,4.68916,7.02351,5.4555,3.12123,0.242084,2,0.666667,0.0615605,0,0.3,1
6.80026,6.2263,1.07533,1.5,2,2.52084,4.48654,7.22697,7.69897,5.83762,7.90595,5.64427,4.48654,7.22697,5.41109,3.1622,0.520841,1,0.666667,0.92919,0,0.3,1
6.84484,6.3158,1.142,1.5,2,2.52935,4.50918,7.28653,7.74116,5.94328,7.74116,5.94328,4.50918,7.28653,5.32406,3.4029,0.529351,2,0.666667,0.0283662,0,0.3,1
6.88335,6.40806,1.20867,1.5,2,2.63076,4.45724,7.42535,7.68497,6.07194,7.74116,5.94328,4.45724,7.42535,5.25873,3.4466,0.630765,1,0.666667,0.338047,0,0.3,1
6.91564,6.50269,1.27533,1.5,2,2.62719,4.46178,7.44114,7.73087,6.19091,7.74116,5.94328,4.46178,7.44114,5.15558,3.67822,0.627186,1,0.666667,-0.0119289,0,0.3,1
6.94155,6.59925,1.342,1.5,2,2.55797,4.57167,7.562,7.81431,6.2447,7.74116,5.94328,4.57167,7.562,5.21299,3.61845,0.557966,1,0.666667,-0.230735,0,0.3,1
6.96097,6.69733,1.40867,1.5,2,2.54221,4.59224,7.62036,7.85339,6.34958,7.74116,5.94328,4.59224,7.62036,5.17896,3.64651,0.542212,1,0.666667,-0.0525133,0,0.3,1
6.97381,6.79649,1.47533,1.5,2,2.52119,4.59679,7.63682,7.89665,6.47024,7.74116,5.94328,4.59679,7.63682,5.12923,3.78284,0.521187,1,0.666667,-0.0700831,0,0.3,1
6.98002,6.89627,1.542,1.5,2,2.28484,4.85636,7.73923,8.10945,6.44796,7.74116,5.94328,4.85636,7.73923,5.12642,3.76825,0.284837,1,-0.666667,-0.78783,0,0.3,1
6.98496,6.99613,1.48867,1.5,2,2.25339,4.87712,7.79287,8.15104,6.55537,7.74116,5.94328,4.87712,7.79287,4.96579,3.96919,0.253394,1,0.666667,-0.104813,0,0.3,1
6.9911,7.09593,1.542,1.5,2,1.91376,5.22494,7.83292,8.455,6.48507,7.74116,5.94328,5.22494,7.83292,4.84904,7.5767,-0.0862354,1,-0.666667,-1.1321,0,0.3,1
6.99629,7.19578,1.486,1.5,2,1.88272,5.22552,7.83534,8.51739,6.64639,7.74116,5.94328,5.22552,7.83534,5.02911,3.90347,-0.11728,1,-0.666667,-0.103481,0,0.3,1
7.00807,7.29506,1.41933,1.5,2,1.86365,5.23243,7.861,8.56715,6.79815,7.74116,5.94328,5.23243,7.861,4.91923,7.57668,-0.136354,1,-0.666667,-0.0635795,0,0.3,1
7.02644,7.39334,1.35267,1.5,2,1.47974,5.63156,7.88724,8.93084,6.71903,7.74116,5.94328,5.63156,7.88724,5.63519,8.21279,-0.520256,1,-0.666667,-1.27967,0,0.3,1
7.05132,7.49018,1.286,1.5,2,1.47406,5.64408,7.92897,8.98542,6.88712,7.74116,5.94328,5.64408,7.92897,5.48009,7.69195,-0.525935,1,-0.666667,-0.0189324,0,0.3,1
7.08259,7.58514,1.21933,1.5,2,1.09101,6.05828,7.96075,9.34432,6.75579,7.74116,5.94328,6.05828,7.96075,6.08184,8.18973,-0.908995,1,-0.666667,-1.27686,0,0.3,1
7.12012,7.67781,1.15267,1.5,2,1.09828,6.05905,7.96128,9.44047,7.05793,9.44047,7.05793,6.05905,7.96128,6.07538,8.1864,-0.901721,2,-0.666667,0.0242448,0,0.3,1
7.16374,7.76778,1.086,1.5,2,1.11924,6.0767,8.03432,9.47601,7.20082,9.44047,7.05793,6.0767,8.03432,5.99013,7.84525,-0.88482,2,-0.666667,0.0563369,0,0.3,1
7.21326,7.85464,1.01933,1.5,2,0.862159,6.38702,8.1009,9.7412,7.10118,9.44047,7.05793,6.38702,8.1009,6.32485,7.95738,-1.13784,1,-0.666667,-0.843402,0,0.3,1
7.26845,7.938,0.952667,1.5,2,0.896516,6.38671,8.10009,9.82903,7.46729,9.82903,7.46729,6.38671,8.10009,6.37742,8.28749,-1.10348,2,-0.666667,0.114524,0,0.3,1
7.32907,8.01751,0.886,1.5,2,0.783055,6.56682,8.1968,9.97384,7.39543,9.82903,7.46729,6.56682,8.1968,6.57772,8.35575,-1.05979,2,-0.666667,0.145657,0,0.3,1
7.39486,8.0928,0.819333,1.5,2,0.831776,6.57586,8.23803,10.0221,7.62691,9.82903,7.46729,6.57586,8.23803,6.52723,8.09364,-1.16822,1,-0.666667,-0.361457,0,0.3,1
7.46552,8.16354,0.752667,1.5,2,0.894073,6.59392,8.36277,10.0059,7.58285,10.0059,7.58285,6.59392,8.36277,6.53192,8.21043,-1.10593,2,-0.666667,0.207656,0,0.3,1
7.54073,8.22941,0.686,1.5,2,0.956304,6.59541,8.37399,10.0552,7.84486,10.0059,7.58285,6.59541,8.37399,6.53232,8.20645,-1.0437,1,-0.666667,0.207434,0,0.3,1
7.62016,8.29013,0.619333,1.5,2,1.02888,6.59447,8.37113,10.0836,8.09561,10.0059,7.58285,6.59447,8.37113,6.56178,8.58394,-0.97112,1,-0.666667,0.241923,0,0.3,1
7.70346,8.34543,0.552667,1.5,2,1.2694,6.44444,8.50749,9.9158,8.06066,10.0059,7.58285,6.44444,8.50749,6.33896,8.28191,-0.730597,1,0.666667,0.801743,0,0.3,1
7.78745,8.39966,0.606,1.5,2,1.34712,6.44605,8.5236,9.9312,8.20159,10.0059,7.58285,6.44605,8.5236,6.33784,8.27994,-0.652878,1,0.666667,0.259063,0,0.3,1
7.86769,8.45932,0.672667,1.5,2,1.71786,6.16437,8.68233,9.63475,8.22796,10.0059,7.58285,6.16437,8.68233,5.97442,8.3753,-0.282144,1,0.666667,1.23578,0,0.3,1
7.94377,8.52418,0.739333,1.5,2,1.78795,6.16447,8.69988,9.64753,8.35594,10.0059,7.58285,6.16447,8.69988,5.91051,8.36914,-0.21205,1,-0.666667,0.233646,0,0.3,1
8.01927,8.58973,0.682,1.5,2,1.85705,6.16657,8.71683,9.65836,8.47729,10.0059,7.58285,6.16657,8.71683,5.82768,8.35647,-0.142948,1,-0.666667,0.23034,0,0.3,1
8.09894,8.65014,0.615333,1.5,2,2.32579,5.78483,8.88292,9.26726,8.53261,10.0059,7.58285,5.78483,8.88292,4.54979,3.719,0.325788,1,0.666667,1.56245,0,0.3,1
8.17923,8.70972,0.671333,1.5,2,2.40326,5.7835,8.89976,9.27254,8.62299,10.0059,7.58285,5.7835,8.89976,4.45548,3.49606,0.403258,1,0.666667,0.258235,0,0.3,1
8.2554,8.77448,0.738,1.5,2,2.88718,5.38257,9.06203,8.86517,8.71345,10.0059,7.58285,5.38257,9.06203,4.37231,3.56793,0.887183,1,0.666667,1.61308,0,0.3,1
8.32708,8.84418,0.804667,1.5,2,2.95335,5.38451,9.09625,8.87174,8.79752,10.0059,7.58285,5.38451,9.09625,4.36823,3.57074,0.953353,1,0.666667,0.323486,0,0.204553,1
8.39397,8.9185,0.871333,1.5,2,3.01705,5.38455,9.13297,8.87569,8.88417,10.0059,7.58285,5.38455,9.13297,4.23556,3.4154,1.01705,1,0.666667,0.212336,0,0.3,1
8.45575,8.99711,0.938,1.5,2,3.37154,5.09839,9.306,8.58367,8.98534,10.0059,7.58285,5.09839,9.306,4.12626,3.5065,1.37154,1,0.666667,1.29976,0,0.27273,1
8.51216,9.07965,1.00467,1.5,2,3.42156,5.09675,9.28478,8.59046,9.07495,10.0059,7.58285,5.09675,9.28478,4.00627,3.60131,1.42156,1,0.666667,0.16674,0,0.3,1
8.56294,9.16578,1.07133,1.5,2,3.46908,5.09748,9.32419,8.59383,9.16436,10.0059,7.58285,5.09748,9.32419,3.95865,3.40164,1.46908,1,0.666667,0.175292,0,0.271094,1
8.60788,9.25509,1.138,1.5,2,3.72011,4.89594,9.50148,8.38825,9.26967,10.0059,7.58285,4.89594,9.50148,3.9124,3.41459,1.72011,1,0.666667,0.836767,0,0.3,1
8.64676,9.3472,1.20467,1.5,2,3.75715,4.89468,9.54238,8.38996,9.36056,10.0059,7.58285,4.89468,9.54238,3.76266,3.31107,1.75715,1,0.666667,0.123481,0,0.3,1
8.67943,9.4417,1.27133,1.5,2,3.92412,4.76127,9.65788,8.25596,9.46506,10.0059,7.58285,4.76127,9.65788,3.71753,3.34873,1.92412,1,0.666667,0.556539,0,0.3,1
8.70572,9.53816,1.338,1.5,2,3.94572,4.76669,9.76793,8.26075,9.56412,10.0059,7.58285,4.76669,9.76793,3.63875,3.1311,1.94572,1,0.666667,0.0720286,0,0.3,1
8.72553,9.63616,1.40467,1.5,2,3.96304,4.76389,9.74119,8.26266,9.64843,10.0059,7.58285,4.76389,9.74119,3.58682,3.18024,1.96304,1,0.666667,0.0577195,0,0.3,1
8.73877,9.73526,1.47133,1.5,2,4.0138,4.72942,9.92426,8.22554,9.75945,10.0059,7.58285,4.72942,9.92426,3.52437,3.22638,2.0138,1,0.666667,0.169199,0,0.3,1
8.74538,9.83502,1.538,1.5,2,4.01902,4.72683,9.8967,8.22642,9.84299,10.0059,7.58285,4.72683,9.8967,3.43153,3.00398,2.01902,1,0.666667,0.0174141,0,0.3,1
8.74532,9.935,1.60467,1.5,2,3.91681,4.83105,10.0758,8.32879,9.94998,10.0059,7.58285,4.83105,10.0758,3.35839,3.05478,1.91681,1,-0.666667,-0.340719,0,0.3,1
8.74413,10.035,1.55,1.5,2,3.91235,4.83263,10.1163,8.33187,10.0436,10.0059,7.58285,4.83263,10.1163,3.29539,2.85437,1.91235,1,0.666667,-0.0148757,0,0.3,1
8.7439,10.135,1.606,1.5,2,3.91328,4.83123,10.0655,8.33068,10.1276,10.0059,7.58285,4.83123,10.0655,3.39237,2.76467,1.91328,1,0.666667,0.00310818,0,0.3,1
8.73705,10.2347,1.67267,1.5,2,3.693,5.04407,10.2452,8.54405,10.2353,10.0059,7.58285,5.04407,10.2452,3.31637,2.81835,1.693,1,-0.666667,-0.848427,0,0.259635,1
