-2.62774e-18,2.94534e-35,-1.69844e-17,1.5,2,3.40997,1.49484,3.06485,-0.039469,-0.0809229,0,0,1.49484,3.06485,1.07819,3.76005,1.40997,1,0.666667,4.69988,0,0.3,1
0.00427399,0.000174382,0.0613333,1.5,2,3.40904,1.47115,3.07748,-0.0348644,-0.0819326,0,0,1.47115,3.07748,-0.744088,4.03248,1.40904,1,0.666667,-0.00923291,0,0.0999596,1
0.0184523,0.00157641,0.128,1.5,2,3.40232,1.4921,3.0682,-0.023856,-0.0864663,0,0,1.4921,3.0682,-0.71751,4.03782,1.40232,1,0.666667,-0.0614638,0,0.109376,1
0.042374,0.0055259,0.194667,1.5,2,3.38774,1.5193,3.05437,-0.00656673,-0.0955033,0,0,1.5193,3.05437,-0.681085,4.04518,1.38774,1,0.666667,-0.14891,0,0.0979003,1
0.0757189,0.0133201,0.261333,1.5,2,3.3667,1.553,3.0386,0.0172294,-0.106459,0,0,1.553,3.0386,1.16159,3.79352,1.3667,1,0.666667,-0.235908,0,0.089177,1
0.118038,0.026222,0.328,1.5,2,3.33847,1.59237,3.02151,0.0467054,-0.118699,0,0,1.59237,3.02151,1.18589,3.7001,1.33847,1,-0.666667,-0.282085,0,0.100071,1
0.169873,0.0421929,0.266667,1.5,2,3.3016,1.60275,3.01666,0.0837687,-0.136549,0,0,1.60275,3.01666,1.21549,3.75681,1.3016,1,-0.666667,-0.368518,0,0.100064,1
0.232383,0.0569921,0.2,1.5,2,3.26286,1.58759,3.0251,0.133887,-0.15873,0,0,1.58759,3.0251,1.17474,3.69007,1.26286,1,-0.666667,-0.38778,0,0.0999121,1
0.3056,0.0692529,0.133333,1.5,2,3.22431,1.5841,3.02925,0.196283,-0.183839,0,0,1.5841,3.02925,1.18111,3.75547,1.22431,1,-0.666667,-0.385505,0,0.0999909,1
0.389419,0.077607,0.0666667,1.5,2,3.18776,1.59288,3.02947,0.27154,-0.21153,0,0,1.59288,3.02947,1.14908,3.59701,1.18776,1,-0.666667,-0.365362,0,0.100041,1
0.483601,0.080692,-5.26087e-12,1.5,2,3.15111,1.56135,3.04177,0.364274,-0.247155,0,0,1.56135,3.04177,1.11942,3.68654,1.15111,1,-0.666667,-0.365872,0,0.100158,1
0.583499,0.07736,-0.0666667,1.5,2,3.12322,1.53929,3.05074,0.468196,-0.281341,0,0,1.53929,3.05074,2.29143,3.18152,1.12322,1,-0.666667,-0.278738,0,0.100056,1
0.682981,0.0673785,-0.133333,1.5,2,3.10405,1.6236,3.02549,0.562999,-0.30995,0,0,1.6236,3.02549,1.1312,3.40903,1.10405,1,0.666667,-0.191871,0,0.0999013,1
0.78241,0.0568771,-0.072,1.5,2,3.08848,1.5883,3.03836,0.67503,-0.340388,0,0,1.5883,3.03836,1.08661,3.44839,1.08848,1,0.666667,-0.155769,0,0.0999982,1
0.882317,0.0530121,-0.00533333,1.5,2,3.07151,1.58922,3.04207,0.783701,-0.363978,0,0,1.58922,3.04207,1.08533,3.5678,1.07151,1,0.666667,-0.169846,0,0.0999161,1
0.982259,0.0558112,0.0613333,1.5,2,3.04398,1.64037,3.0278,0.883668,-0.389419,0,0,1.64037,3.0278,1.13396,3.54985,1.04398,1,-0.666667,-0.273579,0,0.100606,1
1.08218,0.0592599,0.00133333,1.5,2,3.0215,1.70645,3.01557,0.983319,-0.408912,0,0,1.70645,3.01557,1.19481,3.41241,1.0215,1,0.666667,-0.225678,0,0.0996144,1
1.18212,0.062203,0.0626667,1.5,2,3.00232,1.67297,3.02413,1.10075,-0.428782,0,0,1.67297,3.02413,1.14728,3.44369,1.00232,1,0.666667,-0.191902,0,0.0999694,1
1.28164,0.0717865,0.129333,1.5,2,2.98014,1.67526,3.02582,1.21298,-0.443518,0,0,1.67526,3.02582,2.36061,3.27976,0.980141,1,0.666667,-0.222213,0,0.0998058,1
1.3803,0.0879785,0.196,1.5,2,2.95344,1.72848,3.02082,1.31587,-0.454774,0,0,1.72848,3.02082,1.19292,3.40851,0.953436,1,-0.666667,-0.266696,0,0.100132,1
1.47888,0.104686,0.134667,1.5,2,2.9253,1.79909,3.01241,1.41597,-0.46656,0,0,1.79909,3.01241,1.26633,3.37755,0.925301,1,-0.666667,-0.28157,0,0.0999231,1
1.57835,0.1148,0.068,1.5,2,2.90676,1.78638,3.01411,1.53589,-0.476919,0,0,1.78638,3.01411,2.44578,3.32873,0.90676,1,0.666667,-0.185354,0,0.10003,1
1.67787,0.124394,0.129333,1.5,2,2.89259,1.80857,3.01402,1.65042,-0.4824,0,0,1.80857,3.01402,1.27077,3.25453,0.892585,1,0.666667,-0.141531,0,0.100152,1
1.77653,0.140586,0.196,1.5,2,2.8757,1.81518,3.01602,1.76814,-0.483662,0,0,1.81518,3.01602,1.2608,3.3143,0.875696,1,0.666667,-0.168957,0,0.0999626,1
1.87389,0.163315,0.262667,1.5,2,2.85265,1.82164,3.01548,1.88575,-0.483931,0,0,1.82164,3.01548,2.4175,3.26192,0.852646,1,0.666667,-0.23004,0,0.1002,1
1.96953,0.192479,0.329333,1.5,2,2.82752,1.8773,3.01849,1.99146,-0.479643,0,0,1.8773,3.01849,1.32236,3.27167,0.82752,1,-0.666667,-0.252087,0,0.0996727,1
2.06501,0.222143,0.268,1.5,2,2.80302,1.90096,3.02036,2.1058,-0.473644,0,0,1.90096,3.02036,2.47804,3.29929,0.803018,1,0.666667,-0.24463,0,0.100158,1
2.16064,0.251317,0.329333,1.5,2,2.78139,1.97295,3.02637,2.20913,-0.465656,0,0,1.97295,3.02637,1.43153,3.2043,0.781389,1,0.666667,-0.216608,0,0.0998548,1
2.25412,0.286788,0.396,1.5,2,2.75443,2.02895,3.032,2.31506,-0.456287,0,0,2.02895,3.032,1.50679,3.13766,0.75443,1,-0.666667,-0.269344,0,0.100091,1
2.34741,0.322746,0.334667,1.5,2,2.72847,2.05393,3.03539,2.43039,-0.444309,0,0,2.05393,3.03539,1.52426,3.1607,0.728469,1,-0.666667,-0.259064,0,0.10021,1
2.44288,0.35242,0.268,1.5,2,2.71636,2.00133,3.03265,2.57027,-0.420795,0,0,2.00133,3.03265,2.52843,3.33125,0.716362,1,0.666667,-0.121494,0,0.0996499,1
2.53851,0.381595,0.329333,1.5,2,2.70293,1.98258,3.02674,2.70245,-0.39843,0,0,1.98258,3.02674,2.49399,3.31583,0.702934,1,0.666667,-0.134007,0,0.100207,1
2.63199,0.417065,0.396,1.5,2,2.69036,2.04103,3.04172,2.80984,-0.372799,0,0,2.04103,3.04172,2.54529,3.35755,0.690362,1,0.666667,-0.125645,0,0.100058,1
2.7229,0.458684,0.462667,1.5,2,2.6726,2.0986,3.05734,2.91617,-0.345827,0,0,2.0986,3.05734,1.55301,3.14814,0.672599,1,0.666667,-0.177634,0,0.0999942,1
2.81083,0.506266,0.529333,1.5,2,2.64928,2.15519,3.07313,3.02137,-0.317994,0,0,2.15519,3.07313,1.61803,3.14453,0.649277,1,0.666667,-0.233654,0,0.0998148,1
2.8954,0.559601,0.596,1.5,2,2.62267,2.16598,3.07879,3.13941,-0.283118,0,0,2.16598,3.07879,1.63851,3.11978,0.622667,1,-0.666667,-0.265635,0,0.100175,1
2.97969,0.613377,0.534667,1.5,2,2.59599,2.19327,3.08738,3.25355,-0.248158,0,0,2.19327,3.08738,2.6552,3.40332,0.595988,1,-0.666667,-0.263985,0,0.101064,1
3.06737,0.661427,0.468,1.5,2,2.57627,2.19408,3.08517,3.38049,-0.207616,0,0,2.19408,3.08517,2.64337,3.39578,0.576269,1,0.666667,-0.197139,0,0.100025,1
3.15536,0.708907,0.528,1.5,2,2.56493,2.18406,3.08282,3.50945,-0.156524,0,0,2.18406,3.08282,2.61792,3.4103,0.564932,1,0.666667,-0.114589,0,0.0989321,1
3.23999,0.762129,0.594667,1.5,2,2.5505,2.1997,3.09083,3.62728,-0.104799,0,0,2.1997,3.09083,2.62821,3.39701,0.5505,1,0.666667,-0.144469,0,0.0998995,1
3.3209,0.820871,0.661333,1.5,2,2.53292,2.29505,3.13676,3.71257,-0.0633448,0,0,2.29505,3.13676,2.71641,3.46202,0.53292,1,0.666667,-0.175584,0,0.100122,1
3.39771,0.884872,0.728,1.5,2,2.5083,2.34913,3.16348,3.81229,-0.0160156,0,0,2.34913,3.16348,1.88189,3.07308,0.5083,1,0.666667,-0.243434,0,0.101137,1
3.47009,0.953848,0.794667,1.5,2,2.48148,2.36166,3.17401,3.92504,0.0425825,0,0,2.36166,3.17401,2.76101,3.50536,0.481478,1,-0.666667,-0.270888,0,0.0990127,1
3.54202,1.02329,0.734667,1.5,2,2.45465,2.38611,3.18875,4.03428,0.101105,0,0,2.38611,3.18875,2.7814,3.49679,0.454653,1,-0.666667,-0.26548,0,0.101043,1
3.6184,1.0878,0.668,1.5,2,2.43418,2.35477,3.1683,4.17169,0.176849,0,0,2.35477,3.1683,2.73895,3.46868,0.434181,1,0.666667,-0.206992,0,0.0989039,1
3.69521,1.15182,0.728,1.5,2,2.42325,2.35029,3.16759,4.29281,0.256128,0,0,2.35029,3.16759,2.72228,3.47641,0.423249,1,0.666667,-0.109335,0,0.0999881,1
3.76758,1.22079,0.794667,1.5,2,2.40951,2.40175,3.2058,4.38573,0.322428,0,0,2.40175,3.2058,2.76851,3.51512,0.409512,1,0.666667,-0.137309,0,0.100043,1
3.83521,1.29444,0.861333,1.5,2,2.38982,2.45251,3.24364,4.47754,0.388943,0,0,2.45251,3.24364,2.81782,3.5424,0.389816,1,0.666667,-0.194605,0,0.101209,1
3.89777,1.37242,0.928,1.5,2,2.3649,2.50204,3.28153,4.5677,0.456094,0,0,2.50204,3.28153,2.85875,3.58342,0.364896,1,0.666667,-0.249145,0,0.100022,1
3.95501,1.45441,0.994667,1.5,2,2.33724,2.51637,3.29643,4.67071,0.538016,4.67071,0.538016,2.51637,3.29643,2.86776,3.58915,0.337243,2,-0.666667,-0.275913,0,0.100223,1
4.0116,1.53683,0.936,1.5,2,2.30907,2.53885,3.31526,4.77119,0.619578,4.67071,0.538016,2.53885,3.31526,2.88811,3.59499,0.303316,2,-0.666667,-0.343618,0,0.0987346,1
4.07354,1.61531,0.869333,1.5,2,2.28819,2.63948,3.39836,4.83302,0.671017,4.67071,0.538016,2.63948,3.39836,2.98248,3.68391,0.288185,1,0.666667,-0.151117,0,0.100129,1
4.13599,1.69339,0.929333,1.5,2,2.27014,2.69976,3.45145,4.91408,0.740951,4.91408,0.740951,2.69976,3.45145,3.04092,3.7317,0.270139,2,0.666667,-0.178468,0,0.101118,1
4.19311,1.77545,0.996,1.5,2,2.24528,2.77809,3.51872,4.98386,0.801264,4.91408,0.740951,2.77809,3.51872,2.47139,3.26861,0.23906,2,-0.666667,-0.310551,0,0.100077,1
4.2496,1.85795,0.937333,1.5,2,2.21793,2.8627,3.58876,5.05129,0.857449,4.91408,0.740951,2.8627,3.58876,2.55725,3.34444,0.217928,1,0.666667,-0.207004,0,0.102084,1
4.3069,1.93988,0.993333,1.5,2,2.19282,2.92949,3.64609,5.12801,0.922764,5.12801,0.922764,2.92949,3.64609,2.63216,3.40014,0.192816,2,-0.666667,-0.251711,0,0.099765,1
4.3634,2.02236,0.937333,1.5,2,2.16552,3.00928,3.71228,5.19787,0.980965,5.12801,0.922764,3.00928,3.71228,2.71098,3.47379,0.165516,1,-0.666667,-0.272701,0,0.100111,1
4.42524,2.10093,0.870667,1.5,2,2.14443,3.07905,3.77016,5.27622,1.04574,5.27622,1.04574,3.07905,3.77016,2.78741,3.53043,0.144425,2,0.666667,-0.210888,0,0.100008,1
4.48788,2.17886,0.926667,1.5,2,2.12648,3.11834,3.80559,5.37249,1.12813,5.27622,1.04574,3.11834,3.80559,3.43615,4.06891,0.126477,1,0.666667,-0.179279,0,0.10011,1
4.54522,2.26076,0.993333,1.5,2,2.10189,3.22492,3.89623,5.42344,1.1729,5.42344,1.1729,3.22492,3.89623,2.93984,3.66055,0.101887,2,0.666667,-0.245933,0,0.0999884,1
4.59698,2.3463,1.06,1.5,2,2.07059,3.30142,3.9615,5.49135,1.23127,5.42344,1.1729,3.30142,3.9615,3.01665,3.73302,0.0705907,1,-0.666667,-0.311399,0,0.100502,1
4.64775,2.43244,1.00533,1.5,2,2.03618,3.37739,4.02373,5.56102,1.28845,5.56102,1.28845,3.37739,4.02373,3.09702,3.79953,0.0361805,2,-0.666667,-0.34585,0,0.0994946,1
4.70411,2.51502,0.938667,1.5,2,2.00839,3.44615,4.08064,5.63838,1.35225,5.56102,1.28845,3.44615,4.08064,3.16921,3.8596,0.00838923,1,-0.666667,-0.278066,0,0.099945,1
4.76584,2.59367,0.872,1.5,2,1.98741,3.51615,4.13901,5.71696,1.41753,5.71696,1.41753,3.51615,4.13901,3.24563,3.91694,-0.0125942,2,-0.666667,-0.209672,0,0.100078,1
4.83267,2.66803,0.805333,1.5,2,1.97329,3.58704,4.19849,5.7964,1.48394,5.71696,1.41753,3.58704,4.19849,3.31803,3.97811,-0.0267065,1,-0.666667,-0.140868,0,0.10018,1
4.90431,2.73778,0.738667,1.5,2,1.96548,3.63247,4.23629,5.89727,1.56784,5.89727,1.56784,3.63247,4.23629,3.92611,4.47932,-0.0345155,2,-0.666667,-0.0781558,0,0.0999163,1
4.98043,2.80259,0.672,1.5,2,1.96522,3.70406,4.2969,5.97725,1.63558,5.89727,1.56784,3.70406,4.2969,3.43961,4.07263,-0.0379264,2,-0.666667,-0.0341083,0,0.100003,1
5.06071,2.86219,0.605333,1.5,2,1.97208,3.77516,4.35768,6.05672,1.70353,5.89727,1.56784,3.77516,4.35768,3.51047,4.13182,-0.0279171,1,0.666667,0.10011,0,0.099983,1
5.14159,2.92097,0.661333,1.5,2,1.98239,3.84386,4.41956,6.13506,1.77374,6.13506,1.77374,3.84386,4.41956,3.58118,4.18947,-0.0176057,2,0.666667,0.102904,0,0.100205,1
5.2184,2.98497,0.728,1.5,2,1.98672,3.92257,4.49092,6.20544,1.83789,6.13506,1.77374,3.92257,4.49092,3.6591,4.26074,-0.0132815,1,0.666667,0.0431892,0,0.100122,1
5.29078,3.05395,0.794667,1.5,2,1.98381,4.00159,4.56175,6.27609,1.90156,6.27609,1.90156,4.00159,4.56175,3.73463,4.33534,-0.0161916,2,-0.666667,-0.0291141,0,0.0999563,1
5.36237,3.12375,0.74,1.5,2,1.97731,4.08087,4.62957,6.34923,1.96414,6.27609,1.90156,4.08087,4.62957,4.37621,4.87398,-0.0226917,1,-0.666667,-0.0644651,0,0.100832,1
5.4384,3.18867,0.673333,1.5,2,1.97692,4.15242,4.69016,6.42916,2.03188,6.42916,2.03188,4.15242,4.69016,3.88633,4.46451,-0.023078,2,-0.666667,-0.00389895,0,0.0990621,1
5.5186,3.24838,0.606667,1.5,2,1.98361,4.22354,4.75088,6.50863,2.09977,6.42916,2.03188,4.22354,4.75088,4.51667,5.00072,-0.0163922,1,0.666667,0.0668716,0,0.0999786,1
5.5994,3.30726,0.662667,1.5,2,1.99379,4.2922,4.81273,6.58693,2.16996,6.58693,2.16996,4.2922,4.81273,4.02793,4.58127,-0.00620782,2,0.666667,0.101565,0,0.100275,1
5.67613,3.37137,0.729333,1.5,2,1.99796,4.37095,4.88409,6.65735,2.23411,6.58693,2.16996,4.37095,4.88409,4.1059,4.65258,-0.00204313,1,0.666667,0.0416293,0,0.100042,1
5.74842,3.44044,0.796,1.5,2,1.9949,4.47662,4.97737,6.70795,2.28086,6.70795,2.28086,4.47662,4.97737,4.20828,4.75086,-0.00509965,2,-0.666667,-0.0305635,0,0.100006,1
5.81991,3.51033,0.741333,1.5,2,1.98828,4.55587,5.04509,6.78097,2.34344,6.70795,2.28086,4.55587,5.04509,4.28816,4.81972,-0.0117171,1,-0.666667,-0.066257,0,0.0998752,1
5.89586,3.57535,0.674667,1.5,2,1.98777,4.60081,5.08336,6.88109,2.42812,6.88109,2.42812,4.60081,5.08336,4.33317,4.85644,-0.0122252,2,-0.666667,-0.00507396,0,0.100133,1
5.97597,3.63517,0.608,1.5,2,1.99428,4.67193,5.14402,6.96055,2.49596,6.88109,2.42812,4.67193,5.14402,4.96658,5.39512,-0.00571692,1,0.666667,0.065044,0,0.100059,1
6.05677,3.69406,0.662667,1.5,2,2.00442,4.7426,5.20756,7.03732,2.56479,7.03732,2.56479,4.7426,5.20756,4.47693,4.97486,0.00442171,2,0.666667,0.10131,0,0.100075,1
6.1335,3.75817,0.729333,1.5,2,2.00859,4.82137,5.27894,7.10777,2.62896,7.03732,2.56479,4.82137,5.27894,4.55492,5.04619,0.00858831,1,0.666667,0.0416664,0,0.099999,1
6.20578,3.82724,0.796,1.5,2,2.00554,4.92721,5.37237,7.15854,2.67586,7.15854,2.67586,4.92721,5.37237,4.65744,5.14464,0.00553727,2,-0.666667,-0.030465,0,0.100149,1
6.27727,3.89714,0.741333,1.5,2,1.99892,5.00648,5.4401,7.23158,2.73845,7.15854,2.67586,5.00648,5.4401,4.73734,5.21352,-0.00108075,1,-0.666667,-0.0662813,0,0.0998475,1
6.35323,3.96216,0.674667,1.5,2,1.99841,5.05124,5.47824,7.33152,2.82299,7.33152,2.82299,5.05124,5.47824,4.78217,5.25009,-0.00158584,2,-0.666667,-0.00504872,0,0.100043,1
6.43334,4.02197,0.608,1.5,2,2.00493,5.12233,5.53888,7.41096,2.89082,7.33152,2.82299,5.12233,5.53888,4.85303,5.30921,0.00492954,1,0.666667,0.0649757,0,0.100274,1
6.51414,4.08087,0.662667,1.5,2,2.01506,5.19299,5.6024,7.48772,2.95962,7.48772,2.95962,5.19299,5.6024,4.92591,5.36846,0.0150633,2,0.666667,0.101661,0,0.0996817,1
6.59087,4.14497,0.729333,1.5,2,2.02291,5.19104,5.60533,7.61299,3.07864,7.48772,2.95962,5.19104,5.60533,4.91821,5.36972,0.0229077,1,0.666667,0.0781705,0,0.100351,1
6.66315,4.21404,0.796,1.5,2,2.0254,5.21588,5.63096,7.71684,3.18245,7.48772,2.95962,5.21588,5.63096,4.93611,5.39625,0.0253997,1,0.666667,0.0249664,0,0.099812,1
6.73068,4.28778,0.862667,1.5,2,2.02468,5.28838,5.70873,7.78163,3.25237,7.78163,3.25237,5.28838,5.70873,5.01772,5.46828,0.0246828,2,0.666667,-0.007158,0,0.100157,1
6.79314,4.36585,0.929333,1.5,2,2.01847,5.31101,5.73607,7.881,3.36012,7.78163,3.25237,5.31101,5.73607,5.03698,5.49559,0.0184669,1,-0.666667,-0.0621963,0,0.0999386,1
6.8547,4.44463,0.874667,1.5,2,2.01265,5.3331,5.762,7.97917,3.47108,7.78163,3.25237,5.3331,5.762,5.0635,5.51602,0.0126455,1,-0.666667,-0.0581959,0,0.100032,1
6.92134,4.51917,0.808,1.5,2,2.01702,5.32553,5.75277,8.09462,3.61218,7.78163,3.25237,5.32553,5.75277,5.04401,5.505,0.0170214,1,0.666667,0.0437458,0,0.100031,1
6.98882,4.59294,0.862667,1.5,2,2.03011,5.31722,5.74493,8.19914,3.75884,7.78163,3.25237,5.31722,5.74493,5.03041,5.48845,0.0301065,1,0.666667,0.130909,0,0.0999559,1
7.05128,4.67101,0.929333,1.5,2,2.041,5.35432,5.80502,8.26436,3.86036,7.78163,3.25237,5.35432,5.80502,5.08379,5.53686,0.0409968,1,0.666667,0.108951,0,0.0999559,1
7.10841,4.75306,0.996,1.5,2,2.04537,5.39173,5.86506,8.32928,3.96223,7.78163,3.25237,5.39173,5.86506,5.12532,5.59212,0.0453656,1,0.666667,0.0436458,0,0.100096,1
7.15994,4.83874,1.06267,1.5,2,2.04655,5.4078,5.89628,8.4043,4.08769,7.78163,3.25237,5.4078,5.89628,5.1545,5.61313,0.0465472,1,0.666667,0.0118259,0,0.0999164,1
7.20564,4.92766,1.12933,1.5,2,2.04424,5.40564,5.89663,8.48748,4.23764,7.78163,3.25237,5.40564,5.89663,5.13503,5.61222,0.0442419,1,0.666667,-0.0230596,0,0.0999702,1
7.24533,5.01943,1.196,1.5,2,2.03824,5.42083,5.92808,8.5538,4.36779,7.78163,3.25237,5.42083,5.92808,5.14614,5.64022,0.0382421,1,0.666667,-0.0599541,0,0.100073,1
7.27881,5.11364,1.26267,1.5,2,2.03088,5.43307,5.96082,8.614,4.5008,7.78163,3.25237,5.43307,5.96082,5.50994,6.38258,0.0308771,1,0.666667,-0.0733327,0,0.100433,1
7.30594,5.20987,1.32933,1.5,2,2.01754,5.47497,6.05725,8.6513,4.58723,7.78163,3.25237,5.47497,6.05725,5.26101,5.7515,0.0175424,1,-0.666667,-0.133923,0,0.0995702,1
7.33196,5.30641,1.27467,1.5,2,2.00348,5.48731,6.08817,8.70986,4.72246,7.78163,3.25237,5.48731,6.08817,5.26358,5.78268,0.00347567,1,-0.666667,-0.140803,0,0.0999036,1
7.36431,5.40101,1.208,1.5,2,2.0009,5.48154,6.07836,8.7749,4.89354,7.78163,3.25237,5.48154,6.07836,5.25365,5.76509,0.000901699,1,-0.666667,-0.0256252,0,0.100447,1
7.40289,5.49325,1.14133,1.5,2,2.009,5.47769,6.06742,8.8317,5.06713,7.78163,3.25237,5.47769,6.06742,5.4853,6.49603,0.00899649,1,0.666667,0.0812838,0,0.0995867,1
7.44252,5.58505,1.196,1.5,2,2.02515,5.47312,6.05693,8.87678,5.24139,7.78163,3.25237,5.47312,6.05693,5.47542,6.48044,0.0251491,1,0.666667,0.160664,0,0.100537,1
7.476,5.67925,1.26267,1.5,2,2.03821,5.4873,6.12577,8.90228,5.35901,7.78163,3.25237,5.4873,6.12577,5.46396,6.56058,0.0382087,1,0.666667,0.130943,0,0.0997354,1
7.50313,5.77548,1.32933,1.5,2,2.04538,5.50123,6.19498,8.92683,5.47715,7.78163,3.25237,5.50123,6.19498,5.33413,5.84497,0.0453775,1,0.666667,0.0715587,0,0.10018,1
7.52379,5.87331,1.396,1.5,2,2.04828,5.50672,6.22953,8.95339,5.62084,7.78163,3.25237,5.50672,6.22953,5.33573,5.87389,0.0482841,1,0.666667,0.0291356,0,0.0997599,1
7.53789,5.97229,1.46267,1.5,2,2.04832,5.5057,6.22885,8.97814,5.79046,7.78163,3.25237,5.5057,6.22885,5.44981,6.65864,0.0483153,1,0.666667,0.000311247,0,0.100347,1
7.54536,6.07199,1.52933,1.5,2,2.04481,5.50955,6.26357,8.99415,5.93566,7.78163,3.25237,5.50955,6.26357,5.42053,6.69639,0.0448067,1,0.666667,-0.0351694,0,0.0997621,1
7.54617,6.17197,1.596,1.5,2,2.03966,5.51044,6.29848,9.0037,6.08139,7.78163,3.25237,5.51044,6.29848,5.42713,6.72221,0.0396612,1,0.666667,-0.0513122,0,0.100279,1
7.54032,6.27178,1.66267,1.5,2,2.02875,5.51589,6.40399,9.00845,6.17591,7.78163,3.25237,5.51589,6.40399,5.42291,6.03938,0.0287466,1,-0.666667,-0.109486,0,0.099689,1
7.53333,6.37152,1.608,1.5,2,2.01738,5.51703,6.4373,9.01516,6.32318,7.78163,3.25237,5.51703,6.4373,5.41675,6.0691,0.0173771,1,-0.666667,-0.113698,0,0.0999969,1
7.53294,6.4715,1.54133,1.5,2,2.01798,5.515,6.46052,9.01494,6.47956,7.78163,3.25237,5.515,6.46052,5.43263,6.08937,0.0179775,1,0.666667,0.00600539,0,0.0999665,1
7.5337,6.57148,1.596,1.5,2,2.02497,5.51482,6.41458,9.0043,6.68577,7.78163,3.25237,5.51482,6.41458,5.41973,6.02698,0.0249658,1,0.666667,0.0698249,0,0.100083,1
7.52785,6.67129,1.66267,1.5,2,2.02988,5.51009,6.44982,8.9892,6.83169,7.78163,3.25237,5.51009,6.44982,5.34624,6.85205,0.0298784,1,0.666667,0.0491597,0,0.0999318,1
7.51537,6.77049,1.72933,1.5,2,2.03051,5.50035,6.5201,8.97364,6.9517,7.78163,3.25237,5.50035,6.5201,5.45479,6.13723,0.0305126,1,0.666667,0.00633944,0,0.100039,1
7.4963,6.86864,1.796,1.5,2,2.02532,5.49021,6.59016,8.95697,7.0714,7.78163,3.25237,5.49021,6.59016,5.46399,6.2121,0.0253239,1,0.666667,-0.0517139,0,0.100335,1
7.47074,6.9653,1.86267,1.5,2,2.01864,5.48735,6.58971,8.92623,7.24091,7.78163,3.25237,5.48735,6.58971,5.44609,6.19933,0.0186384,1,-0.666667,-0.0669032,0,0.0999278,1
7.44395,7.06162,1.80933,1.5,2,2.01042,5.48246,6.62077,8.89728,7.38827,7.78163,3.25237,5.48246,6.62077,5.46,6.23306,0.0104218,1,-0.666667,-0.0823627,0,0.0997614,1
7.42358,7.15951,1.74267,1.5,2,2.01478,5.48538,6.60932,8.85235,7.56508,7.78163,3.25237,5.48538,6.60932,5.2849,6.97814,0.01478,1,0.666667,0.0434633,0,0.100275,1
7.40445,7.25764,1.796,1.5,2,2.02705,5.47555,6.63451,8.80607,7.71044,7.78163,3.25237,5.47555,6.63451,5.2443,6.99612,0.0270526,1,0.666667,0.123187,0,0.0996254,1
7.37889,7.3543,1.86267,1.5,2,2.03418,5.45235,6.70135,8.76714,7.82481,7.78163,3.25237,5.45235,6.70135,5.4802,6.31382,0.034184,1,0.666667,0.0712969,0,0.100023,1
7.34694,7.44904,1.92933,1.5,2,2.0355,5.44088,6.73478,8.71832,7.96294,7.78163,3.25237,5.44088,6.73478,5.46718,6.3399,0.0354998,1,0.666667,0.0131497,0,0.100065,1
7.30876,7.54145,1.996,1.5,2,2.03557,5.42627,6.76699,8.66306,8.0986,7.78163,3.25237,5.42627,6.76699,5.47809,6.38136,0.0355666,1,0.666667,0.000667274,0,0.100045,1
7.2645,7.6311,2.06267,1.5,2,2.0334,5.40954,6.79815,8.60241,8.23187,7.78163,3.25237,5.40954,6.79815,5.46466,6.40875,0.0333996,1,0.666667,-0.0215999,0,0.100324,1
7.21437,7.71761,2.12933,1.5,2,2.02774,5.40767,6.79698,8.52615,8.38604,7.78163,3.25237,5.40767,6.79698,5.12756,7.11916,0.0277379,1,0.666667,-0.0568084,0,0.0996635,1
7.15859,7.80058,2.196,1.5,2,2.01836,5.35737,6.88987,8.48083,8.46911,7.78163,3.25237,5.35737,6.88987,5.4614,6.52993,0.0183635,1,-0.666667,-0.093775,0,0.0999667,1
7.10186,7.88291,2.14133,1.5,2,2.007,5.34125,6.91943,8.41158,8.59964,7.78163,3.25237,5.34125,6.91943,5.44355,6.55486,0.00700307,1,-0.666667,-0.113539,0,0.100057,1
7.0507,7.96881,2.07467,1.5,2,2.00657,5.32838,6.93927,8.33257,8.73506,7.78163,3.25237,5.32838,6.93927,5.44761,6.58167,0.00657272,1,0.666667,-0.00429873,0,0.10011,1
7.00063,8.05535,2.128,1.5,2,2.01389,5.32957,6.93138,8.23375,8.88477,7.78163,3.25237,5.32957,6.93138,5.45656,6.56815,0.0138891,1,0.666667,0.073009,0,0.100212,1
6.94496,8.1384,2.19467,1.5,2,2.01974,5.32653,6.93008,8.1311,9.02397,7.78163,3.25237,5.32653,6.93008,4.98311,7.19233,0.0197401,1,0.666667,0.0587353,0,0.099617,1
6.88388,8.21755,2.26133,1.5,2,2.02179,5.28127,6.98496,8.0556,9.11876,7.78163,3.25237,5.28127,6.98496,5.43702,6.63501,0.0217912,1,0.666667,0.0204964,0,0.100072,1
6.81766,8.29247,2.328,1.5,2,2.01792,5.23589,7.03947,7.97941,9.21274,7.78163,3.25237,5.23589,7.03947,5.40618,6.70355,0.0179157,1,0.666667,-0.0387126,0,0.100109,1
6.7466,8.3628,2.39467,1.5,2,2.01198,5.23285,7.03742,7.86614,9.34302,7.78163,3.25237,5.23285,7.03742,5.39737,6.68445,0.0119834,1,-0.666667,-0.0591957,0,0.100216,1
6.67465,8.43223,2.34133,1.5,2,2.00465,5.21209,7.06127,7.76564,9.45488,7.78163,3.25237,5.21209,7.06127,5.39131,6.71996,0.00464749,1,-0.666667,-0.0733815,0,0.0999694,1
6.60744,8.50625,2.27467,1.5,2,2.00932,5.21996,7.05288,7.63679,9.58447,7.78163,3.25237,5.21996,7.05288,4.85774,7.26607,0.00932312,1,0.666667,0.0467746,0,0.0999608,1
6.54118,8.58112,2.328,1.5,2,2.0223,5.1981,7.06921,7.52256,9.68587,7.78163,3.25237,5.1981,7.06921,4.81431,7.26157,0.0223038,1,0.666667,0.130325,0,0.0996028,1
6.47012,8.65145,2.39467,1.5,2,2.03069,5.14333,7.11413,7.43012,9.76378,7.78163,3.25237,5.14333,7.11413,5.36524,6.79771,0.0306878,1,0.666667,0.0837664,0,0.100088,1
6.39453,8.71689,2.46133,1.5,2,2.03312,5.1157,7.13633,7.31719,9.85726,7.31719,9.85726,5.1157,7.13633,3.8553,9.07268,0.0331244,2,0.666667,0.0242839,0,0.10034,1
6.31475,8.77716,2.528,1.5,2,2.0342,5.08611,7.15592,7.20009,9.94539,7.31719,9.85726,5.08611,7.15592,3.86737,9.04114,0.0264002,2,-0.666667,-0.0674471,0,0.0996972,1
6.23428,8.8365,2.47333,1.5,2,2.03584,5.05819,7.17474,7.08012,10.0316,7.31719,9.85726,5.05819,7.17474,3.84868,9.14162,0.01184,2,-0.666667,-0.145391,0,0.100144,1
6.15792,8.90103,2.40667,1.5,2,2.04866,5.06901,7.16573,6.92934,10.1304,7.31719,9.85726,5.06901,7.16573,3.83834,9.14927,-0.00275483,2,-0.666667,-0.145932,0,0.100011,1
6.08602,8.97051,2.34,1.5,2,2.07198,5.0211,7.19314,6.81997,10.1955,7.31719,9.85726,5.0211,7.19314,3.83612,9.125,-0.0172676,2,-0.666667,-0.144956,0,0.100118,1
6.01891,9.04462,2.27333,1.5,2,2.10313,5.0074,7.20071,6.69074,10.2693,7.31719,9.85726,5.0074,7.20071,3.82103,9.15011,-0.031637,2,-0.666667,-0.1431,0,0.100415,1
5.95688,9.12304,2.20667,1.5,2,2.08429,3.88196,8.92571,7.36624,9.25707,7.31719,9.85726,3.88196,8.92571,5.18926,7.07729,-0.0458041,2,-0.666667,-0.142065,0,0.0997224,1
5.90022,9.20541,2.14,1.5,2,2.03876,3.87943,8.93532,7.34858,9.39899,7.31719,9.85726,3.87943,8.93532,5.22429,7.04681,-0.0597123,2,-0.666667,-0.139004,0,0.100057,1
5.84917,9.29138,2.07333,1.5,2,2.00193,3.88266,8.91649,7.32074,9.57191,7.31719,9.85726,3.88266,8.91649,5.23952,7.04855,-0.0733075,2,-0.666667,-0.136032,0,0.0999414,1
5.80396,9.38055,2.00667,1.5,2,1.97789,3.8846,8.90295,7.28103,9.7481,7.31719,9.85726,3.8846,8.90295,5.19114,7.09772,-0.0865381,2,-0.666667,-0.132225,0,0.100061,1
5.76479,9.47254,1.94,1.5,2,1.96502,3.87735,8.92585,7.23917,9.8996,7.31719,9.85726,3.87735,8.92585,5.18246,7.10996,-0.0993551,2,-0.666667,-0.128435,0,0.099794,1
5.73184,9.56694,1.87333,1.5,2,1.96064,3.86025,8.98279,7.20129,10.0256,7.31719,9.85726,3.86025,8.98279,5.22062,7.09095,-0.039364,1,0.666667,0.598664,0,0.100208,1
5.70008,9.66175,1.92667,1.5,2,1.96077,3.85052,9.01079,7.15201,10.1728,7.31719,9.85726,3.85052,9.01079,3.92451,8.66168,-0.039229,1,-0.666667,0.00134994,0,0.0999634,1
5.66719,9.75616,1.87333,1.5,2,1.96236,3.82712,9.07426,7.10901,10.2905,7.31719,9.85726,3.82712,9.07426,3.90698,8.72618,-0.0376363,1,-0.666667,0.0159283,0,0.0999951,1
5.6406,9.85255,1.80667,1.5,2,1.9746,3.82997,9.06473,7.03934,10.4611,7.31719,9.85726,3.82997,9.06473,3.909,8.70581,-0.0254003,1,0.666667,0.122162,0,0.100162,1
5.61523,9.94926,1.86,1.5,2,1.99491,3.83101,9.05695,6.96137,10.6225,7.31719,9.85726,3.83101,9.05695,3.58089,9.38241,-0.00508749,1,0.666667,0.203283,0,0.0999238,1
5.58354,10.0441,1.92667,1.5,2,2.01256,3.81302,9.08718,6.89209,10.7513,7.31719,9.85726,3.81302,9.08718,3.56354,9.41145,0.0125608,1,0.666667,0.176583,0,0.0999433,1
5.5456,10.1366,1.99333,1.5,2,2.02426,3.76177,9.17973,6.84606,10.8342,7.31719,9.85726,3.76177,9.17973,3.89384,8.83634,0.0242643,1,0.666667,0.117071,0,0.0999689,1
5.50159,10.2264,2.06,1.5,2,2.03143,3.74283,9.20975,6.77303,10.9613,7.31719,9.85726,3.74283,9.20975,3.8759,8.86084,0.0314343,1,0.666667,0.0718565,0,0.0997817,1
5.45169,10.313,2.12667,1.5,2,2.03288,3.72488,9.24029,6.69793,11.0872,7.31719,9.85726,3.72488,9.24029,3.85706,8.88478,0.0328765,1,0.666667,0.0144136,0,0.100058,1
5.39613,10.3961,2.19333,1.5,2,2.03475,3.70269,9.26808,6.6156,11.2084,7.31719,9.85726,3.70269,9.26808,3.85064,8.92084,0.0347478,1,0.666667,0.0186748,0,0.100207,1
5.33516,10.4754,2.26,1.5,2,2.03225,3.70127,9.26686,6.5152,11.3482,7.31719,9.85726,3.70127,9.26686,3.4077,9.55649,0.0322468,1,0.666667,-0.0250271,0,0.0999322,1
5.26904,10.5504,2.32667,1.5,2,2.02719,3.65664,9.32168,6.4405,11.443,7.31719,9.85726,3.65664,9.32168,3.35605,9.60456,0.0271893,1,0.666667,-0.0505727,0,0.100006,1
5.19807,10.6208,2.39333,1.5,2,2.01575,3.59093,9.40409,6.38145,11.5167,7.31719,9.85726,3.59093,9.40409,3.77694,9.08998,0.0157535,1,-0.666667,-0.114593,0,0.0997945,1
5.12622,10.6903,2.34,1.5,2,2.00196,3.5502,9.4558,6.30553,11.6141,7.31719,9.85726,3.5502,9.4558,3.73833,9.145,0.00195909,1,-0.666667,-0.137673,0,0.100197,1
5.05911,10.7644,2.27333,1.5,2,2.00036,3.55521,9.44543,6.18656,11.7532,7.31719,9.85726,3.55521,9.44543,3.74927,9.13227,0.000364304,1,-0.666667,-0.0159489,0,0.0999932,1
4.99708,10.8428,2.20667,1.5,2,2.00767,3.56345,9.43733,6.06272,11.8876,7.31719,9.85726,3.56345,9.43733,3.76693,9.12252,0.00767422,1,0.666667,0.0730773,0,0.10003,1
4.93606,10.922,2.26,1.5,2,2.02397,3.56838,9.43009,5.93347,12.0101,7.31719,9.85726,3.56838,9.43009,3.22851,9.65906,0.0239677,1,0.666667,0.162915,0,0.100012,1
4.86994,10.997,2.32667,1.5,2,2.03825,3.51425,9.47501,5.84219,12.0886,7.31719,9.85726,3.51425,9.47501,3.16133,9.69504,0.0382524,1,0.666667,0.14326,0,0.0997113,1
4.79897,11.0675,2.39333,1.5,2,2.04639,3.43307,9.54365,5.76922,12.1499,7.31719,9.85726,3.43307,9.54365,3.67636,9.26196,0.046386,1,0.666667,0.0812774,0,0.100073,1
4.72347,11.133,2.46,1.5,2,2.04797,3.40562,9.56538,5.65784,12.2445,7.31719,9.85726,3.40562,9.56538,3.65952,9.29408,0.0479715,1,0.666667,0.0158135,0,0.100262,1
4.64377,11.1934,2.52667,1.5,2,2.04684,3.37707,9.58558,5.54308,12.3348,7.31719,9.85726,3.37707,9.58558,3.63302,9.31091,0.0468376,1,0.666667,-0.0113477,0,0.0999252,1
4.56023,11.2483,2.59333,1.5,2,2.04351,3.3472,9.60377,5.42481,12.4204,7.31719,9.85726,3.3472,9.60377,3.60604,9.3272,0.0435073,1,0.666667,-0.0333141,0,0.0999646,1
4.47321,11.2975,2.66,1.5,2,2.0354,3.34703,9.60208,5.28357,12.5175,7.31719,9.85726,3.34703,9.60208,2.9736,9.77649,0.0354035,1,0.666667,-0.0810026,0,0.100044,1
4.38311,11.3409,2.72667,1.5,2,2.02556,3.31652,9.61887,5.1595,12.5943,7.31719,9.85726,3.31652,9.61887,2.93855,9.77945,0.0255573,1,-0.666667,-0.098498,0,0.0999635,1
4.29246,11.3831,2.67333,1.5,2,2.01331,3.20097,9.6913,5.09846,12.6323,7.31719,9.85726,3.20097,9.6913,3.47868,9.44992,0.0133078,1,-0.666667,-0.122502,0,0.0999938,1
4.2048,11.4311,2.60667,1.5,2,2.00846,3.18093,9.70325,4.96516,12.7143,7.31719,9.85726,3.18093,9.70325,3.46656,9.47219,0.00845504,1,-0.666667,-0.0485114,0,0.100034,1
4.12053,11.4849,2.54,1.5,2,2.01555,3.19082,9.69662,4.80526,12.802,7.31719,9.85726,3.19082,9.69662,3.48528,9.46634,0.0155492,1,0.666667,0.0710471,0,0.0998512,1
4.03695,11.5398,2.59333,1.5,2,2.02936,3.19819,9.6919,4.64478,12.879,7.31719,9.85726,3.19819,9.6919,2.79703,9.79591,0.0293555,1,0.666667,0.138142,0,0.0999432,1
3.94993,11.589,2.66,1.5,2,2.04211,3.16537,9.70366,4.51004,12.935,7.31719,9.85726,3.16537,9.70366,2.7659,9.80649,0.0421145,1,0.666667,0.127452,0,0.100108,1
3.85983,11.6324,2.72667,1.5,2,2.05108,3.099,9.72763,4.39729,12.9779,7.31719,9.85726,3.099,9.72763,3.4181,9.5131,0.0510755,1,0.666667,0.0895043,0,0.100118,1
3.76704,11.6696,2.79333,1.5,2,2.05365,3.03262,9.75177,4.28428,13.0203,7.31719,9.85726,3.03262,9.75177,3.36032,9.56822,0.053653,1,0.666667,0.0257895,0,0.0999453,1
3.67197,11.7006,2.86,1.5,2,2.04985,2.96637,9.776,4.17115,13.0621,7.31719,9.85726,2.96637,9.776,3.29726,9.60419,0.0498517,1,0.666667,-0.0380094,0,0.100011,1
3.57506,11.7251,2.92667,1.5,2,2.04229,2.9333,9.78631,4.03312,13.109,7.31719,9.85726,2.9333,9.78631,3.2662,9.61173,0.0422857,1,0.666667,-0.0757755,0,0.0998472,1
3.47672,11.7432,2.99333,1.5,2,2.03269,2.93368,9.78439,3.86871,13.1572,7.31719,9.85726,2.93368,9.78439,2.52301,9.82992,0.0326903,1,-0.666667,-0.0957018,0,0.100263,1
3.37816,11.76,2.94,1.5,2,2.02431,2.90386,9.79205,3.72392,13.1946,7.31719,9.85726,2.90386,9.79205,2.50083,9.83938,0.0243118,1,-0.666667,-0.0838234,0,0.0999543,1
3.28092,11.7833,2.87333,1.5,2,2.02753,2.8812,9.79555,3.57122,13.2269,7.31719,9.85726,2.8812,9.79555,2.46812,9.80838,0.0275273,1,0.666667,0.0321795,0,0.0999254,1
3.18399,11.8078,2.92667,1.5,2,2.03472,2.78479,9.81262,3.47147,13.2446,7.31719,9.85726,2.78479,9.81262,3.13553,9.69613,0.0347178,1,0.666667,0.0718991,0,0.100008,1
3.08565,11.8258,2.99333,1.5,2,2.03545,2.74989,9.81828,3.32724,13.2703,7.31719,9.85726,2.74989,9.81828,3.10426,9.71586,0.0354462,1,0.666667,0.00727844,0,0.100072,1
2.98633,11.8373,3.06,1.5,2,2.0332,2.71479,9.82233,3.18223,13.291,7.31719,9.85726,2.71479,9.82233,3.07238,9.71789,0.0331998,1,0.666667,-0.0224766,0,0.0999429,1
2.88647,11.8421,3.12667,1.5,2,2.02929,2.67944,9.82343,3.0365,13.3052,7.31719,9.85726,2.67944,9.82343,3.04031,9.71909,0.0292885,1,0.666667,-0.0391095,0,0.100008,1
2.7865,11.8403,-3.08985,1.5,2,2.02076,2.67949,9.82237,2.86484,13.3175,7.31719,9.85726,2.67949,9.82237,2.27208,9.78251,0.0207615,1,-0.666667,-0.0853018,0,0.0999631,1
2.68657,11.8372,3.14,1.5,2,2.01483,2.64819,9.82272,2.71486,13.3221,7.31719,9.85726,2.64819,9.82272,2.24696,9.78513,0.0148332,1,-0.666667,-0.0592892,0,0.0999892,1
2.58665,11.8407,3.07333,1.5,2,2.01656,2.51939,9.82524,2.63612,13.3233,7.31719,9.85726,2.51939,9.82524,2.87994,9.77698,0.0165596,1,0.666667,0.0172684,0,0.0999736,1
2.48678,11.8454,3.12667,1.5,2,2.0228,2.52718,9.82304,2.45727,13.3223,7.31719,9.85726,2.52718,9.82304,2.89348,9.78095,0.0228007,1,0.666667,0.0623716,0,0.100063,1
2.38681,11.8436,-3.08985,1.5,2,2.02585,2.49158,9.82046,2.31058,13.3158,7.31719,9.85726,2.49158,9.82046,2.8629,9.77554,0.0258474,1,0.666667,0.0304062,0,0.100202,1
2.28719,11.8351,-3.02319,1.5,2,2.02525,2.4913,9.82016,2.13857,13.3023,7.31719,9.85726,2.4913,9.82016,2.09369,9.71542,0.0252461,1,0.666667,-0.00602643,0,0.0997757,1
2.18836,11.82,-2.95652,1.5,2,2.02255,2.45599,9.81522,1.99286,13.2844,7.31719,9.85726,2.45599,9.81522,2.06193,9.68953,0.0225484,1,0.666667,-0.0269378,0,0.100146,1
2.09075,11.7983,-2.88985,1.5,2,2.01732,2.38627,9.80276,1.87356,13.265,7.31719,9.85726,2.38627,9.80276,1.99492,9.66855,0.0173223,1,-0.666667,-0.0523102,0,0.0999065,1
1.99343,11.7754,-2.94319,1.5,2,2.01008,2.28595,9.78674,1.7766,13.2495,7.31719,9.85726,2.28595,9.78674,2.64941,9.79975,0.0100815,1,-0.666667,-0.0724376,0,0.0999587,1
1.8948,11.759,-3.00985,1.5,2,2.01033,2.26281,9.78263,1.62211,13.2235,7.31719,9.85726,2.26281,9.78263,2.62641,9.8072,0.0103335,1,0.666667,0.00251977,0,0.100012,1
1.79598,11.7438,-2.95652,1.5,2,2.01781,2.27058,9.78261,1.44736,13.1844,7.31719,9.85726,2.27058,9.78261,2.64006,9.81213,0.0178127,1,0.666667,0.0748668,0,0.0998999,1
1.69837,11.7222,-2.88985,1.5,2,2.02539,2.23703,9.7697,1.3062,13.1437,7.31719,9.85726,2.23703,9.7697,2.61185,9.80041,0.0253911,1,0.666667,0.0757291,0,0.100072,1
1.60243,11.694,-2.82319,1.5,2,2.02631,2.23677,9.76958,1.14109,13.0937,7.31719,9.85726,2.23677,9.76958,1.87036,9.58589,0.0263062,1,0.666667,0.00916676,0,0.0998227,1
1.50857,11.6596,-2.75652,1.5,2,2.02674,2.20384,9.75584,1.00316,13.0434,1.00316,13.0434,2.20384,9.75584,-0.298545,9.78415,0.026737,2,0.666667,0.0042846,0,0.100551,1
1.41721,11.619,-2.68985,1.5,2,2.02148,2.07142,9.70628,0.938714,13.0179,1.00316,13.0434,2.07142,9.70628,-0.297766,9.78741,0.0165618,2,-0.666667,-0.102056,0,0.0997015,1
1.32637,11.5772,-2.74319,1.5,2,2.0132,2.04216,9.69553,0.797749,12.9668,1.00316,13.0434,2.04216,9.69553,-0.331871,9.80967,-0.0014616,2,-0.666667,-0.180325,0,0.0999496,1
1.23298,11.5415,-2.80985,1.5,2,2.01551,2.02073,9.68631,0.652773,12.9079,1.00316,13.0434,2.02073,9.68631,-0.331404,9.80363,-0.019437,2,-0.666667,-0.17962,0,0.100075,1
1.13742,11.5121,-2.87652,1.5,2,2.02897,2.03282,9.69139,0.488241,12.8321,1.00316,13.0434,2.03282,9.69139,-0.338177,9.80336,-0.0372243,2,-0.666667,-0.176702,0,0.100663,1
1.04011,11.4891,-2.94319,1.5,2,2.05461,2.04772,9.69856,0.331273,12.7488,1.00316,13.0434,2.04772,9.69856,-0.396884,9.81448,-0.0547523,2,-0.666667,-0.176454,0,0.0993344,1
0.941487,11.4727,-3.00985,1.5,2,2.07678,-0.142144,9.70105,1.6841,12.6868,1.00316,13.0434,-0.142144,9.70105,2.28593,9.78541,-0.0719529,2,-0.666667,-0.172116,0,0.0999367,1
0.84199,11.4629,-3.07652,1.5,2,2.01821,-0.144818,9.70237,1.56651,12.7555,1.00316,13.0434,-0.144818,9.70237,2.2816,9.79085,-0.0887617,2,-0.666667,-0.168048,0,0.100024,1
0.742058,11.4597,3.14,1.5,2,1.96935,-0.124071,9.69105,1.41525,12.8344,1.00316,13.0434,-0.124071,9.69105,2.28823,9.79633,-0.105118,2,-0.666667,-0.163474,0,0.100051,1
0.642138,11.4632,3.07333,1.5,2,1.93157,-0.140766,9.6974,1.27785,12.897,1.00316,13.0434,-0.140766,9.6974,2.2981,9.81237,-0.120962,2,-0.666667,-0.158008,0,0.100279,1
0.542672,11.4733,3.00667,1.5,2,1.90248,-0.192451,9.71863,1.15996,12.9468,1.00316,13.0434,-0.192451,9.71863,2.27784,9.81339,-0.136242,2,-0.666667,-0.152891,0,0.0999363,1
0.444102,11.4901,2.94,1.5,2,1.88058,-0.277099,9.75329,1.06515,12.9857,1.00316,13.0434,-0.277099,9.75329,2.26815,9.81568,-0.150904,2,-0.666667,-0.146596,0,0.100021,1
0.346867,11.5134,2.87333,1.5,2,1.86884,-0.272975,9.7503,0.887878,13.0522,1.00316,13.0434,-0.272975,9.7503,2.26492,9.82413,-0.13116,1,-0.666667,0.197655,0,0.0998906,1
0.251399,11.5431,2.80667,1.5,2,1.86944,-0.269845,9.74776,0.706038,13.109,1.00316,13.0434,-0.269845,9.74776,0.0401625,9.59543,-0.130562,1,-0.666667,0.0059829,0,0.100083,1
0.15812,11.579,2.74,1.5,2,1.8827,-0.265706,9.74468,0.522202,13.1548,1.00316,13.0434,-0.265706,9.74468,-0.648378,9.76845,-0.117302,1,-0.666667,0.13261,0,0.0999923,1
0.067447,11.6212,2.67333,1.5,2,1.90749,-0.258192,9.74169,0.339314,13.1903,1.00316,13.0434,-0.258192,9.74169,-0.638484,9.76567,-0.0925095,1,0.666667,0.248671,0,0.0996989,1
-0.0226871,11.6644,2.72667,1.5,2,1.93646,-0.351414,9.75609,0.242734,13.2053,1.00316,13.0434,-0.351414,9.75609,-0.0147268,9.64926,-0.0635389,1,0.666667,0.289312,0,0.100136,1
-0.115477,11.7017,2.79333,1.5,2,1.95912,-0.420396,9.76644,0.124347,13.2238,1.00316,13.0434,-0.420396,9.76644,-0.0784429,9.6734,-0.0408818,1,0.666667,0.226911,0,0.0998505,1
-0.210541,11.7326,2.86,1.5,2,1.97982,-0.422102,9.76416,-0.0480979,13.2441,1.00316,13.0434,-0.422102,9.76416,-0.0703239,9.65759,-0.0201781,1,0.666667,0.207018,0,0.100009,1
-0.307458,11.7572,2.92667,1.5,2,1.9945,-0.457507,9.76837,-0.194197,13.2585,1.00316,13.0434,-0.457507,9.76837,-0.0996005,9.6694,-0.00550175,1,0.666667,0.146844,0,0.0999453,1
-0.405795,11.7753,2.99333,1.5,2,2.00847,-0.493221,9.7687,-0.340871,13.2654,1.00316,13.0434,-0.493221,9.7687,-0.899377,9.71853,0.00847244,1,0.666667,0.139557,0,0.100132,1
-0.505117,11.7867,3.06,1.5,2,2.01887,-0.528904,9.76801,-0.487666,13.2678,1.00316,13.0434,-0.528904,9.76801,-0.937266,9.69539,0.0188694,1,0.666667,0.104086,0,0.099888,1
-0.604982,11.7916,3.12667,1.5,2,2.02439,-0.599872,9.76718,-0.608707,13.2672,1.00316,13.0434,-0.599872,9.76718,-0.228639,9.68827,0.0243921,1,0.666667,0.0552107,0,0.10003,1
-0.704947,11.7897,-3.08985,1.5,2,2.02292,-0.706205,9.7668,-0.704028,13.2668,1.00316,13.0434,-0.706205,9.7668,-0.342968,9.72934,0.0229197,1,0.666667,-0.0147628,0,0.0997418,1
-0.804567,11.7812,-3.02319,1.5,2,2.01862,-0.741721,9.76358,-0.850686,13.2619,1.00316,13.0434,-0.741721,9.76358,-0.375825,9.7261,0.0186212,1,0.666667,-0.0429562,0,0.100066,1
-0.903399,11.7661,-2.95652,1.5,2,2.01089,-0.741996,9.76171,-1.02292,13.2504,1.00316,13.0434,-0.741996,9.76171,-0.368894,9.71467,0.0108886,1,-0.666667,-0.0771463,0,0.100233,1
-1.00203,11.7497,-3.00985,1.5,2,2.00501,-0.773392,9.75782,-1.17252,13.235,1.00316,13.0434,-0.773392,9.75782,-1.16581,9.64629,0.0050056,1,-0.666667,-0.0588523,0,0.0999617,1
-1.10153,11.7399,-3.07652,1.5,2,2.00947,-0.76198,9.75935,-1.3534,13.209,1.00316,13.0434,-0.76198,9.75935,-1.14796,9.64854,0.00946712,1,0.666667,0.0446082,0,0.100016,1
-1.20115,11.7314,-3.02319,1.5,2,2.01951,-0.857961,9.74123,-1.45274,13.1903,1.00316,13.0434,-0.857961,9.74123,-0.48963,9.75332,0.0195112,1,0.666667,0.100434,0,0.100007,1
-1.29998,11.7163,-2.95652,1.5,2,2.02356,-0.892957,9.73405,-1.59696,13.1625,1.00316,13.0434,-0.892957,9.73405,-0.519118,9.7444,0.0235581,1,0.666667,0.0404643,0,0.100012,1
-1.39759,11.6946,-2.88985,1.5,2,2.02372,-0.927787,9.72616,-1.7403,13.1305,1.00316,13.0434,-0.927787,9.72616,-0.556863,9.75397,0.0237176,1,0.666667,0.00159244,0,0.100162,1
-1.49353,11.6665,-2.82319,1.5,2,2.02046,-0.962321,9.7171,-1.88253,13.094,1.00316,13.0434,-0.962321,9.7171,-0.586929,9.7436,0.0204554,1,0.666667,-0.0326384,0,0.0999521,1
-1.58739,11.632,-2.75652,1.5,2,2.01683,-0.995611,9.70397,-2.02259,13.0499,1.00316,13.0434,-0.995611,9.70397,-1.36197,9.50974,0.0168309,1,0.666667,-0.0362652,0,0.0999426,1
-1.67875,11.5914,-2.68985,1.5,2,2.01003,-0.995148,9.70118,-2.18548,12.9926,1.00316,13.0434,-0.995148,9.70118,-1.35611,9.527,0.0100341,1,-0.666667,-0.0680835,0,0.0998309,1
-1.76959,11.5496,-2.74319,1.5,2,2.00089,-1.12388,9.65578,-2.25336,12.9685,1.00316,13.0434,-1.12388,9.65578,-0.765025,9.72436,0.00089407,1,-0.666667,-0.0912759,0,0.100136,1
-1.86298,11.5139,-2.80985,1.5,2,1.99932,-1.14625,9.64749,-2.40095,12.9149,1.00316,13.0434,-1.14625,9.64749,-0.791638,9.73142,-0.000683069,1,-0.666667,-0.0157848,0,0.0999152,1
-1.95854,11.4845,-2.87652,1.5,2,2.00752,-1.13602,9.65325,-2.57005,12.846,1.00316,13.0434,-1.13602,9.65325,-0.777228,9.74546,0.00751781,1,0.666667,0.0817567,0,0.100308,1
-2.05447,11.4563,-2.82319,1.5,2,2.02408,-1.12791,9.6568,-2.7301,12.7686,1.00316,13.0434,-1.12791,9.6568,-1.45798,9.40899,0.0240767,1,0.666667,0.166044,0,0.0997262,1
-2.14833,11.4219,-2.75652,1.5,2,2.0393,-1.1577,9.63938,-2.8579,12.6987,1.00316,13.0434,-1.1577,9.63938,-1.48571,9.39015,0.0392952,1,0.666667,0.152195,0,0.0999937,1
-2.23969,11.3813,-2.68985,1.5,2,2.05229,-1.18628,9.61996,-2.98277,12.6237,1.00316,13.0434,-1.18628,9.61996,-1.51255,9.37068,0.0522931,1,0.666667,0.130108,0,0.0999009,1
-2.32814,11.3347,-2.62319,1.5,2,2.05942,-1.27664,9.56391,-3.06367,12.5733,1.00316,13.0434,-1.27664,9.56391,-0.915923,9.69295,0.0594192,1,0.666667,0.0711514,0,0.100154,1
-2.41328,11.2823,-2.55652,1.5,2,2.05994,-1.33629,9.52628,-3.16618,12.5098,1.00316,13.0434,-1.33629,9.52628,-0.995905,9.68145,0.0599396,1,0.666667,0.00520481,0,0.0999975,1
-2.49475,11.2243,-2.48985,1.5,2,2.05648,-1.36444,9.50629,-3.28815,12.4302,1.00316,13.0434,-1.36444,9.50629,-1.01984,9.66145,0.0564821,1,0.666667,-0.0345813,0,0.0999832,1
-2.57217,11.161,-2.42319,1.5,2,2.05035,-1.39141,9.48481,-3.407,12.3462,1.00316,13.0434,-1.39141,9.48481,-1.04335,9.6408,0.0503461,1,0.666667,-0.0613873,0,0.0999546,1
-2.64521,11.0928,-2.35652,1.5,2,2.04203,-1.38853,9.4832,-3.54244,12.2419,1.00316,13.0434,-1.38853,9.4832,-1.67585,9.18873,0.0420341,1,0.666667,-0.0831258,0,0.0999928,1
-2.71353,11.0198,-2.28985,1.5,2,2.03005,-1.41405,9.46013,-3.65448,12.1491,1.00316,13.0434,-1.41405,9.46013,-1.6892,9.15658,0.0300488,1,-0.666667,-0.119805,0,0.10004,1
-2.78093,10.9459,-2.34319,1.5,2,2.0172,-1.49118,9.39489,-3.729,12.086,1.00316,13.0434,-1.49118,9.39489,-1.15971,9.57321,0.0171969,1,-0.666667,-0.128519,0,0.1,1
-2.85305,10.8767,-2.40985,1.5,2,2.011,-1.53569,9.35723,-3.82846,12.0017,1.00316,13.0434,-1.53569,9.35723,-1.23653,9.56414,0.0109966,1,-0.666667,-0.0620188,0,0.0999748,1
-2.92962,10.8124,-2.47652,1.5,2,2.01655,-1.52613,9.36438,-3.96208,11.8776,1.00316,13.0434,-1.52613,9.36438,-1.21172,9.56908,0.0165498,1,0.666667,0.0555039,0,0.100051,1
-3.007,10.7491,-2.42319,1.5,2,2.0291,-1.51912,9.36941,-4.08558,11.7492,1.00316,13.0434,-1.51912,9.36941,-1.74771,9.02603,0.0290956,1,0.666667,0.125454,0,0.100003,1
-3.08004,10.6808,-2.35652,1.5,2,2.03846,-1.54203,9.34293,-4.18277,11.64,1.00316,13.0434,-1.54203,9.34293,-1.7561,8.98508,0.0384572,1,0.666667,0.0936802,0,0.0999305,1
-3.14837,10.6078,-2.28985,1.5,2,2.04642,-1.56248,9.31441,-4.27482,11.5265,1.00316,13.0434,-1.56248,9.31441,-1.77645,8.96121,0.0464242,1,0.666667,0.0796186,0,0.100065,1
-3.21168,10.5304,-2.22319,1.5,2,2.04843,-1.62832,9.23078,-4.33369,11.4514,1.00316,13.0434,-1.62832,9.23078,-1.34924,9.48186,0.0484252,1,0.666667,0.0200404,0,0.0998506,1
-3.26969,10.449,-2.15652,1.5,2,2.04375,-1.67156,9.17505,-4.40842,11.3567,1.00316,13.0434,-1.67156,9.17505,-1.40448,9.43374,0.0437522,1,0.666667,-0.046741,0,0.0999765,1
-3.32216,10.3639,-2.08985,1.5,2,2.03644,-1.69024,9.1457,-4.495,11.2393,1.00316,13.0434,-1.69024,9.1457,-1.42186,9.40646,0.0364385,1,0.666667,-0.0729564,0,0.100248,1
-3.36883,10.2754,-2.02319,1.5,2,2.02268,-1.69038,9.14672,-4.59473,11.0998,1.00316,13.0434,-1.69038,9.14672,-1.87006,8.78085,0.0226822,1,-0.666667,-0.137661,0,0.0999288,1
-3.41439,10.1864,-2.07652,1.5,2,2.01355,-1.72522,9.0905,-4.66137,10.9955,1.00316,13.0434,-1.72522,9.0905,-1.9041,8.72921,0.0135474,1,-0.666667,-0.0913238,0,0.100026,1
-3.46571,10.1006,-2.14319,1.5,2,2.01415,-1.71782,9.09979,-4.75513,10.839,-4.75513,10.839,-1.71782,9.09979,-1.89161,8.74212,0.0141544,2,0.666667,0.00607805,0,0.0998698,1
-3.51812,10.0155,-2.08985,1.5,2,2.02006,-1.7469,9.04418,-4.81574,10.7271,-4.75513,10.839,-1.7469,9.04418,-1.91275,8.68081,0.0139585,2,0.666667,-0.00195901,0,0.10002,1
-3.56479,9.92708,-2.02319,1.5,2,2.01976,-1.79691,8.95034,-4.86044,10.6429,-4.75513,10.839,-1.79691,8.95034,-1.59399,9.25155,0.0197587,1,0.666667,0.0579298,0,0.100125,1
-3.60547,9.83575,-1.95652,1.5,2,2.01535,-1.79564,8.9491,-4.93873,10.4889,-4.93873,10.4889,-1.79564,8.9491,-1.9566,8.5887,0.0153475,2,-0.666667,-0.0441385,0,0.0999404,1
-3.645,9.74391,-2.00985,1.5,2,2.01176,-1.8094,8.92064,-5.00292,10.3529,-4.93873,10.4889,-1.8094,8.92064,-1.97297,8.56633,0.00709164,2,-0.666667,-0.0825401,0,0.100022,1
-3.69049,9.65487,-2.07652,1.5,2,2.01715,-1.86197,8.80316,-5.03467,10.281,-4.93873,10.4889,-1.86197,8.80316,-2.02215,8.44382,0.0171485,1,0.666667,0.10054,0,0.100028,1
-3.73711,9.56642,-2.02319,1.5,2,2.02528,-1.88577,8.74525,-5.08516,10.1644,-5.08516,10.1644,-1.88577,8.74525,-2.04386,8.38431,0.0252833,2,0.666667,0.0812569,0,0.100113,1
-3.77779,9.47509,-1.95652,1.5,2,2.02659,-1.92786,8.64756,-5.12277,10.0767,-5.08516,10.1644,-1.92786,8.64756,-2.09125,8.28976,0.0220547,2,0.666667,-0.0323467,0,0.0998142,1
-3.8123,9.38126,-1.88985,1.5,2,2.02078,-1.97027,8.55029,-5.16066,9.98952,-5.08516,10.1644,-1.97027,8.55029,-2.1343,8.19402,0.0207846,1,0.666667,-0.0126898,0,0.100085,1
-3.84048,9.28533,-1.82319,1.5,2,2.00759,-2.01308,8.45404,-5.19893,9.9033,-5.19893,9.9033,-2.01308,8.45404,-2.17791,8.10113,0.00759149,2,-0.666667,-0.13201,0,0.0999406,1
-3.86744,9.18905,-1.87652,1.5,2,1.99166,-2.07005,8.33109,-5.22866,9.8388,-5.19893,9.9033,-2.07005,8.33109,-1.9163,8.64733,-0.010966,2,-0.666667,-0.185422,0,0.100082,1
-3.90069,9.09476,-1.94319,1.5,2,1.98247,-2.10891,8.24639,-5.27225,9.74416,-5.19893,9.9033,-2.10891,8.24639,-1.96068,8.5627,-0.0175264,1,-0.666667,-0.0656833,0,0.099879,1
-3.94016,9.00289,-2.00985,1.5,2,1.9807,-2.1329,8.19234,-5.32642,9.62463,-5.32642,9.62463,-2.1329,8.19234,-2.29363,7.84328,-0.019303,2,-0.666667,-0.0177627,0,0.100017,1
-3.98565,8.91386,-2.07652,1.5,2,1.9862,-2.18518,8.07521,-5.35788,9.55304,-5.32642,9.62463,-2.18518,8.07521,-2.04214,8.39398,-0.0175164,2,-0.666667,0.0178545,0,0.100062,1
-4.03697,8.82806,-2.14319,1.5,2,1.99884,-2.20805,8.02157,-5.41051,9.43374,-5.32642,9.62463,-2.20805,8.02157,-2.06653,8.34423,-0.00115502,1,0.666667,0.163723,0,0.0999333,1
-4.08938,8.74291,-2.08985,1.5,2,2.01432,-2.24551,7.93198,-5.44935,9.34102,-5.44935,9.34102,-2.24551,7.93198,-2.103,8.25722,0.0143175,2,0.666667,0.154698,0,0.100017,1
-4.13605,8.65449,-2.02319,1.5,2,2.02303,-2.28678,7.83423,-5.48617,9.25335,-5.44935,9.34102,-2.28678,7.83423,-2.14257,8.16041,0.0230303,1,0.666667,0.0872845,0,0.0998203,1
-4.17674,8.56316,-1.95652,1.5,2,2.02434,-2.32885,7.73655,-5.52376,9.16573,-5.52376,9.16573,-2.32885,7.73655,-2.1843,8.06268,0.0243421,2,0.666667,0.0130979,0,0.100152,1
-4.21124,8.46933,-1.88985,1.5,2,2.01854,-2.37126,7.63929,-5.56166,9.07851,-5.52376,9.16573,-2.37126,7.63929,-2.53509,7.28339,0.0185399,1,-0.666667,-0.0580459,0,0.099958,1
-4.24456,8.37506,-1.94319,1.5,2,2.00973,-2.42814,7.51502,-5.59148,9.01279,-5.59148,9.01279,-2.42814,7.51502,-2.27758,7.8356,0.00973463,2,-0.666667,-0.0879695,0,0.100095,1
-4.28402,8.28319,-2.00985,1.5,2,2.00788,-2.45196,7.46151,-5.64548,8.8938,-5.59148,9.01279,-2.45196,7.46151,-2.61516,7.10785,0.00788426,1,0.666667,-0.0185133,0,0.099948,1
-4.32464,8.19183,-1.95652,1.5,2,2.00883,-2.49092,7.37155,-5.68583,8.80073,-5.68583,8.80073,-2.49092,7.37155,-2.34787,7.69529,0.00883079,2,0.666667,0.00945388,0,0.10012,1
-4.35915,8.098,-1.88985,1.5,2,2.00312,-2.53323,7.2743,-5.72362,8.71353,-5.68583,8.80073,-2.53323,7.2743,-2.38565,7.59566,0.00311589,1,-0.666667,-0.0570221,0,0.100222,1
-4.39247,8.00373,-1.94319,1.5,2,1.99446,-2.58986,7.15023,-5.75319,8.648,-5.75319,8.648,-2.58986,7.15023,-2.44083,7.46848,-0.00554264,2,-0.666667,-0.0865914,0,0.0999929,1
-4.43193,7.91186,-2.00985,1.5,2,1.99271,-2.61372,7.09639,-5.80724,8.52869,-5.75319,8.648,-2.61372,7.09639,-2.46497,7.41574,-0.00729358,1,-0.666667,-0.0175112,0,0.0999902,1
-4.47742,7.82283,-2.07652,1.5,2,2.00105,-2.62177,7.074,-5.86747,8.38376,-5.86747,8.38376,-2.62177,7.074,-2.47563,7.39821,0.00104547,2,0.666667,0.0833952,0,0.0999943,1
-4.52404,7.73438,-2.02319,1.5,2,2.01575,-2.6172,7.08077,-5.9281,8.21565,-5.86747,8.38376,-2.6172,7.08077,-2.47325,7.41249,0.0157464,1,0.666667,0.147044,0,0.0999761,1
-4.56472,7.64305,-1.95652,1.5,2,2.02664,-2.64966,6.97988,-5.95697,8.12517,-5.95697,8.12517,-2.64966,6.97988,-2.51305,7.31441,0.0266397,2,0.666667,0.108902,0,0.100029,1
-4.59923,7.54921,-1.88985,1.5,2,2.03053,-2.67118,6.91229,-5.99454,8.01014,-5.95697,8.12517,-2.67118,6.91229,-2.53255,7.24843,0.0305343,1,0.666667,0.0389083,0,0.100096,1
-4.62741,7.45328,-1.82319,1.5,2,2.02943,-2.68116,6.87822,-6.0377,7.86999,-5.95697,8.12517,-2.68116,6.87822,-2.54788,7.21778,0.0294335,1,0.666667,-0.0109998,0,0.100073,1
-4.64914,7.35569,-1.75652,1.5,2,2.0268,-2.68815,6.84338,-6.07449,7.72807,-5.95697,8.12517,-2.68815,6.84338,-2.55333,7.18555,0.0268049,1,0.666667,-0.0263309,0,0.0998281,1
-4.66432,7.25687,-1.68985,1.5,2,2.02063,-2.68654,6.84291,-6.1123,7.55994,-5.95697,8.12517,-2.68654,6.84291,-2.54226,7.18938,0.0206344,1,-0.666667,-0.0616775,0,0.100045,1
-4.67824,7.15786,-1.74319,1.5,2,2.01576,-2.69236,6.81208,-6.14048,7.41246,-5.95697,8.12517,-2.69236,6.81208,-2.70953,6.40697,0.0157616,1,-0.666667,-0.0488404,0,0.0997698,1
-4.69866,7.05999,-1.80985,1.5,2,2.02097,-2.70093,6.7544,-6.16069,7.28363,-5.95697,8.12517,-2.70093,6.7544,-2.57145,7.10837,0.0209694,1,0.666667,0.0521109,0,0.0999364,1
-4.72033,6.96238,-1.75652,1.5,2,2.02944,-2.71393,6.65746,-6.1742,7.18333,-6.1742,7.18333,-2.71393,6.65746,-2.62928,7.01197,0.0294368,2,0.666667,0.0847247,0,0.0999406,1
-4.7355,6.86355,-1.68985,1.5,2,2.03401,-2.71198,6.65724,-6.19393,7.01225,-6.1742,7.18333,-2.71198,6.65724,-2.61746,7.01829,0.0340102,1,0.666667,0.0457348,0,0.0999971,1
-4.74406,6.76394,-1.62319,1.5,2,2.03591,-2.71094,6.65732,-6.20614,6.84061,-6.1742,7.18333,-2.71094,6.65732,-2.66089,6.24448,0.0359149,1,0.666667,0.0190454,0,0.10001,1
-4.74597,6.66398,-1.55652,1.5,2,2.03363,-2.71278,6.62202,-6.21203,6.69423,-6.1742,7.18333,-2.71278,6.62202,-2.6621,6.21411,0.0336258,1,0.666667,-0.0228968,0,0.0999726,1
-4.74121,6.56411,-1.48985,1.5,2,2.03026,-2.71108,6.5867,-6.21086,6.54775,-6.1742,7.18333,-2.71108,6.5867,-2.64177,6.18021,0.0302601,1,0.666667,-0.0336622,0,0.0999861,1
-4.72981,6.46478,-1.42319,1.5,2,2.02244,-2.70802,6.51621,-6.20689,6.4272,-6.1742,7.18333,-2.70802,6.51621,-2.6303,6.11183,0.022445,1,-0.666667,-0.0780944,0,0.100073,1
-4.71715,6.3656,-1.47652,1.5,2,2.0117,-2.7055,6.3797,-6.20541,6.35517,-6.1742,7.18333,-2.7055,6.3797,-2.67624,6.74024,0.011703,1,-0.666667,-0.107572,0,0.0998581,1
-4.71106,6.26581,-1.54319,1.5,2,2.01006,-2.70493,6.39138,-6.19809,6.17272,-6.1742,7.18333,-2.70493,6.39138,-2.67836,6.75688,0.010061,1,0.666667,-0.0164355,0,0.0999052,1
-4.70624,6.16594,-1.48985,1.5,2,2.01588,-2.70387,6.39895,-6.18041,5.99439,-6.1742,7.18333,-2.70387,6.39895,-2.68127,6.77105,0.0158782,1,0.666667,0.0582442,0,0.0998756,1
-4.69484,6.06661,-1.42319,1.5,2,2.02034,-2.70195,6.39858,-6.15438,5.82348,-6.1742,7.18333,-2.70195,6.39858,-2.57,6.00938,0.0203445,1,0.666667,0.0445461,0,0.100262,1
-4.67684,5.96826,-1.35652,1.5,2,2.0225,-2.69339,6.36377,-6.12582,5.67933,-6.1742,7.18333,-2.69339,6.36377,-2.56272,5.97848,0.0224998,1,0.666667,0.0215248,0,0.100131,1
-4.65234,5.87133,-1.28985,1.5,2,2.02057,-2.66954,6.26022,-6.10411,5.58659,-6.1742,7.18333,-2.66954,6.26022,-2.67946,6.63247,0.0205715,1,0.666667,-0.0192849,0,0.0999915,1
-4.62143,5.77624,-1.22319,1.5,2,2.0116,-2.65318,6.19161,-6.07776,5.46891,-6.1742,7.18333,-2.65318,6.19161,-2.6775,6.55835,0.0116005,1,-0.666667,-0.0897652,0,0.0999382,1
-4.58932,5.68156,-1.27652,1.5,2,2.00173,-2.64588,6.16109,-6.04397,5.32263,-6.1742,7.18333,-2.64588,6.16109,-2.6822,6.52511,0.00172782,1,-0.666667,-0.0987032,0,0.100024,1
-4.56353,5.58496,-1.34319,1.5,2,2.00321,-2.64826,6.17201,-5.9946,5.14632,-6.1742,7.18333,-2.64826,6.17201,-2.68991,6.5413,0.00321388,1,0.666667,0.0148676,0,0.099953,1
-4.53896,5.48804,-1.28985,1.5,2,2.012,-2.64946,6.17938,-5.93636,4.97676,-6.1742,7.18333,-2.64946,6.17938,-2.43967,5.82417,0.0120027,1,0.666667,0.0879143,0,0.0999703,1
-4.50805,5.39296,-1.22319,1.5,2,2.01903,-2.63494,6.14657,-5.88199,4.84018,-6.1742,7.18333,-2.63494,6.14657,-2.42593,5.79453,0.0190313,1,0.666667,0.0702219,0,0.100091,1
-4.47088,5.30014,-1.15652,1.5,2,2.02234,-2.60569,6.08175,-5.83372,4.72904,-6.1742,7.18333,-2.60569,6.08175,-2.38432,5.73362,0.0223393,1,0.666667,0.0331071,0,0.0999198,1
-4.42761,5.21001,-1.08985,1.5,2,2.01823,-2.55053,5.95153,-5.80574,4.6656,-6.1742,7.18333,-2.55053,5.95153,-2.65398,6.29927,0.0182281,1,0.666667,-0.0411032,0,0.100023,1
-4.37842,5.12296,-1.02319,1.5,2,2.01147,-2.54626,5.95313,-5.73427,4.50862,-6.1742,7.18333,-2.54626,5.95313,-2.6459,6.30816,0.011466,1,-0.666667,-0.0675926,0,0.100041,1
-4.32814,5.03654,-1.07652,1.5,2,2.00384,-2.54782,5.95622,-5.65742,4.34987,-6.1742,7.18333,-2.54782,5.95622,-2.3054,5.62879,0.00383782,1,-0.666667,-0.0763312,0,0.0999356,1
-4.28367,4.947,-1.14319,1.5,2,2.00698,-2.53689,5.93528,-5.58313,4.21179,-6.1742,7.18333,-2.53689,5.93528,-2.28175,5.61683,0.00697684,1,0.666667,0.0313906,0,0.0999987,1
-4.24034,4.85689,-1.08985,1.5,2,2.01866,-2.53887,5.94318,-5.48891,4.05975,-6.1742,7.18333,-2.53887,5.94318,-2.28163,5.63065,0.018662,1,0.666667,0.116794,0,0.100049,1
-4.19116,4.76984,-1.02319,1.5,2,2.02691,-2.47932,5.85519,-5.43526,3.98105,-6.1742,7.18333,-2.47932,5.85519,-2.62137,6.20203,0.026911,1,0.666667,0.0824685,0,0.100027,1
-4.13628,4.68626,-0.956519,1.5,2,2.0278,-2.43941,5.79647,-5.36824,3.88024,-6.1742,7.18333,-2.43941,5.79647,-2.60535,6.12367,0.0277953,1,0.666667,0.0088539,0,0.0998762,1
-4.07597,4.60653,-0.889853,1.5,2,2.02426,-2.4181,5.76803,-5.2846,3.75976,-6.1742,7.18333,-2.4181,5.76803,-2.58434,6.09894,0.024256,1,0.666667,-0.0353654,0,0.100079,1
-4.01047,4.53098,-0.823186,1.5,2,2.0183,-2.39509,5.74097,-5.19638,3.64269,-6.1742,7.18333,-2.39509,5.74097,-2.56271,6.07457,0.0182977,1,-0.666667,-0.0595905,0,0.0999877,1
-3.94402,4.45627,-0.876519,1.5,2,2.01345,-2.39665,5.74453,-5.08647,3.50514,-6.1742,7.18333,-2.39665,5.74453,-2.09359,5.47268,0.0134473,1,-0.666667,-0.0480355,0,0.100975,1
-3.88265,4.37735,-0.943186,1.5,2,2.02021,-2.40418,5.75408,-4.96561,3.3689,-6.1742,7.18333,-2.40418,5.75408,-2.10529,5.48621,0.0202129,1,0.666667,0.0683,0,0.0990572,1
-3.82228,4.29765,-0.889853,1.5,2,2.03234,-2.33628,5.68409,-4.89539,3.29643,-6.1742,7.18333,-2.33628,5.68409,-2.54435,5.99444,0.0323434,1,0.666667,0.121312,0,0.0999945,1
-3.75678,4.22211,-0.823186,1.5,2,2.03796,-2.28672,5.63356,-4.81141,3.20953,-6.1742,7.18333,-2.28672,5.63356,-2.50302,5.93733,0.0379632,1,0.666667,0.0562134,0,0.0999719,1
-3.6864,4.15109,-0.756519,1.5,2,2.03888,-2.26126,5.60918,-4.7077,3.10619,-6.1742,7.18333,-2.26126,5.60918,-2.48878,5.90375,0.0388834,1,0.666667,0.00919251,0,0.100114,1
-3.61145,4.08493,-0.689853,1.5,2,2.03814,-2.23383,5.58698,-4.59955,3.00757,-6.1742,7.18333,-2.23383,5.58698,-2.46389,5.88445,0.0381353,1,0.666667,-0.00748773,0,0.0999178,1
-3.53225,4.0239,-0.623186,1.5,2,2.03396,-2.23285,5.5887,-4.46882,2.89604,-6.1742,7.18333,-2.23285,5.5887,-1.87456,5.38041,0.0339637,1,0.666667,-0.0417054,0,0.100026,1
-3.44916,3.96829,-0.556519,1.5,2,2.026,-2.205,5.56727,-4.35434,2.80496,-6.1742,7.18333,-2.205,5.56727,-1.85409,5.36043,0.0259998,1,-0.666667,-0.0796231,0,0.10002,1
-3.36538,3.91373,-0.609853,1.5,2,2.01845,-2.1243,5.50555,-4.27633,2.74534,-6.1742,7.18333,-2.1243,5.50555,-2.37133,5.78782,0.018451,1,-0.666667,-0.0754865,0,0.100002,1
-3.28537,3.85377,-0.676519,1.5,2,2.0183,-2.07744,5.47069,-4.17215,2.66674,-6.1742,7.18333,-2.07744,5.47069,-2.33995,5.72849,0.0183029,1,0.666667,-0.00148216,0,0.0998933,1
-3.20613,3.7928,-0.623186,1.5,2,2.02435,-2.08276,5.47684,-4.02502,2.56521,-6.1742,7.18333,-2.08276,5.47684,-2.3545,5.73231,0.0243452,1,0.666667,0.0604252,0,0.0999955,1
-3.12304,3.73718,-0.556519,1.5,2,2.02621,-2.05273,5.45763,-3.90155,2.48579,-3.90155,2.48579,-2.05273,5.45763,-0.561565,3.60803,0.0262105,2,0.666667,0.0186396,0,0.100077,1
-3.03644,3.68723,-0.489853,1.5,2,2.02606,-2.05212,5.45812,-3.75252,2.39892,-3.90155,2.48579,-2.05212,5.45812,-0.534001,3.50931,0.0195021,2,-0.666667,-0.0670205,0,0.100096,1
-2.9492,3.63837,-0.543186,1.5,2,2.02752,-1.99352,5.42653,-3.64327,2.33973,-3.90155,2.48579,-1.99352,5.42653,-0.527438,3.46383,0.00486967,2,-0.666667,-0.146403,0,0.0999463,1
-2.86538,3.58387,-0.609853,1.5,2,2.03873,-1.94165,5.40132,-3.52747,2.2812,-3.90155,2.48579,-1.94165,5.40132,-0.532709,3.50477,-0.00977869,2,-0.666667,-0.146532,0,0.0999667,1
-2.78538,3.52391,-0.676519,1.5,2,2.05731,-1.89121,5.37674,-3.41242,2.22461,-3.90155,2.48579,-1.89121,5.37674,-0.525493,3.49386,-0.0243143,2,-0.666667,-0.145367,0,0.0999925,1
-2.70955,3.45875,-0.743186,1.5,2,2.087,-1.87463,5.37147,-3.27482,2.16374,-3.90155,2.48579,-1.87463,5.37147,-0.524736,3.51285,-0.0386766,2,-0.666667,-0.143674,0,0.0999649,1
-2.63822,3.38868,-0.809853,1.5,2,2.09101,-0.565579,3.66518,-4.03484,3.20236,-3.90155,2.48579,-0.565579,3.66518,-2.23414,5.5901,-0.0528076,2,-0.666667,-0.141108,0,0.100143,1
-2.57173,3.31402,-0.876519,1.5,2,2.03897,-0.562387,3.66033,-4.01153,3.06586,-3.90155,2.48579,-0.562387,3.66033,-2.1014,5.48549,-0.0666516,2,-0.666667,-0.13863,0,0.0998625,1
-2.51035,3.23509,-0.943186,1.5,2,1.99485,-0.56631,3.68245,-3.97716,2.89755,-3.90155,2.48579,-0.56631,3.68245,-2.14832,5.51043,-0.0801553,2,-0.666667,-0.135076,0,0.0999714,1
-2.45437,3.15225,-1.00985,1.5,2,1.96198,-0.560485,3.66466,-3.93901,2.75056,-3.90155,2.48579,-0.560485,3.66466,-2.1317,5.4895,-0.0932682,2,-0.666667,-0.130948,0,0.100139,1
-2.40403,3.06587,-1.07652,1.5,2,1.94061,-0.561777,3.67584,-3.88439,2.57572,-3.90155,2.48579,-0.561777,3.67584,-2.12156,5.47769,-0.105942,2,-0.666667,-0.126773,0,0.0999748,1
-2.35956,2.97632,-1.14319,1.5,2,1.93029,-0.551517,3.65232,-3.82987,2.42659,-3.90155,2.48579,-0.551517,3.65232,-2.16144,5.49378,-0.0697114,1,0.666667,0.362405,0,0.0999737,1
-2.31623,2.88621,-1.08985,1.5,2,1.92469,-0.526153,3.59336,-3.78136,2.30743,-3.90155,2.48579,-0.526153,3.59336,-2.16004,5.48138,-0.0753106,1,-0.666667,-0.0560271,0,0.0999363,1
-2.27182,2.79664,-1.14319,1.5,2,1.91957,-0.525083,3.59267,-3.70994,2.14124,-3.90155,2.48579,-0.525083,3.59267,-0.578731,3.96027,-0.080429,1,-0.666667,-0.0511198,0,0.100125,1
-2.23341,2.70433,-1.20985,1.5,2,1.9256,-0.528192,3.59884,-3.62763,1.97295,-3.90155,2.48579,-0.528192,3.59884,-0.255243,3.29707,-0.0744026,1,-0.666667,0.0602878,0,0.0999603,1
-2.20124,2.60966,-1.27652,1.5,2,1.94265,-0.533637,3.60615,-3.5381,1.81081,-3.90155,2.48579,-0.533637,3.60615,-0.263947,3.30945,-0.0573545,1,0.666667,0.169888,0,0.100349,1
-2.17027,2.5146,-1.22319,1.5,2,1.96817,-0.536974,3.61281,-3.44146,1.65986,-3.90155,2.48579,-0.536974,3.61281,-0.262628,3.32106,-0.0318266,1,0.666667,0.256356,0,0.0995797,1
-2.13309,2.42178,-1.15652,1.5,2,1.99024,-0.458968,3.49805,-3.40306,1.60534,-3.90155,2.48579,-0.458968,3.49805,-0.602248,3.8362,-0.00976455,1,0.666667,0.220678,0,0.099974,1
-2.08982,2.33165,-1.08985,1.5,2,2.00699,-0.457036,3.49871,-3.30446,1.46347,-3.90155,2.48579,-0.457036,3.49871,-0.591998,3.85882,0.00699043,1,0.666667,0.167516,0,0.10002,1
-2.04064,2.2446,-1.02319,1.5,2,2.02021,-0.435234,3.47094,-3.21659,1.34631,-3.90155,2.48579,-0.435234,3.47094,-0.56924,3.84337,0.0202076,1,0.666667,0.132237,0,0.0999506,1
-1.98577,2.16102,-0.956519,1.5,2,2.03071,-0.411977,3.44436,-3.12446,1.23248,-3.90155,2.48579,-0.411977,3.44436,-0.565018,3.80671,0.0307076,1,0.666667,0.1049,0,0.100095,1
-1.92545,2.08129,-0.889853,1.5,2,2.03911,-0.38687,3.41946,-3.02775,1.12256,-3.90155,2.48579,-0.38687,3.41946,-0.543004,3.78938,0.0391052,1,0.666667,0.0840351,0,0.0999294,1
-1.85996,2.00574,-0.823186,1.5,2,2.0434,-0.361496,3.39502,-2.92811,1.01542,-3.90155,2.48579,-0.361496,3.39502,0.0157522,3.17031,0.0433986,1,0.666667,0.0429277,0,0.100016,1
-1.78957,1.93473,-0.756519,1.5,2,2.04173,-0.312352,3.34415,-2.84466,0.928073,-3.90155,2.48579,-0.312352,3.34415,-0.507423,3.67726,0.0417266,1,0.666667,-0.0167185,0,0.100011,1
-1.71462,1.86857,-0.689853,1.5,2,2.0361,-0.286843,3.32017,-2.74115,0.824899,-3.90155,2.48579,-0.286843,3.32017,-0.484348,3.65689,0.0360985,1,0.666667,-0.0562639,0,0.10003,1
-1.63542,1.80754,-0.623186,1.5,2,2.02926,-0.259098,3.29873,-2.63293,0.726779,-3.90155,2.48579,-0.259098,3.29873,-0.460747,3.63685,0.0292625,1,0.666667,-0.0683067,0,0.100077,1
-1.55233,1.75193,-0.556519,1.5,2,2.01583,-0.259648,3.29871,-2.50408,0.613096,-3.90155,2.48579,-0.259648,3.29871,0.134115,3.12313,0.0158298,1,-0.666667,-0.134315,0,0.100009,1
-1.46855,1.69737,-0.609853,1.5,2,2.00595,-0.207739,3.25756,-2.40761,0.535322,-3.90155,2.48579,-0.207739,3.25756,-0.421847,3.59017,0.0059464,1,-0.666667,-0.0989543,0,0.0998784,1
-1.38854,1.63741,-0.676519,1.5,2,2.00448,-0.161038,3.22207,-2.30437,0.455102,-3.90155,2.48579,-0.161038,3.22207,-0.39992,3.51553,0.00447941,1,-0.666667,-0.0146583,0,0.100079,1
-1.31271,1.57225,-0.743186,1.5,2,2.01297,-0.170192,3.22956,-2.15672,0.347945,-3.90155,2.48579,-0.170192,3.22956,-0.420408,3.52286,0.0129695,1,0.666667,0.0849338,0,0.0999612,1
-1.23771,1.50613,-0.689853,1.5,2,2.02806,-0.177274,3.23485,-2.00736,0.251436,-3.90155,2.48579,-0.177274,3.23485,-0.438525,3.5323,0.0280561,1,0.666667,0.15103,0,0.0998916,1
-1.15851,1.4451,-0.623186,1.5,2,2.04108,-0.147052,3.21794,-1.88148,0.177918,-3.90155,2.48579,-0.147052,3.21794,0.2745,3.11078,0.0410817,1,0.666667,0.130155,0,0.100077,1
-1.07542,1.38949,-0.556519,1.5,2,2.05167,-0.115819,3.20291,-1.75284,0.109344,-3.90155,2.48579,-0.115819,3.20291,-0.395824,3.49529,0.0516698,1,0.666667,0.105892,0,0.0999906,1
-0.988818,1.33954,-0.489853,1.5,2,2.058,-0.0523721,3.17214,-1.64496,0.055468,-3.90155,2.48579,-0.0523721,3.17214,-0.341845,3.44692,0.0580025,1,0.666667,0.0633378,0,0.0999819,1
-0.899075,1.29546,-0.423186,1.5,2,2.05808,0.011093,3.14135,-1.53675,0.00221123,-3.90155,2.48579,0.011093,3.14135,-0.293915,3.37209,0.0580842,1,0.666667,0.000817593,0,0.100022,1
-0.806596,1.25746,-0.356519,1.5,2,2.05563,0.0106896,3.14364,-1.38085,-0.067841,-3.90155,2.48579,0.0106896,3.14364,-0.296502,3.39411,0.0556316,1,0.666667,-0.0245562,0,0.0998774,1
-0.71179,1.22571,-0.289853,1.5,2,2.04902,0.0427544,3.13075,-1.24611,-0.123304,-3.90155,2.48579,0.0427544,3.13075,-0.268333,3.38463,0.0490241,1,0.666667,-0.0659957,0,0.100121,1
-0.61508,1.20034,-0.223186,1.5,2,2.04163,0.0760879,3.12142,-1.10879,-0.171912,-3.90155,2.48579,0.0760879,3.12142,0.50867,3.08637,0.0416331,1,0.666667,-0.073926,0,0.099978,1
-0.516895,1.18147,-0.156519,1.5,2,2.02898,0.109019,3.1115,-0.970684,-0.217798,-3.90155,2.48579,0.109019,3.1115,-0.215395,3.33548,0.0289838,1,-0.666667,-0.126493,0,0.1,1
-0.418477,1.16385,-0.209853,1.5,2,2.01586,0.205253,3.08079,-0.87769,-0.247463,-3.90155,2.48579,0.205253,3.08079,-0.12204,3.26677,0.0158556,1,-0.666667,-0.131279,0,0.100003,1
-0.321438,1.13978,-0.276519,1.5,2,2.0123,0.194074,3.08492,-0.702558,-0.298278,-3.90155,2.48579,0.194074,3.08492,-0.14059,3.27399,0.0122995,1,-0.666667,-0.0355257,0,0.100097,1
-0.226218,1.10929,-0.343186,1.5,2,2.01966,0.182075,3.08725,-0.525482,-0.340486,-3.90155,2.48579,0.182075,3.08725,0.60889,3.10928,0.0196588,1,0.666667,0.0736645,0,0.0999025,1
-0.13139,1.0776,-0.289853,1.5,2,2.0359,0.173312,3.09057,-0.350513,-0.37001,-3.90155,2.48579,0.173312,3.09057,0.595852,3.11909,0.0359001,1,0.666667,0.162434,0,0.0999871,1
-0.0346795,1.05223,-0.223186,1.5,2,2.04937,0.20754,3.08724,-0.206132,-0.388227,-3.90155,2.48579,0.20754,3.08724,0.627094,3.11493,0.0493722,1,0.666667,0.134565,0,0.100116,1
0.0635055,1.03337,-0.156519,1.5,2,2.05855,0.31324,3.07671,-0.111365,-0.397437,-3.90155,2.48579,0.31324,3.07671,-0.0512595,3.20009,0.0585515,1,0.666667,0.0917798,0,0.100015,1
0.162729,1.02108,-0.0898526,1.5,2,2.06223,0.311909,3.07791,0.0587231,-0.41292,-3.90155,2.48579,0.311909,3.07791,0.733326,3.12874,0.062233,1,0.666667,0.0368425,0,0.0999232,1
0.262551,1.01543,-0.0231859,1.5,2,2.06234,0.346345,3.07607,0.204138,-0.42104,-3.90155,2.48579,0.346345,3.07607,0.76235,3.12502,0.0623407,1,0.666667,0.00107812,0,0.0999564,1
0.362527,1.01645,0.0434807,1.5,2,2.05905,0.380815,3.07542,0.349729,-0.424445,-3.90155,2.48579,0.380815,3.07542,0.793803,3.13455,0.0590518,1,0.666667,-0.032851,0,0.100118,1
0.462214,1.02412,0.110147,1.5,2,2.05497,0.415204,3.07855,0.495271,-0.420532,-3.90155,2.48579,0.415204,3.07855,0.822139,3.13216,0.0549712,1,0.666667,-0.0408462,0,0.0999,1
0.561168,1.03842,0.176814,1.5,2,2.04759,0.449347,3.08295,0.640486,-0.411831,0.640486,-0.411831,0.449347,3.08295,0.850415,3.1311,0.047586,2,0.666667,-0.0738691,0,0.0999776,1
0.65895,1.05927,0.243481,1.5,2,2.03398,0.554263,3.09056,0.734405,-0.404806,0.640486,-0.411831,0.554263,3.09056,0.955122,3.15345,0.028781,2,-0.666667,-0.188068,0,0.0999903,1
0.756462,1.08137,0.190147,1.5,2,2.01961,0.584147,3.09361,0.882771,-0.39363,0.640486,-0.411831,0.584147,3.09361,0.977428,3.14711,0.0196066,1,-0.666667,-0.0916173,0,0.100138,1
0.855217,1.09698,0.123481,1.5,2,2.01606,0.572029,3.09306,1.06366,-0.372243,1.06366,-0.372243,0.572029,3.09306,0.960093,3.14939,0.0160646,2,0.666667,-0.0354508,0,0.0999115,1
0.954163,1.11134,0.176814,1.5,2,2.01822,0.633903,3.10399,1.1893,-0.351666,1.06366,-0.372243,0.633903,3.10399,1.02108,3.1615,0.0123794,2,-0.666667,-0.0368595,0,0.0999812,1
1.05293,1.12689,0.123481,1.5,2,2.018,0.76947,3.12489,1.2611,-0.340413,1.06366,-0.372243,0.76947,3.12489,1.15791,3.18127,0.0180027,1,0.666667,0.0562183,0,0.100027,1
1.15188,1.14125,0.176814,1.5,2,2.02015,0.831309,3.13581,1.3867,-0.319841,1.3867,-0.319841,0.831309,3.13581,1.21886,3.19338,0.0201545,2,0.666667,0.0215096,0,0.100036,1
1.24966,1.16211,0.243481,1.5,2,2.01629,0.970778,3.15902,1.45487,-0.307338,1.3867,-0.319841,0.970778,3.15902,0.618956,3.10896,0.0117252,2,-0.666667,-0.0843399,0,0.0999442,1
1.34717,1.1842,0.190147,1.5,2,2.00885,1.07126,3.17402,1.55198,-0.292813,1.3867,-0.319841,1.07126,3.17402,0.720634,3.12463,0.00885153,1,-0.666667,-0.0287371,0,0.0999987,1
1.44592,1.19982,0.123481,1.5,2,2.00744,1.16395,3.18736,1.65558,-0.277941,1.65558,-0.277941,1.16395,3.18736,0.813454,3.13775,0.00744343,2,0.666667,-0.0140834,0,0.0999829,1
1.54487,1.21418,0.176814,1.5,2,2.00959,1.22598,3.19831,1.78137,-0.25734,1.65558,-0.277941,1.22598,3.19831,1.6115,3.25558,0.00959492,1,0.666667,0.0214904,0,0.100114,1
1.64265,1.23504,0.243481,1.5,2,2.00573,1.36523,3.22149,1.84933,-0.244869,1.84933,-0.244869,1.36523,3.22149,1.01525,3.17169,0.00573182,2,-0.666667,-0.0386303,0,0.100002,1
1.74016,1.25713,0.190147,1.5,2,1.99829,1.4657,3.23648,1.94642,-0.230347,1.84933,-0.244869,1.4657,3.23648,1.11692,3.18736,-0.00171053,1,-0.666667,-0.0732729,0,0.10157,1
1.83892,1.27275,0.123481,1.5,2,1.99688,1.55843,3.24983,2.05006,-0.215473,2.05006,-0.215473,1.55843,3.24983,1.20978,3.20048,-0.00312066,2,-0.666667,-0.0143712,0,0.0981216,1
1.93849,1.28175,0.0568141,1.5,2,2.00261,1.65096,3.2636,2.15349,-0.200131,2.05006,-0.215473,1.65096,3.2636,1.3014,3.21321,0.00260806,1,0.666667,0.0572005,0,0.100152,1
2.03818,1.28949,0.110147,1.5,2,2.01199,1.74736,3.28035,2.25326,-0.182899,2.25326,-0.182899,1.74736,3.28035,1.39761,3.22515,0.0119896,2,0.666667,0.0947094,0,0.0990559,1
2.13713,1.30378,0.176814,1.5,2,2.01543,1.81731,3.29367,2.37271,-0.16198,2.25326,-0.182899,1.81731,3.29367,2.20396,3.35111,0.0154278,1,0.666667,0.0343989,0,0.0999518,1
2.23491,1.32464,0.243481,1.5,2,2.01157,1.95669,3.31688,2.44078,-0.149484,2.44078,-0.149484,1.95669,3.31688,1.60569,3.26693,0.0115724,2,-0.666667,-0.0383228,0,0.100605,1
2.33245,1.34661,0.188814,1.5,2,2.00422,2.05982,3.33221,2.53592,-0.135262,2.44078,-0.149484,2.05982,3.33221,1.7101,3.28291,0.00422096,1,-0.666667,-0.073541,0,0.0999633,1
2.43123,1.3621,0.122147,1.5,2,2.00299,2.15252,3.3456,2.63953,-0.120353,2.63953,-0.120353,2.15252,3.3456,1.80291,3.29604,0.00298715,2,-0.666667,-0.01234,0,0.0999851,1
2.53081,1.37096,0.0554807,1.5,2,2.00885,2.24503,3.35939,2.74295,-0.105017,2.63953,-0.120353,2.24503,3.35939,1.89449,3.30878,0.00885248,1,0.666667,0.059002,0,0.099409,1
2.6305,1.37869,0.110147,1.5,2,2.01826,2.33877,3.37575,2.84467,-0.0874919,2.84467,-0.0874919,2.33877,3.37575,1.98794,3.32039,0.0182564,2,0.666667,0.0940153,0,0.100026,1
2.72945,1.39299,0.176814,1.5,2,2.0217,2.40864,3.38907,2.96404,-0.066581,2.84467,-0.0874919,2.40864,3.38907,2.79648,3.44669,0.0217006,1,0.666667,0.0342438,0,0.100579,1
2.82723,1.41384,0.243481,1.5,2,2.01785,2.54814,3.4123,3.03224,-0.0540635,3.03224,-0.0540635,2.54814,3.4123,2.19605,3.36219,0.0178468,2,0.666667,-0.038589,0,0.0998677,1
2.92341,1.44117,0.310147,1.5,2,2.00673,2.65211,3.42948,3.12529,-0.0383876,3.03224,-0.0540635,2.65211,3.42948,2.30231,3.37915,0.00673437,1,-0.666667,-0.111019,0,0.100095,1
3.01927,1.46959,0.255481,1.5,2,1.99228,2.75447,3.4442,3.21966,-0.0247458,3.21966,-0.0247458,2.75447,3.4442,3.13811,3.49246,-0.00771523,2,-0.666667,-0.1446,0,0.0999284,1
3.11679,1.49162,0.188814,1.5,2,1.98374,2.84695,3.45693,3.32305,-0.0105415,3.21966,-0.0247458,2.84695,3.45693,2.50079,3.40815,-0.0198523,2,-0.666667,-0.106936,0,0.113498,1
3.21557,1.5071,0.122147,1.5,2,1.98249,2.93971,3.47031,3.42672,0.00435612,3.21966,-0.0247458,2.93971,3.47031,2.59368,3.42127,-0.0175103,1,-0.666667,0.0220559,0,0.106187,1
3.31515,1.51597,0.0554807,1.5,2,1.98835,3.03229,3.4841,3.5302,0.0197003,3.5302,0.0197003,3.03229,3.4841,2.68532,3.43403,-0.0116464,2,0.666667,0.0705784,0,0.0830835,1
