8.25736e-21,2.94457e-38,-1.92881e-18,1.49925,2,2.00296,0.0349618,2.00266,-0.0261178,-1.49606,0,0,0.0349618,2.00266,-0.692921,2.01241,0.00296021,1,0.1334
0.00455982,3.84239e-05,0.012673,1.49925,2,2.00289,0.0141395,2.00291,-0.00259714,-1.4963,0,0,0.0141395,2.00291,-0.717355,2.01339,0.00289464,1,0.2668
0.0191042,0.000427675,0.0385526,1.49925,2,2.00246,0.0467572,2.0027,-0.0015657,-1.49622,0,0,0.0467572,2.0027,0.81454,1.99004,0.00246119,1,0.4002
0.0436095,0.00188174,0.0779056,1.49925,2,2.00092,0.0972613,2.00208,0.00343384,-1.49591,0,0,0.0972613,2.00208,-0.629583,2.01811,0.000919104,1,0.2668
0.0780102,0.00507877,0.105386,1.49925,2,1.99747,0.111546,2.00226,0.0527969,-1.49649,0,0,0.111546,2.00226,-0.618066,2.02228,-0.00253272,1,0.1334
0.122276,0.0101003,0.119393,1.49925,2,1.992,0.162583,2.0017,0.0917774,-1.49684,0,0,0.162583,2.0017,0.926208,1.98407,-0.00799656,1,-0.1334
0.176473,0.0162959,0.107387,1.49925,2,1.98523,0.205831,2.00131,0.154083,-1.49755,0,0,0.205831,2.00131,0.967073,1.98821,-0.0147651,1,-0.4002
0.240766,0.0219954,0.0689678,1.49925,2,1.97901,0.276983,2.00067,0.212945,-1.498,0,0,0.276983,2.00067,1.03733,1.98875,-0.0209947,1,-0.667
0.315253,0.02471,0.0038686,1.49925,2,1.97581,0.342098,2.00034,0.294554,-1.49859,0,0,0.342098,2.00034,-0.377464,2.01152,-0.0241908,1,-0.667
0.399749,0.0221626,-0.0628314,1.49925,2,1.9784,0.420471,2.00045,0.38382,-1.49861,0,0,0.420471,2.00045,1.17911,1.99059,-0.0216016,1,-0.667
0.493839,0.0130291,-0.129531,1.49925,2,1.98814,0.473775,2.00107,0.50909,-1.498,0,0,0.473775,2.00107,1.23213,1.99593,-0.0118581,1,-0.4002
0.592687,-0.00199569,-0.170885,1.49925,2,2.00444,0.585381,2.00243,0.598136,-1.4968,0,0,0.585381,2.00243,1.35471,2.00497,0.00443888,1,-0.1334
0.691096,-0.0197609,-0.185293,1.49925,2,2.02387,0.677554,2.00407,0.700967,-1.49511,0,0,0.677554,2.00407,-0.0609293,2.00417,0.0238719,1,0.1334
0.78941,-0.0380421,-0.177822,1.49925,2,2.04395,0.796139,2.0059,0.784619,-1.49333,0,0,0.796139,2.0059,0.0531724,2.00566,0.043951,1,0.4002
0.88814,-0.0538852,-0.139136,1.49925,2,2.06164,0.887135,2.00775,0.888841,-1.4915,0,0,0.887135,2.00775,0.135982,2.00952,0.0616357,1,0.667
0.987541,-0.0646459,-0.0745706,1.49925,2,2.0738,0.997413,2.00913,0.980756,-1.49009,0,0,0.997413,2.00913,0.243112,2.01135,0.0737951,1,0.667
1.08744,-0.068766,-0.0078706,1.49925,2,2.07952,1.10381,2.01069,1.07626,-1.48845,0,0,1.10381,2.01069,0.345877,2.01967,0.0795183,1,0.667
1.18739,-0.0662189,0.0588294,1.49925,2,2.07711,1.21021,2.01077,1.17176,-1.48827,0,0,1.21021,2.01077,2.0046,1.99473,0.0771093,1,0.667
1.28694,-0.0570157,0.125529,1.49925,2,2.0674,1.31609,2.01018,1.26676,-1.48873,0,0,1.31609,2.01018,2.10712,1.99277,0.0673971,1,0.667
1.38567,-0.0411974,0.192229,1.49925,2,2.05055,1.45674,2.00812,1.33546,-1.48902,0,0,1.45674,2.00812,0.713298,2.02645,0.050554,1,0.4002
1.48338,-0.0199821,0.23385,1.49925,2,2.02763,1.54005,2.00685,1.44225,-1.49103,0,0,1.54005,2.00685,2.31651,1.98134,0.0276279,1,0.1334
1.58047,0.00396478,0.248524,1.49925,2,2.00156,1.64197,2.00458,1.53445,-1.49302,0,0,1.64197,2.00458,0.911936,2.03265,0.00155854,1,-0.1334
1.67753,0.0280412,0.236518,1.49925,2,1.9753,1.72747,2.00271,1.639,-1.49543,0,0,1.72747,2.00271,2.48269,1.97682,-0.0247041,1,-0.4002
1.77516,0.0496488,0.197832,1.49925,2,1.95148,1.83187,2.00031,1.73018,-1.49747,0,0,1.83187,2.00031,1.12177,2.02131,-0.0485177,1,-0.667
1.87377,0.0661731,0.132733,1.49925,2,1.93291,1.92083,1.99851,1.83563,-1.4997,0,0,1.92083,1.99851,1.21605,2.02,-0.0670881,1,-0.667
1.97326,0.0760932,0.066033,1.49925,2,1.92173,2.01406,1.99739,1.93976,-1.50107,0,0,2.01406,1.99739,1.31322,2.0168,-0.0782728,1,-0.667
2.07318,0.0793603,-0.000667,1.49925,2,1.91713,2.10793,1.99617,2.04451,-1.5025,0,0,2.10793,1.99617,1.41239,2.00263,-0.0828742,1,-0.667
2.17311,0.0759599,-0.067367,1.49925,2,1.92057,2.20193,1.99631,2.14941,-1.50254,0,0,2.20193,1.99631,1.50327,2.00597,-0.0794287,1,-0.667
2.27258,0.0659071,-0.134067,1.49925,2,1.93128,2.26185,1.99715,2.28129,-1.50204,0,0,2.26185,1.99715,2.99955,1.99163,-0.068725,1,-0.667
2.37117,0.0492466,-0.200767,1.49925,2,1.94914,2.35427,1.99831,2.3846,-1.50081,0,0,2.35427,1.99831,3.10194,2.00345,-0.0508645,1,-0.4002
2.4687,0.0272224,-0.242121,1.49925,2,1.97322,2.46432,2.00044,2.47209,-1.4988,0,0,2.46432,2.00044,1.74774,1.99443,-0.026778,1,-0.1334
2.56559,0.00247332,-0.256795,1.49925,2,2.00013,2.55559,2.00258,2.57309,-1.49663,0,0,2.55559,2.00258,1.82813,1.99752,0.000128746,1,0.1334
2.66245,-0.022405,-0.244789,1.49925,2,2.02755,2.62796,2.00485,2.68748,-1.49389,0,0,2.62796,2.00485,3.40266,2.0085,0.0275493,1,0.4002
2.75988,-0.0448683,-0.206637,1.49925,2,2.05234,2.75414,2.00746,2.76394,-1.49178,0,0,2.75414,2.00746,2.00749,2.00444,0.052335,1,0.667
2.85835,-0.0622352,-0.141271,1.49925,2,2.07185,2.8256,2.00936,2.88091,-1.48946,0,0,2.8256,2.00936,3.61596,2.00868,0.0718508,1,0.667
2.95775,-0.0730044,-0.0745706,1.49925,2,2.08408,2.96767,2.01105,2.95101,-1.48816,0,0,2.96767,2.01105,2.20961,2.01332,0.0840771,1,0.667
3.05764,-0.0771245,-0.0078706,1.49925,2,2.08812,3.07408,2.01093,3.04653,-1.48821,0,0,3.07408,2.01093,2.3124,2.02167,0.0881238,1,0.667
3.15759,-0.0745773,0.0588294,1.49925,2,2.08571,3.18051,2.01101,3.14206,-1.48803,0,0,3.18051,2.01101,3.97818,1.99488,0.0857139,1,0.667
3.25715,-0.0653741,0.125529,1.49925,2,2.076,3.28642,2.01042,3.23708,-1.48848,0,0,3.28642,2.01042,4.0823,1.99683,0.0760002,1,0.667
3.35587,-0.0495559,0.192229,1.49925,2,2.05915,3.42724,2.00836,3.30596,-1.48879,0,0,3.42724,2.00836,2.68012,2.02849,0.0591488,1,0.4002
3.45359,-0.0283406,0.23385,1.49925,2,2.03623,3.5105,2.00709,3.4127,-1.49079,0,0,3.5105,2.00709,2.76747,2.03439,0.0362258,1,0.1334
3.55067,-0.0043692,0.248791,1.49925,2,2.01015,3.6119,2.00484,3.50531,-1.49278,0,0,3.6119,2.00484,2.87809,2.03476,0.0101466,1,-0.1334
3.64772,0.0197576,0.237052,1.49925,2,1.9838,3.73141,2.00179,3.58378,-1.49434,0,0,3.73141,2.00179,3.01051,2.03068,-0.0162001,1,-0.4002
3.74533,0.0414419,0.198633,1.49925,2,1.95992,3.80072,2.00057,3.70183,-1.49728,0,0,3.80072,2.00057,3.08702,2.02264,-0.040085,1,-0.667
3.84392,0.0580451,0.133533,1.49925,2,1.94125,3.88963,1.99876,3.80724,-1.49952,0,0,3.88963,1.99876,3.18157,2.02044,-0.0587498,1,-0.667
3.9434,0.0680449,0.0668334,1.49925,2,1.92998,3.98284,1.99762,3.91134,-1.5009,0,0,3.98284,1.99762,3.27875,2.01721,-0.0700189,1,-0.667
4.04333,0.071392,0.0001334,1.49925,2,1.92613,4.04308,1.99752,4.04353,-1.50173,0,0,4.04308,1.99752,4.77907,1.9888,-0.0738739,1,-0.667
4.14326,0.0680715,-0.0665666,1.49925,2,1.93258,4.17072,2.00046,4.12099,-1.49844,0,0,4.17072,2.00046,3.46884,2.00628,-0.0674189,1,-0.667
4.24274,0.0580983,-0.133267,1.49925,2,1.94319,4.23039,2.00125,4.25263,-1.49793,0,0,4.23039,2.00125,4.97239,1.99563,-0.0568074,1,-0.667
4.34133,0.0415167,-0.199967,1.49925,2,1.96098,4.32276,2.00241,4.3559,-1.49668,0,0,4.32276,2.00241,3.60793,1.99867,-0.0390159,1,-0.4002
4.43887,0.0194976,-0.242121,1.49925,2,1.98504,4.43446,2.00453,4.44224,-1.49471,0,0,4.43446,2.00453,3.71503,1.99456,-0.0149618,1,-0.1334
4.53575,-0.00530004,-0.257329,1.49925,2,2.01198,4.52676,2.00666,4.54239,-1.49256,0,0,4.52676,2.00666,3.79659,1.99763,0.011976,1,0.1334
4.63257,-0.0303025,-0.246123,1.49925,2,2.0395,4.60061,2.00894,4.65545,-1.48988,0,0,4.60061,2.00894,5.37999,2.01191,0.0394976,1,0.4002
4.72998,-0.0528958,-0.207971,1.49925,2,2.06448,4.72695,2.01158,4.73208,-1.48766,0,0,4.72695,2.01158,3.97773,2.00451,0.0644827,1,0.667
4.82841,-0.0704189,-0.142871,1.49925,2,2.08413,4.79881,2.0135,4.84852,-1.48539,0,0,4.79881,2.0135,5.59405,2.01208,0.0841339,1,0.667
4.9278,-0.0813471,-0.0761714,1.49925,2,2.09655,4.94113,2.01516,4.91887,-1.48402,0,0,4.94113,2.01516,4.17902,2.01735,0.0965464,1,0.667
5.02769,-0.0856271,-0.0094714,1.49925,2,2.10041,5.08424,2.01402,4.99002,-1.48396,0,0,5.08424,2.01402,4.3256,2.01792,0.100411,1,0.667
5.12764,-0.08324,0.0572286,1.49925,2,2.0977,5.15404,2.0143,5.11,-1.48468,0,0,5.15404,2.0143,5.95681,1.99814,0.0977015,1,0.667
5.22721,-0.0741962,0.123929,1.49925,2,2.08817,5.25999,2.01372,5.20506,-1.4851,0,0,5.25999,2.01372,6.0598,1.99698,0.0881705,1,0.667
5.32596,-0.058536,0.190629,1.49925,2,2.07152,5.40107,2.01162,5.27419,-1.48533,0,0,5.40107,2.01162,4.64965,2.03259,0.0715163,1,0.667
5.42344,-0.036329,0.257329,1.49925,2,2.04777,5.50406,2.00986,5.3663,-1.48668,0,0,5.50406,2.00986,4.75864,2.04131,0.0477726,1,0.4002
5.51957,-0.00877791,0.299216,1.49925,2,2.01796,5.58493,2.00812,5.47158,-1.48929,0,0,5.58493,2.00812,6.35664,1.97707,0.0179594,1,0.1334
5.61487,0.0215075,0.314424,1.49925,2,1.98504,5.68363,2.00535,5.56242,-1.4918,0,0,5.68363,2.00535,6.44301,1.97391,-0.014964,1,-0.1334
5.71013,0.0519231,0.302418,1.49925,2,1.95186,5.80115,2.00165,5.63797,-1.49379,0,0,5.80115,2.00165,5.09313,2.02958,-0.0481446,1,-0.4002
5.80612,0.0799372,0.263999,1.49925,2,1.921,5.90244,1.99852,5.72698,-1.49633,0,0,5.90244,1.99852,5.20508,2.03052,-0.0790001,1,-0.667
5.90342,0.10292,0.198633,1.49925,2,1.89552,5.95699,1.99768,5.8581,-1.50017,0,0,5.95699,1.99768,5.26684,2.01871,-0.104479,1,-0.667
6.00204,0.119371,0.131933,1.49925,2,1.87699,6.04924,1.99576,5.96125,-1.50238,0,0,6.04924,1.99576,5.36511,2.01646,-0.123014,1,-0.667
6.10154,0.129211,0.0652326,1.49925,2,1.86492,6.14263,1.99368,6.06553,-1.50472,0,0,6.14263,1.99368,5.46242,2.01334,-0.13508,1,-0.667
6.20147,0.132398,-0.0014674,1.49925,2,1.86124,6.2042,1.99364,6.19906,-1.50561,0,0,6.2042,1.99364,6.91474,1.9824,-0.138755,1,-0.667
6.30139,0.128918,-0.0681674,1.49925,2,1.86478,6.33087,1.99347,6.27555,-1.50535,0,0,6.33087,1.99347,5.65268,2.00289,-0.135217,1,-0.667
6.40086,0.118785,-0.134867,1.49925,2,1.87558,6.39194,1.99434,6.40858,-1.50487,0,0,6.39194,1.99434,7.10775,1.98683,-0.124421,1,-0.667
6.49943,0.102046,-0.201567,1.49925,2,1.89353,6.48453,1.99552,6.51206,-1.50362,0,0,6.48453,1.99552,7.2106,1.9992,-0.106468,1,-0.667
6.59666,0.078774,-0.268267,1.49925,2,1.91856,6.57559,1.99722,6.61402,-1.50182,0,0,6.57559,1.99722,5.87784,1.98821,-0.0814406,1,-0.4002
6.69249,0.0502211,-0.309621,1.49925,2,1.94956,6.64963,1.99931,6.72656,-1.4991,0,0,6.64963,1.99931,7.39608,2.01092,-0.0504434,1,-0.1334
6.78748,0.0189694,-0.324562,1.49925,2,1.98376,6.73888,2.00213,6.82461,-1.49607,0,0,6.73888,2.00213,7.49874,2.01682,-0.0162421,1,0.1334
6.88242,-0.0124344,-0.312823,1.49925,2,2.01807,6.84451,2.00528,6.91025,-1.49336,0,0,6.84451,2.00528,6.1093,1.99361,0.0180674,1,0.4002
6.97811,-0.0414457,-0.274404,1.49925,2,2.05012,6.96818,2.00865,6.98514,-1.49056,0,0,6.96818,2.00865,6.22561,1.99527,0.0501227,1,0.667
7.07517,-0.0654647,-0.209305,1.49925,2,2.07472,7.07489,2.00926,7.07536,-1.48999,0,0,7.07489,2.00926,6.32062,2.00678,0.0747201,1,0.667
7.17361,-0.0829663,-0.142605,1.49925,2,2.09433,7.1433,2.01114,7.19394,-1.48774,0,0,7.1433,2.01114,7.94295,2.01134,0.0943284,1,0.667
7.27299,-0.093868,-0.0759046,1.49925,2,2.10671,7.28583,2.01281,7.2645,-1.48638,0,0,7.28583,2.01281,6.51911,2.01736,0.106713,1,0.667
7.37288,-0.0981214,-0.0092046,1.49925,2,2.11177,7.39233,2.01356,7.36011,-1.48554,0,0,7.39233,2.01356,6.62192,2.02578,0.111772,1,0.667
7.47283,-0.0957075,0.0574954,1.49925,2,2.10947,7.49882,2.0136,7.45571,-1.48538,0,0,7.49882,2.0136,8.30645,1.99844,0.109471,1,0.667
7.5724,-0.0866371,0.124195,1.49925,2,2.09991,7.60481,2.01302,7.55081,-1.48581,0,0,7.60481,2.01302,8.40946,1.99727,0.0999079,1,0.667
7.67115,-0.0709506,0.190895,1.49925,2,2.08321,7.74613,2.01091,7.62018,-1.48607,0,0,7.74613,2.01091,6.99018,2.03267,0.0832095,1,0.667
7.76862,-0.0487176,0.257595,1.49925,2,2.05942,7.84916,2.00913,7.71232,-1.48744,0,0,7.84916,2.00913,7.09919,2.04148,0.0594249,1,0.4002
7.86473,-0.0210937,0.300017,1.49925,2,2.02956,7.92885,2.00745,7.81829,-1.49005,0,0,7.92885,2.00745,7.18994,2.03253,0.0295589,1,0.1334
7.96,0.00929146,0.315491,1.49925,2,1.99653,8.06184,2.00322,7.88335,-1.49148,0,0,8.06184,2.00322,7.33866,2.03199,-0.00347388,1,-0.1334
8.05521,0.0398565,0.304019,1.49925,2,1.96318,8.14362,2.00104,7.98603,-1.49466,0,0,8.14362,2.00104,7.43158,2.02757,-0.0368247,1,-0.4002
8.15113,0.0681184,0.266667,1.49925,2,1.93318,8.24291,1.99912,8.07677,-1.49619,0,0,8.24291,1.99912,7.54074,2.0304,-0.0668195,1,-0.667
8.24834,0.0915045,0.202901,1.49925,2,1.90733,8.32737,1.9972,8.18237,-1.49905,0,0,8.32737,1.9972,7.636,2.01887,-0.0926697,1,-0.667
8.34688,0.108375,0.136201,1.49925,2,1.8883,8.38631,1.99626,8.31325,-1.50223,0,0,8.38631,1.99626,7.69723,2.01633,-0.111704,1,-0.667
8.44634,0.118641,0.0695014,1.49925,2,1.87676,8.47968,1.9951,8.41751,-1.50359,0,0,8.47968,1.9951,9.19877,1.97928,-0.12324,1,-0.667
8.54625,0.122254,0.0028014,1.49925,2,1.87251,8.57369,1.99457,8.52242,-1.50431,0,0,8.57369,1.99457,7.89412,1.99909,-0.127485,1,-0.667
8.64619,0.1192,-0.0638986,1.49925,2,1.87563,8.66784,1.9947,8.62745,-1.50431,0,0,8.66784,1.9947,7.98528,2.00237,-0.124371,1,-0.667
8.7457,0.109493,-0.130599,1.49925,2,1.88599,8.72868,1.99541,8.76026,-1.5037,0,0,8.72868,1.99541,9.44691,1.98667,-0.114009,1,-0.667
8.84434,0.0931742,-0.197299,1.49925,2,1.9035,8.85446,1.99665,8.83586,-1.50255,0,0,8.85446,1.99665,8.16433,1.99283,-0.0965004,1,-0.667
8.94167,0.0703175,-0.263999,1.49925,2,1.92805,8.94592,1.99836,8.93821,-1.50088,0,0,8.94592,1.99836,8.24636,1.99383,-0.0719481,1,-0.4002
9.03762,0.0421498,-0.305619,1.49925,2,1.95819,9.1234,1.99846,8.9701,-1.49744,8.9701,-1.49744,9.1234,1.99846,8.4228,1.99338,-0.0418147,2,-0.1334
9.13274,0.0113025,-0.320293,1.49925,2,1.9892,9.11023,2.00038,9.14983,-1.49865,8.9701,-1.49744,9.11023,2.00038,8.38639,1.99186,-0.0107996,1,0.1334
9.22781,-0.0196957,-0.308554,1.49925,2,2.02295,9.18118,2.00271,9.26185,-1.49561,8.9701,-1.49744,9.18118,2.00271,9.95652,2.01786,0.0229473,1,0.4002
9.32362,-0.0483223,-0.270402,1.49925,2,2.05457,9.30544,2.00617,9.3364,-1.49294,8.9701,-1.49744,9.30544,2.00617,8.55891,1.99622,0.0545747,1,0.667
9.42076,-0.0719769,-0.205569,1.49925,2,2.08102,9.41271,2.00903,9.42625,-1.4902,8.9701,-1.49744,9.41271,2.00903,8.65466,2.00782,0.0810199,1,0.667
9.51927,-0.0891106,-0.138869,1.49925,2,2.10034,9.48103,2.01088,9.54473,-1.48779,8.9701,-1.49744,9.48103,2.01088,8.71121,2.01121,0.100339,1,0.667
9.61869,-0.099641,-0.0721694,1.49925,2,2.11228,9.62367,2.01264,9.61542,-1.4866,8.9701,-1.49744,9.62367,2.01264,8.85343,2.01844,0.112284,1,0.667
9.7186,-0.103521,-0.0054694,1.49925,2,2.11688,9.73018,2.01333,9.71103,-1.48587,8.9701,-1.49744,9.73018,2.01333,8.95635,2.02693,0.116881,1,0.667
9.81854,-0.100734,0.0612306,1.49925,2,2.1142,9.87358,2.01275,9.78248,-1.48532,8.9701,-1.49744,9.87358,2.01275,9.10409,2.03354,0.114199,1,0.667
9.91807,-0.0912919,0.127931,1.49925,2,2.10425,9.94269,2.01282,9.90176,-1.48619,8.9701,-1.49744,9.94269,2.01282,9.17207,2.03542,0.104254,1,0.667
10.0168,-0.0752366,0.194631,1.49925,2,2.08714,10.0841,2.01081,9.9712,-1.48662,8.9701,-1.49744,10.0841,2.01081,9.3264,2.03053,0.0871365,1,0.667
10.1142,-0.0526397,0.261331,1.49925,2,2.06297,10.1871,2.00904,10.0634,-1.48802,8.9701,-1.49744,10.1871,2.00904,9.43549,2.03943,0.0629721,1,0.4002
10.2102,-0.0247281,0.302951,1.49925,2,2.03528,10.1975,2.01051,10.2193,-1.48867,8.9701,-1.49744,10.1975,2.01051,9.44195,2.04564,0.0352812,1,0.1334
10.3054,0.00588932,0.317892,1.49925,2,2.00865,10.1928,2.01138,10.3889,-1.48237,8.9701,-1.49744,10.1928,2.01138,9.43041,2.04597,0.00864697,1,-0.1334
10.4005,0.0366591,0.306153,1.49925,2,1.98609,10.2087,2.01347,10.5466,-1.46943,8.9701,-1.49744,10.2087,2.01347,9.44337,2.03966,-0.0139121,1,-0.4002
10.4964,0.0650555,0.268001,1.49925,2,1.97756,10.1749,2.01632,10.7437,-1.43639,8.9701,-1.49744,10.1749,2.01632,9.38607,2.03917,-0.0224364,1,-0.667
10.5936,0.0885008,0.203435,1.49925,2,1.96882,10.1622,2.00949,10.9289,-1.40475,8.9701,-1.49744,10.1622,2.00949,9.34251,2.04056,-0.0311806,1,-0.667
10.6921,0.105424,0.136735,1.49925,2,1.97725,10.1526,2.00765,11.1074,-1.35883,8.9701,-1.49744,10.1526,2.00765,9.29401,2.04153,-0.0227529,1,-0.4002
10.7915,0.116915,0.0951142,1.49925,2,1.99228,10.161,2.00679,11.2684,-1.31261,8.9701,-1.49744,10.161,2.00679,9.27742,2.02377,-0.00772405,1,-0.1334
10.8911,0.125593,0.0801734,1.49925,2,2.01338,10.1829,2.01032,11.4137,-1.26533,8.9701,-1.49744,10.1829,2.01032,9.26642,2.02155,0.0133812,1,0.1334
10.9907,0.134137,0.0921794,1.49925,2,2.05192,10.1469,2.00453,11.5859,-1.18516,8.9701,-1.49744,10.1469,2.00453,9.13242,2.03964,0.0519156,1,0.4002
11.0901,0.145178,0.130599,1.49925,2,2.08098,10.1621,2.0078,11.7225,-1.12427,8.9701,-1.49744,10.1621,2.0078,9.08575,2.04839,0.0809793,1,0.667
11.1888,0.161318,0.195431,1.49925,2,2.10979,10.1919,2.02073,11.8453,-1.06325,8.9701,-1.49744,10.1919,2.02073,9.07026,2.05567,0.10979,1,0.667
11.2861,0.183993,0.262131,1.49925,2,2.1387,10.2162,2.03581,11.9668,-0.994059,8.9701,-1.49744,10.2162,2.03581,9.0193,2.08483,0.138695,1,0.667
11.3818,0.213108,0.328831,1.49925,2,2.16445,10.208,2.03164,12.1057,-0.908371,8.9701,-1.49744,10.208,2.03164,8.89254,2.09978,0.164448,1,0.667
11.4753,0.248533,0.395531,1.49925,2,2.18693,10.2315,2.04732,12.2216,-0.830881,8.9701,-1.49744,10.2315,2.04732,8.82294,2.12913,0.186926,1,0.667
11.5662,0.29011,0.462231,1.49925,2,2.20667,10.2541,2.06433,12.3348,-0.749161,8.9701,-1.49744,10.2541,2.06433,8.7471,2.15719,0.206666,1,0.667
11.6542,0.337656,0.528931,1.49925,2,2.22688,10.2435,2.06078,12.4601,-0.646877,8.9701,-1.49744,10.2435,2.06078,8.56391,2.17212,0.226884,1,0.667
11.7388,0.390958,0.595631,1.49925,2,2.2449,10.2622,2.08194,12.5638,-0.553887,8.9701,-1.49744,10.2622,2.08194,8.46227,2.19766,0.244899,1,0.667
11.8196,0.449779,0.662331,1.49925,2,2.26115,10.279,2.10486,12.6632,-0.456465,8.9701,-1.49744,10.279,2.10486,8.35281,2.22011,0.261153,1,0.667
11.8963,0.513858,0.729031,1.49925,2,2.27442,10.2945,2.12855,12.759,-0.355692,8.9701,-1.49744,10.2945,2.12855,8.10939,2.29827,0.274423,1,0.667
11.9687,0.582909,0.795731,1.49925,2,2.29101,10.2771,2.12798,12.8608,-0.231937,8.9701,-1.49744,10.2771,2.12798,7.7572,2.31944,0.291009,1,0.667
12.0362,0.656627,0.862431,1.49925,2,2.29042,10.2968,2.14676,12.9542,-0.129831,8.9701,-1.49744,10.2968,2.14676,7.32319,2.42686,0.290422,1,0.667
12.0987,0.734682,0.929131,1.49925,2,2.28754,10.2903,2.13562,13.0566,-0.00739691,8.9701,-1.49744,10.2903,2.13562,6.66807,2.47458,0.287539,1,0.667
12.1558,0.816728,0.995831,1.49925,2,2.28014,10.3098,2.15513,13.1428,0.101131,8.9701,-1.49744,10.3098,2.15513,5.72762,2.65309,0.28014,1,0.667
12.2074,0.9024,1.06253,1.49925,2,2.26907,10.3289,2.17524,13.2258,0.212328,8.9701,-1.49744,10.3289,2.17524,4.15981,2.92703,0.269068,1,0.667
12.2531,0.991317,1.12923,1.49925,2,2.27969,10.3261,2.20947,13.2839,0.339641,8.9701,-1.49744,10.3261,2.20947,22.3962,-5.42091,0.279687,1,0.667
12.2928,1.08308,1.19593,1.49925,2,2.25339,10.3311,2.19196,13.3773,0.470002,8.9701,-1.49744,10.3311,2.19196,22.7393,-4.82205,0.253391,1,0.667
12.3262,1.17729,1.26263,1.49925,2,2.2403,10.3419,2.21718,13.4414,0.592919,8.9701,-1.49744,10.3419,2.21718,22.9552,-4.39279,0.240299,1,0.667
12.3534,1.27352,1.32933,1.49925,2,2.22374,10.3519,2.24259,13.5014,0.717675,8.9701,-1.49744,10.3519,2.24259,23.154,-3.95587,0.223741,1,0.667
12.374,1.37134,1.39603,1.49925,2,2.213,10.3526,2.27193,13.549,0.847902,8.9701,-1.49744,10.3526,2.27193,23.3354,-3.51207,0.212998,1,0.667
12.3881,1.47033,1.46273,1.49925,2,2.18076,10.3548,2.25865,13.6175,0.993702,8.9701,-1.49744,10.3548,2.25865,10.4948,3.18659,0.180756,1,0.4002
12.3967,1.56995,1.50462,1.49925,2,2.15462,10.357,2.26402,13.6697,1.1368,8.9701,-1.49744,10.357,2.26402,10.4958,3.15327,0.154625,1,0.4002
12.4014,1.66984,1.54464,1.49925,2,2.13017,10.3589,2.2748,13.7141,1.28102,8.9701,-1.49744,10.3589,2.2748,10.4961,3.13177,0.13017,1,0.4002
12.402,1.76983,1.58466,1.49925,2,2.10574,10.3606,2.28659,13.7529,1.42785,8.9701,-1.49744,10.3606,2.28659,10.4963,3.1144,0.105739,1,0.4002
12.3986,1.86976,1.62468,1.49925,2,2.08125,10.3622,2.29938,13.786,1.57705,8.9701,-1.49744,10.3622,2.29938,10.4967,3.10077,0.0812478,1,0.1334
12.3923,1.96957,1.64015,1.49925,2,2.05772,10.366,2.32782,13.8118,1.7186,8.9701,-1.49744,10.366,2.32782,10.5014,3.10691,0.0577238,1,0.1334
12.3847,2.06928,1.65349,1.49925,2,2.03444,10.3768,2.39672,13.8304,1.83352,8.9701,-1.49744,10.3768,2.39672,10.5107,3.16268,0.0344391,1,-0.1334
12.3769,2.16897,1.64229,1.49925,2,2.011,10.3959,2.51486,13.843,1.91299,8.9701,-1.49744,10.3959,2.51486,10.5286,3.27538,0.0109982,1,-0.4002
12.3716,2.26882,1.60413,1.49925,2,1.9899,10.4125,2.61744,13.8576,2.00439,8.9701,-1.49744,10.4125,2.61744,24.186,0.166487,-0.0100975,1,-0.667
12.3714,2.3688,1.5393,1.49925,2,1.97425,10.4204,2.67099,13.8785,2.13538,8.9701,-1.49744,10.4204,2.67099,24.23,0.53202,-0.0257483,1,-0.667
12.3779,2.46858,1.4726,1.49925,2,1.96593,10.4342,2.76344,13.8939,2.2386,8.9701,-1.49744,10.4342,2.76344,24.2422,0.668718,-0.0340654,1,-0.667
12.391,2.56769,1.4059,1.49925,2,1.96492,10.4474,2.85636,13.9087,2.34229,8.9701,-1.49744,10.4474,2.85636,24.2608,0.80478,-0.0350772,1,-0.667
12.4107,2.66572,1.3392,1.49925,2,1.97119,10.46,2.94923,13.9229,2.44594,8.9701,-1.49744,10.46,2.94923,10.3604,2.23998,-0.0288069,1,-0.667
12.4369,2.76221,1.2725,1.49925,2,1.98478,10.4719,3.04156,13.9363,2.54905,8.9701,-1.49744,10.4719,3.04156,10.3736,2.32708,-0.0152187,1,-0.4002
12.4684,2.85712,1.23035,1.49925,2,2.00431,10.4812,3.11895,13.9505,2.66182,8.9701,-1.49744,10.4812,3.11895,10.3824,2.39492,0.00431275,1,-0.1334
12.5026,2.95107,1.21461,1.49925,2,2.02741,10.4879,3.17736,13.9653,2.7868,8.9701,-1.49744,10.4879,3.17736,10.3907,2.44047,0.0274079,1,0.1334
12.537,3.04496,1.22608,1.49925,2,2.05343,10.4907,3.21504,13.9779,2.92521,8.9701,-1.49744,10.4907,3.21504,10.3884,2.45923,0.0534325,1,0.4002
12.5691,3.13967,1.26423,1.49925,2,2.08061,10.4906,3.23279,13.9863,3.07619,8.9701,-1.49744,10.4906,3.23279,10.383,2.45311,0.0806096,1,0.667
12.5962,3.2359,1.32933,1.49925,2,2.11546,10.4812,3.1929,13.9797,3.26404,8.9701,-1.49744,10.4812,3.1929,10.3637,2.37153,0.115455,1,0.667
12.6169,3.33373,1.39603,1.49925,2,2.13501,10.4848,3.22249,13.9793,3.40481,8.9701,-1.49744,10.4848,3.22249,10.3641,2.37808,0.135008,1,0.667
12.631,3.43271,1.46273,1.49925,2,2.15621,10.4824,3.25198,13.9693,3.54529,8.9701,-1.49744,10.4824,3.25198,10.3522,2.37937,0.156207,1,0.667
12.6384,3.53241,1.52943,1.49925,2,2.18396,10.4738,3.24245,13.9421,3.70705,8.9701,-1.49744,10.4738,3.24245,10.3225,2.32014,0.183962,1,0.667
12.6392,3.63239,1.59613,1.49925,2,2.18887,10.4801,3.27296,13.9318,3.84757,8.9701,-1.49744,10.4801,3.27296,10.3097,2.31701,0.188869,1,0.667
12.6334,3.7322,1.66283,1.49925,2,2.20018,10.4757,3.3021,13.9074,3.98615,8.9701,-1.49744,10.4757,3.3021,24.4019,6.07802,0.200178,1,0.667
12.6209,3.8314,1.72953,1.49925,2,2.21611,10.4624,3.32932,13.8707,4.12211,8.9701,-1.49744,10.4624,3.32932,24.3088,6.55013,0.216107,1,0.667
12.6018,3.92954,1.79623,1.49925,2,2.22948,10.4578,3.31815,13.8229,4.27776,8.9701,-1.49744,10.4578,3.31815,24.1418,7.22034,0.229475,1,0.667
12.5762,4.02619,1.86293,1.49925,2,2.24739,10.4357,3.34149,13.7685,4.40759,8.9701,-1.49744,10.4357,3.34149,4.49574,4.48674,0.247393,1,0.667
12.5442,4.12093,1.92963,1.49925,2,2.23147,10.4549,3.33728,13.7313,4.56615,8.9701,-1.49744,10.4549,3.33728,6.50344,4.16736,0.231465,1,0.667
12.506,4.21332,1.99633,1.49925,2,2.22724,10.4466,3.36526,13.6822,4.69766,8.9701,-1.49744,10.4466,3.36526,6.95554,4.07949,0.227237,1,0.667
12.4617,4.30295,2.06303,1.49925,2,2.2195,10.4373,3.39303,13.629,4.82761,8.9701,-1.49744,10.4373,3.39303,7.55484,4.02837,0.219501,1,0.667
12.4116,4.38944,2.12973,1.49925,2,2.21774,10.4187,3.4164,13.5631,4.95171,8.9701,-1.49744,10.4187,3.4164,7.8081,3.98471,0.217736,1,0.667
12.3558,4.47239,2.19643,1.49925,2,2.21587,10.4148,3.40333,13.4799,5.09157,8.9701,-1.49744,10.4148,3.40333,8.18116,3.89712,0.215867,1,0.667
12.2945,4.55144,2.26313,1.49925,2,2.20846,10.4149,3.39201,13.3931,5.22909,8.9701,-1.49744,10.4149,3.39201,8.57909,3.85157,0.208464,1,0.667
12.2282,4.62623,2.32983,1.49925,2,2.18969,10.402,3.418,13.3203,5.34882,8.9701,-1.49744,10.402,3.418,8.69291,3.84317,0.18969,1,0.667
12.157,4.69643,2.39653,1.49925,2,2.16795,10.3879,3.44333,13.2434,5.46594,8.9701,-1.49744,10.3879,3.44333,8.79782,3.8395,0.167949,1,0.667
12.0813,4.76173,2.46323,1.49925,2,2.16523,10.3551,3.45467,13.1448,5.56703,8.9701,-1.49744,10.3551,3.45467,8.89419,3.83986,0.165228,1,0.667
12.0014,4.82184,2.52993,1.49925,2,2.12001,10.3763,3.46042,13.0587,5.70755,8.9701,-1.49744,10.3763,3.46042,9.04694,3.80718,0.120013,1,0.4002
11.9183,4.87746,2.57182,1.49925,2,2.09493,10.3701,3.46608,12.9561,5.82357,8.9701,-1.49744,10.3701,3.46608,9.14592,3.79354,0.0949316,1,0.4002
11.833,4.92971,2.61184,1.49925,2,2.07227,10.3587,3.47344,12.8483,5.9325,8.9701,-1.49744,10.3587,3.47344,9.21489,3.7833,0.0722694,1,0.1334
11.7463,4.97951,2.62705,1.49925,2,2.0654,10.3251,3.48086,12.733,6.0199,8.9701,-1.49744,10.3251,3.48086,9.24653,3.78618,0.0654013,1,0.1334
11.6589,5.02814,2.64039,1.49925,2,2.03185,10.3335,3.48812,12.6162,6.14034,8.9701,-1.49744,10.3335,3.48812,9.31198,3.76534,0.0318456,1,-0.1334
11.5715,5.07666,2.62838,1.49925,2,2.01603,10.3469,3.4752,12.4725,6.25487,8.9701,-1.49744,10.3469,3.4752,9.39391,3.73726,0.0160313,1,-0.1334
11.4847,5.12633,2.61504,1.49925,2,2.00761,10.3283,3.4852,12.3439,6.34568,8.9701,-1.49744,10.3283,3.4852,9.3984,3.72806,0.00761461,1,-0.4002
11.3992,5.1782,2.57635,1.49925,2,2.00367,10.3557,3.4677,12.1781,6.45494,8.9701,-1.49744,10.3557,3.4677,9.48402,3.70255,0.00367403,1,-0.4002
11.3159,5.23343,2.53633,1.49925,2,2.01061,10.351,3.46948,12.0303,6.53945,8.9701,-1.49744,10.351,3.46948,9.4976,3.69028,0.0106118,1,-0.4002
11.2348,5.29196,2.49631,1.49925,2,2.0272,10.347,3.46949,11.8794,6.61535,8.9701,-1.49744,10.347,3.46949,9.512,3.68385,0.0271952,1,-0.1334
11.1554,5.35276,2.48137,1.49925,2,2.05758,10.3241,3.47055,11.7378,6.67154,8.9701,-1.49744,10.3241,3.47055,9.49056,3.6779,0.0575843,1,0.1334
11.0761,5.41366,2.49338,1.49925,2,2.07871,10.3603,3.46205,11.5652,6.74734,8.9701,-1.49744,10.3603,3.46205,9.55505,3.67253,0.0787117,1,0.4002
10.9953,5.47255,2.5318,1.49925,2,2.1101,10.3454,3.46503,11.4231,6.79417,8.9701,-1.49744,10.3454,3.46503,9.54432,3.67686,0.110098,1,0.667
10.9115,5.5272,2.59663,1.49925,2,2.13996,10.3136,3.47246,11.2913,6.83235,8.9701,-1.49744,10.3136,3.47246,9.51646,3.69086,0.139962,1,0.667
10.8244,5.57615,2.66333,1.49925,2,2.16576,10.2491,3.48817,11.1785,6.86174,8.9701,-1.49744,10.2491,3.48817,9.44541,3.70595,0.165757,1,0.667
10.7341,5.61918,2.73003,1.49925,2,2.18457,10.1473,3.51488,11.0872,6.88554,8.9701,-1.49744,10.1473,3.51488,9.33796,3.73794,0.184572,1,0.667
10.6412,5.65609,2.79673,1.49925,2,2.1961,10.0079,3.55327,11.017,6.90389,8.9701,-1.49744,10.0079,3.55327,9.19944,3.79465,0.196104,1,0.667
10.546,5.68674,2.86343,1.49925,2,2.2002,9.94188,3.57112,10.9027,6.93586,8.9701,-1.49744,9.94188,3.57112,9.13761,3.81346,0.200196,1,0.667
10.449,5.71097,2.93013,1.49925,2,2.19698,9.80244,3.61129,10.8323,6.95556,8.9701,-1.49744,9.80244,3.61129,8.99357,3.85582,0.196982,1,0.667
10.3506,5.72869,2.99683,1.49925,2,2.1866,9.70059,3.64094,10.7409,6.98199,8.9701,-1.49744,9.70059,3.64094,8.8961,3.88656,0.1866,1,0.667
10.2513,5.7398,3.06353,1.49925,2,2.16906,9.6,3.67082,10.6507,7.00862,8.9701,-1.49744,9.6,3.67082,8.80574,3.92075,0.16906,1,0.667
10.1514,5.74427,3.13023,1.49925,2,2.14442,9.46559,3.71246,10.5847,7.02795,8.9701,-1.49744,9.46559,3.71246,10.205,3.4676,0.144424,1,0.667
10.0514,5.74207,-3.08625,1.49925,2,2.11291,9.40449,3.73064,10.4759,7.06183,8.9701,-1.49744,9.40449,3.73064,8.63745,3.98529,0.11291,1,0.4002
9.95173,5.73437,-3.04437,1.49925,2,2.07327,9.22805,3.7915,10.4495,7.07065,8.9701,-1.49744,9.22805,3.7915,9.93532,3.54543,0.0732737,1,0.1334
9.85229,5.72381,-3.02916,1.49925,2,2.03146,9.20574,3.79799,10.3194,7.11528,8.9701,-1.49744,9.20574,3.79799,8.46859,4.04872,0.0314622,1,-0.1334
9.75287,5.71308,-3.04063,1.49925,2,1.99057,9.09773,3.83341,10.2494,7.13771,8.9701,-1.49744,9.09773,3.83341,9.78187,3.59511,-0.00943089,1,-0.4002
9.65322,5.70486,-3.07932,1.49925,2,1.952,9.03603,3.853,10.1424,7.17274,8.9701,-1.49744,9.03603,3.853,9.71015,3.62474,-0.0479963,1,-0.667
9.55328,5.70179,3.13904,1.49925,2,1.91841,8.95579,3.8788,10.0456,7.204,8.9701,-1.49744,8.95579,3.8788,8.25578,4.10788,-0.081588,1,-0.667
9.45336,5.70538,3.07234,1.49925,2,1.89184,8.86975,3.90581,9.94924,7.23439,8.9701,-1.49744,8.86975,3.90581,9.52478,3.69221,-0.10816,1,-0.667
9.35391,5.71562,3.00564,1.49925,2,1.87241,8.78184,3.93275,9.85095,7.26468,8.9701,-1.49744,8.78184,3.93275,9.43088,3.72106,-0.127594,1,-0.667
9.25536,5.73247,2.93894,1.49925,2,1.86028,8.69251,3.95938,9.75125,7.29462,8.9701,-1.49744,8.69251,3.95938,9.3376,3.76069,-0.139719,1,-0.667
9.15815,5.75585,2.87224,1.49925,2,1.85555,8.63322,3.9761,9.62315,7.33241,8.9701,-1.49744,8.63322,3.9761,9.28094,3.78584,-0.144454,1,-0.667
9.06271,5.78565,2.80554,1.49925,2,1.85818,8.54259,4.00175,9.52206,7.36112,8.9701,-1.49744,8.54259,4.00175,7.86054,4.20499,-0.141816,1,-0.667
8.96947,5.82175,2.73884,1.49925,2,1.86797,8.4522,4.02683,9.42121,7.38923,8.9701,-1.49744,8.4522,4.02683,9.10533,3.84092,-0.132025,1,-0.667
8.87885,5.86399,2.67214,1.49925,2,1.8851,8.39419,4.04225,9.29385,7.42387,8.9701,-1.49744,8.39419,4.04225,7.69856,4.23337,-0.114896,1,-0.667
8.79124,5.91216,2.60544,1.49925,2,1.91014,8.27373,4.07347,9.22178,7.44184,8.9701,-1.49744,8.27373,4.07347,8.94268,3.88886,-0.0898602,1,-0.667
8.70704,5.96608,2.53874,1.49925,2,1.94124,8.21964,4.08702,9.09823,7.47418,8.9701,-1.49744,8.21964,4.08702,7.49969,4.27602,-0.0587637,1,-0.4002
8.62593,6.02456,2.49685,1.49925,2,1.97822,8.11589,4.11322,9.0181,7.49416,8.9701,-1.49744,8.11589,4.11322,8.8112,3.93163,-0.0217801,1,-0.1334
8.54653,6.08535,2.48137,1.49925,2,2.01816,8.03005,4.13439,8.92557,7.51712,8.9701,-1.49744,8.03005,4.13439,8.73971,3.95114,0.018162,1,0.1334
8.46728,6.14633,2.49231,1.49925,2,2.05864,7.96224,4.15061,8.8207,7.54292,8.9701,-1.49744,7.96224,4.15061,7.20324,4.35451,0.0586355,1,0.4002
8.38655,6.20533,2.53046,1.49925,2,2.09671,7.84334,4.18021,8.74991,7.55998,8.9701,-1.49744,7.84334,4.18021,8.58012,3.98602,0.0967109,1,0.667
8.30288,6.26007,2.59556,1.49925,2,2.12985,7.7414,4.20556,8.66389,7.58102,8.9701,-1.49744,7.7414,4.20556,8.48852,4.00912,0.129853,1,0.667
8.21575,6.30911,2.66226,1.49925,2,2.15598,7.64091,4.23117,8.57391,7.60375,8.9701,-1.49744,7.64091,4.23117,8.39723,4.02176,0.155982,1,0.667
8.12555,6.35223,2.72896,1.49925,2,2.17492,7.53914,4.25786,8.48263,7.62752,8.9701,-1.49744,7.53914,4.25786,6.74048,4.49009,0.174917,1,0.667
8.03267,6.38925,2.79566,1.49925,2,2.18658,7.43656,4.2855,8.39054,7.6522,8.9701,-1.49744,7.43656,4.2855,6.6342,4.52126,0.18658,1,0.667
7.93754,6.42,2.86236,1.49925,2,2.18848,7.33436,4.31629,8.29881,7.68,8.9701,-1.49744,7.33436,4.31629,6.53192,4.55459,0.188476,1,0.667
7.84056,6.44433,2.92906,1.49925,2,2.1854,7.19516,4.35641,8.22858,7.69958,8.9701,-1.49744,7.19516,4.35641,7.95523,4.11872,0.185396,1,0.667
7.74218,6.46215,2.99576,1.49925,2,2.17513,7.09334,4.38605,8.13717,7.72599,8.9701,-1.49744,7.09334,4.38605,7.84909,4.14744,0.175129,1,0.667
7.64283,6.47337,3.06246,1.49925,2,2.15767,6.99279,4.41595,8.04701,7.75262,8.9701,-1.49744,6.99279,4.41595,7.74164,4.17913,0.157672,1,0.667
7.54296,6.47795,3.12916,1.49925,2,2.13314,6.89397,4.44592,7.95858,7.7793,8.9701,-1.49744,6.89397,4.44592,6.11768,4.69969,0.133144,1,0.667
7.443,6.47586,-3.08732,1.49925,2,2.10173,6.79734,4.47576,7.87232,7.8058,8.9701,-1.49744,6.79734,4.47576,6.03244,4.72716,0.101727,1,0.4002
7.34329,6.46828,-3.0457,1.49925,2,2.06427,6.68809,4.51076,7.79876,7.82907,8.9701,-1.49744,6.68809,4.51076,7.40072,4.26635,0.064266,1,0.1334
7.24383,6.45789,-3.03076,1.49925,2,2.02384,6.59664,4.54032,7.71565,7.85583,8.9701,-1.49744,6.59664,4.54032,5.86235,4.79092,0.0238402,1,-0.1334
7.14439,6.44734,-3.0425,1.49925,2,1.9832,6.48818,4.57585,7.64603,7.87799,8.9701,-1.49744,6.48818,4.57585,7.16929,4.34217,-0.0167956,1,-0.4002
7.04473,6.43926,-3.08065,1.49925,2,1.94479,6.42736,4.59506,7.53818,7.91332,8.9701,-1.49744,6.42736,4.59506,7.09857,4.37136,-0.0552124,1,-0.667
6.94479,6.43635,3.13743,1.49925,2,1.91082,6.31517,4.63224,7.46817,7.93607,8.9701,-1.49744,6.31517,4.63224,6.97159,4.4202,-0.0891817,1,-0.667
6.84488,6.4401,3.07073,1.49925,2,1.88399,6.26081,4.64893,7.34563,7.97578,8.9701,-1.49744,6.26081,4.64893,6.91266,4.43889,-0.116012,1,-0.667
6.74544,6.4505,3.00403,1.49925,2,1.8647,6.20394,4.66615,7.2201,8.01461,8.9701,-1.49744,6.20394,4.66615,5.52027,4.87567,-0.1353,1,-0.667
6.64691,6.4675,2.93733,1.49925,2,1.85276,6.08351,4.70248,7.14759,8.03602,8.9701,-1.49744,6.08351,4.70248,6.72553,4.5072,-0.147241,1,-0.667
6.54974,6.49103,2.87063,1.49925,2,1.84818,6.02406,4.71919,7.01936,8.0739,8.9701,-1.49744,6.02406,4.71919,6.66889,4.52886,-0.151816,1,-0.667
6.45435,6.52099,2.80393,1.49925,2,1.85098,5.9334,4.74483,6.91825,8.10263,8.9701,-1.49744,5.9334,4.74483,5.25532,4.94969,-0.149016,1,-0.667
6.36117,6.55724,2.73723,1.49925,2,1.86099,5.84297,4.76986,6.81736,8.13071,8.9701,-1.49744,5.84297,4.76986,6.49335,4.58384,-0.139011,1,-0.667
6.27062,6.59962,2.67053,1.49925,2,1.87811,5.75326,4.79417,6.71718,8.15803,8.9701,-1.49744,5.75326,4.79417,6.41009,4.61018,-0.121886,1,-0.667
6.18309,6.64794,2.60383,1.49925,2,1.90234,5.66475,4.81758,6.6182,8.18443,8.9701,-1.49744,5.66475,4.81758,6.33067,4.63274,-0.0976614,1,-0.667
6.09897,6.70198,2.53713,1.49925,2,1.93356,5.6105,4.83114,6.49451,8.21689,8.9701,-1.49744,5.6105,4.83114,4.89392,5.02084,-0.0664405,1,-0.4002
6.018,6.76065,2.49445,1.49925,2,1.97065,5.43924,4.87691,6.46693,8.22184,6.46693,8.22184,5.43924,4.87691,6.12339,4.69518,-0.0293505,2,-0.1334
5.9387,6.82158,2.47977,1.49925,2,2.00928,5.42139,4.88004,6.32232,8.26132,6.46693,8.22184,5.42139,4.88004,6.12777,4.69486,0.0092752,1,0.1334
5.85952,6.88265,2.49124,1.49925,2,2.04984,5.35451,4.89599,6.2166,8.28738,6.46693,8.22184,5.35451,4.89599,4.59699,5.09703,0.04984,1,0.4002
5.77886,6.94175,2.52913,1.49925,2,2.08807,5.2352,4.9257,6.14628,8.30426,6.46693,8.22184,5.2352,4.9257,5.96884,4.72957,0.0880685,1,0.667
5.69529,6.99664,2.5937,1.49925,2,2.12139,5.13222,4.95135,6.06101,8.32508,6.46693,8.22184,5.13222,4.95135,5.87612,4.75298,0.121386,1,0.667
5.60826,7.04585,2.6604,1.49925,2,2.14772,5.03175,4.97694,5.97104,8.34777,6.46693,8.22184,5.03175,4.97694,5.78488,4.76568,0.147724,1,0.667
5.51814,7.08914,2.7271,1.49925,2,2.16688,4.92999,5.0036,5.87977,8.37149,6.46693,8.22184,4.92999,5.0036,5.68944,4.78451,0.166883,1,0.667
5.42533,7.12633,2.7938,1.49925,2,2.17869,4.82745,5.03128,5.78772,8.39619,6.46693,8.22184,4.82745,5.03128,5.59027,4.80978,0.178691,1,0.667
5.33025,7.15725,2.8605,1.49925,2,2.18311,4.72463,5.05983,5.69536,8.42174,6.46693,8.22184,4.72463,5.05983,3.92149,5.29493,0.183112,1,0.667
5.23332,7.18177,2.9272,1.49925,2,2.18026,4.58554,5.09997,5.62521,8.44121,6.46693,8.22184,4.58554,5.09997,5.34319,4.8656,0.180255,1,0.667
5.13497,7.19977,2.9939,1.49925,2,2.17019,4.51997,5.11855,5.51161,8.47435,6.46693,8.22184,4.51997,5.11855,3.72508,5.35987,0.170194,1,0.667
5.03565,7.21118,3.0606,1.49925,2,2.1529,4.38321,5.15952,5.44366,8.49422,6.46693,8.22184,4.38321,5.15952,5.12979,4.92594,0.152899,1,0.667
4.93578,7.21594,3.1273,1.49925,2,2.13098,4.39073,5.15584,5.28574,8.5387,6.46693,8.22184,4.39073,5.15584,3.62519,5.40005,0.130984,1,0.667
4.83581,7.21404,-3.08919,1.49925,2,2.1005,4.18681,5.21632,5.268,8.54435,6.46693,8.22184,4.18681,5.21632,4.91385,4.98205,0.100496,1,0.667
4.7362,7.20548,-3.02249,1.49925,2,2.06256,4.09281,5.24584,5.18436,8.57048,6.46693,8.22184,4.09281,5.24584,3.34606,5.49954,0.0625556,1,0.4002
4.6372,7.19141,-2.98033,1.49925,2,2.01851,3.98801,5.28014,5.11343,8.59348,6.46693,8.22184,3.98801,5.28014,4.68356,5.04827,0.018507,1,0.1334
4.53867,7.17435,-2.96326,1.49925,2,1.9715,3.90389,5.30784,5.03057,8.62075,6.46693,8.22184,3.90389,5.30784,4.58322,5.07825,-0.0285025,1,-0.1334
4.44019,7.157,-2.97366,1.49925,2,1.9241,3.83353,5.33103,4.93682,8.6518,6.46693,8.22184,3.83353,5.33103,3.13665,5.56884,-0.0758965,1,-0.4002
4.3413,7.14213,-3.01235,1.49925,2,1.87885,3.74218,5.36137,4.85802,8.67794,6.46693,8.22184,3.74218,5.36137,4.39045,5.13828,-0.121153,1,-0.667
4.2418,7.1324,-3.07745,1.49925,2,1.8384,3.66379,5.38723,4.76398,8.70903,6.46693,8.22184,3.66379,5.38723,4.29904,5.17466,-0.161601,1,-0.667
4.14186,7.12933,3.13904,1.49925,2,1.80479,3.57976,5.4143,4.6696,8.73951,6.46693,8.22184,3.57976,5.4143,2.92246,5.63135,-0.195213,1,-0.667
4.04195,7.13291,3.07234,1.49925,2,1.7782,3.49339,5.44144,4.57287,8.77002,6.46693,8.22184,3.49339,5.44144,4.10895,5.244,-0.221799,1,-0.667
3.94249,7.14316,3.00564,1.49925,2,1.75793,3.40539,5.46928,4.47451,8.80121,6.46693,8.22184,3.40539,5.46928,4.01466,5.27297,-0.242067,1,-0.667
3.84394,7.16,2.93894,1.49925,2,1.74582,3.31572,5.49601,4.37446,8.83125,4.37446,8.83125,3.31572,5.49601,3.92102,5.31195,-0.254182,2,-0.667
3.74673,7.18338,2.87224,1.49925,2,1.74109,3.25418,5.51341,4.24411,8.86972,4.37446,8.83125,3.25418,5.51341,3.862,5.33404,-0.258907,1,-0.667
3.65129,7.21318,2.80554,1.49925,2,1.74374,3.1632,5.53915,4.14268,8.89852,4.37446,8.83125,3.1632,5.53915,2.5238,5.73072,-0.256258,1,-0.667
3.55806,7.24928,2.73884,1.49925,2,1.75355,3.07246,5.56431,4.04147,8.92672,4.37446,8.83125,3.07246,5.56431,3.68565,5.38895,-0.246452,1,-0.667
3.46743,7.29152,2.67214,1.49925,2,1.77053,2.98244,5.58871,3.94098,8.95412,4.37446,8.83125,2.98244,5.58871,3.60199,5.41522,-0.229473,1,-0.667
3.37982,7.3397,2.60544,1.49925,2,1.79459,2.89361,5.61223,3.84167,8.9806,4.37446,8.83125,2.89361,5.61223,3.52224,5.43683,-0.205408,1,-0.667
3.29562,7.39361,2.53874,1.49925,2,1.82568,2.83724,5.62641,3.71582,9.01357,4.37446,8.83125,2.83724,5.62641,2.16061,5.8048,-0.174323,1,-0.4002
3.2145,7.45207,2.49711,1.49925,2,1.86266,2.73473,5.65226,3.63604,9.03344,4.37446,8.83125,2.73473,5.65226,3.38958,5.48017,-0.13734,1,-0.1334
3.13505,7.5128,2.48217,1.49925,2,1.90255,2.64963,5.67322,3.54244,9.05666,4.37446,8.83125,2.64963,5.67322,3.31893,5.49931,-0.0974542,1,0.1334
3.05569,7.57364,2.49418,1.49925,2,1.94276,2.51713,5.70703,3.48718,9.06913,4.37446,8.83125,2.51713,5.70703,3.19531,5.52869,-0.057243,1,0.4002
2.97483,7.63247,2.5326,1.49925,2,1.97993,2.46596,5.71905,3.36532,9.10075,4.37446,8.83125,2.46596,5.71905,3.16242,5.53348,-0.020068,1,0.667
2.89106,7.68705,2.59743,1.49925,2,2.01287,2.36405,5.74439,3.28023,9.12157,4.37446,8.83125,2.36405,5.74439,3.07078,5.55659,0.0128717,1,0.667
2.80384,7.73593,2.66413,1.49925,2,2.03882,2.26391,5.7699,3.19061,9.14421,4.37446,8.83125,2.26391,5.7699,2.97979,5.56968,0.038821,1,0.667
2.71356,7.77888,2.73083,1.49925,2,2.05755,2.16249,5.7965,3.09969,9.16791,4.37446,8.83125,2.16249,5.7965,1.40557,6.0135,0.0575497,1,0.667
2.62062,7.81573,2.79753,1.49925,2,2.06901,2.0256,5.83412,3.03193,9.18555,4.37446,8.83125,2.0256,5.83412,2.7466,5.62181,0.0690081,1,0.667
2.52542,7.8463,2.86423,1.49925,2,2.07304,1.95778,5.85248,2.91595,9.218,4.37446,8.83125,1.95778,5.85248,1.19769,6.07739,0.0730417,1,0.667
2.4284,7.87045,2.93093,1.49925,2,2.06975,1.82084,5.89188,2.84802,9.23698,4.37446,8.83125,1.82084,5.89188,2.54112,5.66801,0.0697496,1,0.667
2.32999,7.88809,2.99763,1.49925,2,2.05928,1.71938,5.92141,2.75696,9.26329,4.37446,8.83125,1.71938,5.92141,2.4353,5.69674,0.0592828,1,0.667
2.23062,7.89912,3.06433,1.49925,2,2.04168,1.61916,5.95115,2.66714,9.28979,4.37446,8.83125,1.61916,5.95115,2.32813,5.72921,0.0416825,1,0.4002
2.13078,7.90471,3.10569,1.49925,2,2.0179,1.50529,5.9862,2.58996,9.3131,4.37446,8.83125,1.50529,5.9862,2.20357,5.75848,0.017904,1,0.1334
2.03082,7.90748,3.12063,1.49925,2,1.99118,1.44197,6.00537,2.47681,9.3481,4.37446,8.83125,1.44197,6.00537,0.715627,6.23626,-0.00882053,1,-0.1334
1.93086,7.91009,3.10889,1.49925,2,1.96469,1.32784,6.04023,2.40185,9.37058,4.37446,8.83125,1.32784,6.04023,2.00852,5.81802,-0.0353115,1,-0.4002
1.83099,7.91523,3.0702,1.49925,2,1.94012,1.22855,6.07102,2.31514,9.39729,4.37446,8.83125,1.22855,6.07102,1.8996,5.85727,-0.0598828,1,-0.667
1.73154,7.9255,3.00537,1.49925,2,1.92069,1.14423,6.09681,2.21424,9.42845,4.37446,8.83125,1.14423,6.09681,1.80978,5.88397,-0.0793077,1,-0.667
1.633,7.94238,2.93867,1.49925,2,1.90856,1.05505,6.12342,2.11468,9.45838,4.37446,8.83125,1.05505,6.12342,1.71665,5.92385,-0.0914373,1,-0.667
1.53579,7.96578,2.87197,1.49925,2,1.90383,0.996716,6.13986,1.98754,9.49591,4.37446,8.83125,0.996716,6.13986,1.66119,5.94537,-0.0961692,1,-0.667
1.44036,7.99561,2.80527,1.49925,2,1.90648,0.906234,6.16549,1.8866,9.5246,4.37446,8.83125,0.906234,6.16549,0.210486,6.37942,-0.0935234,1,-0.667
1.34714,8.03174,2.73857,1.49925,2,1.91627,0.815992,6.19055,1.7859,9.55269,4.37446,8.83125,0.815992,6.19055,1.48596,5.99968,-0.0837287,1,-0.667
1.25652,8.07399,2.67187,1.49925,2,1.93323,0.726464,6.21485,1.6859,9.58,4.37446,8.83125,0.726464,6.21485,1.40284,6.02616,-0.0667666,1,-0.667
1.16893,8.1222,2.60517,1.49925,2,1.95581,0.540741,6.27002,1.66467,9.58386,1.66467,9.58386,0.540741,6.27002,1.21406,6.07858,-0.04419,2,-0.4002
1.0841,8.17514,2.56355,1.49925,2,1.98244,0.567012,6.26133,1.47974,9.63945,1.66467,9.58386,0.567012,6.26133,1.26393,6.06908,-0.0175632,1,-0.1334
1.0008,8.23047,2.54861,1.49925,2,2.01568,0.479932,6.28325,1.38417,9.66365,1.66467,9.58386,0.479932,6.28325,1.18913,6.08831,0.0156798,1,0.1334
0.917591,8.28592,2.56035,1.49925,2,2.04908,0.411361,6.30036,1.27586,9.69114,1.66467,9.58386,0.411361,6.30036,-0.346766,6.50041,0.0490849,1,0.4002
0.833033,8.3393,2.5985,1.49925,2,2.08023,0.290523,6.33106,1.20311,9.70921,1.66467,9.58386,0.290523,6.33106,1.02164,6.13152,0.0802271,1,0.667
0.745862,8.38826,2.66306,1.49925,2,2.10621,0.185915,6.35785,1.11621,9.73117,1.66467,9.58386,0.185915,6.35785,0.925521,6.1466,0.106208,1,0.667
0.655626,8.43132,2.72976,1.49925,2,2.12504,0.0842969,6.38452,1.02509,9.75493,1.66467,9.58386,0.0842969,6.38452,-0.696434,6.61051,0.125038,1,0.667
0.56272,8.46826,2.79646,1.49925,2,2.13661,-0.0539195,6.42257,0.955987,9.77292,1.66467,9.58386,-0.0539195,6.42257,0.690606,6.19892,0.136609,1,0.667
0.467559,8.49893,2.86316,1.49925,2,2.14072,-0.120813,6.44065,0.840948,9.80514,1.66467,9.58386,-0.120813,6.44065,-0.904692,6.67477,0.140718,1,0.667
0.370565,8.52319,2.92986,1.49925,2,2.13753,-0.259071,6.4805,0.771677,9.82449,1.66467,9.58386,-0.259071,6.4805,0.484731,6.24488,0.137529,1,0.667
0.27217,8.54093,2.99656,1.49925,2,2.12717,-0.360738,6.5101,0.680415,9.85087,1.66467,9.58386,-0.360738,6.5101,0.378461,6.27892,0.127165,1,0.667
0.172811,8.55207,3.06326,1.49925,2,2.10895,-0.495952,6.55196,0.613684,9.87061,1.66467,9.58386,-0.495952,6.55196,0.231689,6.32139,0.108953,1,0.667
0.0729308,8.55657,3.12996,1.49925,2,2.08387,-0.55947,6.57098,0.502464,9.9052,1.66467,9.58386,-0.55947,6.57098,-1.31816,6.81812,0.0838668,1,0.4002
-0.0270501,8.5551,-3.106,1.49925,2,2.05277,-0.660052,6.60237,0.418993,9.93109,1.66467,9.58386,-0.660052,6.60237,0.0507496,6.37018,0.0527723,1,0.1334
-0.126951,8.55067,-3.09052,1.49925,2,2.01843,-0.753162,6.63184,0.332468,9.95843,1.66467,9.58386,-0.753162,6.63184,-0.0546555,6.4007,0.0184307,1,-0.1334
-0.226845,8.54608,-3.10226,1.49925,2,1.98376,-0.864396,6.66756,0.26021,9.98117,1.66467,9.58386,-0.864396,6.66756,-0.180805,6.44169,-0.0162365,1,-0.4002
-0.326817,8.54402,-3.14095,1.49925,2,1.95156,-0.92869,6.68759,0.150502,10.0163,1.66467,9.58386,-0.92869,6.68759,-1.63791,6.92283,-0.048442,1,-0.667
-0.42675,8.54713,3.07714,1.49925,2,1.92437,-1.0116,6.71379,0.0518862,10.0475,1.66467,9.58386,-1.0116,6.71379,-1.71179,6.94275,-0.0756305,1,-0.667
-0.526254,8.5569,3.01044,1.49925,2,1.90444,-1.0994,6.74075,-0.0462914,10.0778,1.66467,9.58386,-1.0994,6.74075,-0.438143,6.52682,-0.095565,1,-0.667
-0.624885,8.57327,2.94374,1.49925,2,1.89178,-1.1886,6.76743,-0.14589,10.1077,1.66467,9.58386,-1.1886,6.76743,-0.531605,6.56819,-0.108216,1,-0.667
-0.722206,8.59618,2.87704,1.49925,2,1.88655,-1.24721,6.78415,-0.273412,10.1452,1.66467,9.58386,-1.24721,6.78415,-1.94011,6.98921,-0.113451,1,-0.667
-0.817784,8.62553,2.81034,1.49925,2,1.88856,-1.3693,6.81929,-0.347411,10.166,1.66467,9.58386,-1.3693,6.81929,-0.712426,6.62874,-0.11144,1,-0.667
-0.911193,8.66118,2.74364,1.49925,2,1.89573,-1.4274,6.83708,-0.474552,10.2041,1.66467,9.58386,-1.4274,6.83708,-0.763205,6.64535,-0.104269,1,-0.667
-1.00202,8.70298,2.67694,1.49925,2,1.91221,-1.51698,6.86142,-0.574619,10.2314,1.66467,9.58386,-1.51698,6.86142,-0.846555,6.67193,-0.0877949,1,-0.667
-1.08986,8.75074,2.61024,1.49925,2,1.93572,-1.60535,6.88491,-0.67348,10.2578,1.66467,9.58386,-1.60535,6.88491,-0.92595,6.69357,-0.0642767,1,-0.4002
-1.17495,8.80325,2.56862,1.49925,2,1.96529,-1.67794,6.90341,-0.78235,10.2861,1.66467,9.58386,-1.67794,6.90341,-0.98599,6.71512,-0.0347075,1,-0.1334
-1.25853,8.85815,2.55368,1.49925,2,1.99799,-1.76504,6.92543,-0.877945,10.3104,1.66467,9.58386,-1.76504,6.92543,-1.06097,6.73444,-0.00201368,1,0.1334
-1.34197,8.91327,2.56435,1.49925,2,2.03106,-1.87017,6.95209,-0.960146,10.3309,1.66467,9.58386,-1.87017,6.95209,-1.1563,6.75906,0.0310624,1,0.4002
-1.42673,8.96632,2.60223,1.49925,2,2.06182,-1.957,6.97386,-1.05704,10.3554,1.66467,9.58386,-1.957,6.97386,-1.2316,6.77868,0.0618153,1,0.667
-1.51404,9.01503,2.666,1.49925,2,2.08745,-2.0631,7.00108,-1.1427,10.3771,1.66467,9.58386,-2.0631,7.00108,-1.3295,6.79433,0.0874512,1,0.667
-1.60441,9.05781,2.7327,1.49925,2,2.10595,-2.16465,7.02775,-1.23375,10.4009,1.66467,9.58386,-2.16465,7.02775,-2.93897,7.24952,0.105952,1,0.667
-1.69742,9.09449,2.7994,1.49925,2,2.11718,-2.3025,7.06561,-1.30243,10.4189,1.66467,9.58386,-2.3025,7.06561,-1.56426,6.84884,0.117177,1,0.667
-1.79267,9.12488,2.8661,1.49925,2,2.12104,-2.36965,7.08382,-1.41776,10.4511,1.66467,9.58386,-2.36965,7.08382,-3.14691,7.31362,0.121038,1,0.667
-1.88974,9.14885,2.9328,1.49925,2,2.11874,-2.50789,7.12229,-1.48696,10.4693,1.66467,9.58386,-2.50789,7.12229,-1.77016,6.89487,0.118743,1,0.667
-1.98818,9.1663,2.9995,1.49925,2,2.10805,-2.60949,7.15189,-1.57815,10.4957,1.66467,9.58386,-2.60949,7.15189,-1.8762,6.92363,0.108051,1,0.667
-2.08757,9.17715,3.0662,1.49925,2,2.09031,-2.70987,7.18163,-1.66812,10.5222,1.66467,9.58386,-2.70987,7.18163,-1.98357,6.95537,0.0903053,1,0.667
-2.18747,9.18135,3.1329,1.49925,2,2.06527,-2.84273,7.22279,-1.7325,10.5412,1.66467,9.58386,-2.84273,7.22279,-2.12996,6.98781,0.065275,1,0.4002
-2.28745,9.18009,-3.10893,1.49925,2,2.03434,-2.92045,7.24674,-1.83164,10.5723,1.66467,9.58386,-2.92045,7.24674,-2.21687,7.01963,0.0343437,1,0.1334
-2.38737,9.17598,-3.09372,1.49925,2,2.00029,-3.01403,7.27639,-1.91776,10.5995,1.66467,9.58386,-3.01403,7.27639,-2.3227,7.05034,0.000291109,1,-0.1334
-2.48727,9.17168,-3.1052,1.49925,2,1.966,-3.09202,7.301,-2.01564,10.6306,1.66467,9.58386,-3.09202,7.301,-2.41113,7.08029,-0.034,1,-0.4002
-2.58725,9.16989,3.13957,1.49925,2,1.93401,-3.18862,7.33175,-2.10055,10.6575,1.66467,9.58386,-3.18862,7.33175,-2.5194,7.10693,-0.0659899,1,-0.667
-2.68717,9.17327,3.07447,1.49925,2,1.90721,-3.27166,7.35783,-2.19928,10.6887,1.66467,9.58386,-3.27166,7.35783,-2.61091,7.14551,-0.0927919,1,-0.667
-2.78665,9.1833,3.00777,1.49925,2,1.88754,-3.35951,7.38478,-2.29751,10.719,1.66467,9.58386,-3.35951,7.38478,-2.70483,7.17443,-0.112455,1,-0.667
-2.88524,9.19993,2.94107,1.49925,2,1.87608,-3.38626,7.39199,-2.45176,10.7642,1.66467,9.58386,-3.38626,7.39199,-2.72635,7.18591,-0.123921,1,-0.667
-2.9825,9.2231,2.87437,1.49925,2,1.87659,-3.38262,7.38967,-2.63652,10.8085,1.66467,9.58386,-3.38262,7.38967,-2.70704,7.18285,-0.12341,1,-0.667
-3.078,9.25271,2.80767,1.49925,2,1.88901,-3.37782,7.38765,-2.82242,10.8425,1.66467,9.58386,-3.37782,7.38765,-2.67981,7.17858,-0.110995,1,-0.667
-3.17131,9.28861,2.74097,1.49925,2,1.91166,-3.36961,7.38726,-3.00663,10.8676,1.66467,9.58386,-3.36961,7.38726,-2.64361,7.17931,-0.0883369,1,-0.667
-3.26203,9.33065,2.67427,1.49925,2,1.94789,-3.35636,7.38504,-3.1869,10.8802,1.66467,9.58386,-3.35636,7.38504,-2.59227,7.17024,-0.0521109,1,-0.4002
-3.35029,9.37763,2.63238,1.49925,2,1.99374,-3.35641,7.3839,-3.34567,10.8831,1.66467,9.58386,-3.35641,7.3839,-2.55481,7.17101,-0.00625777,1,-0.1334
-3.4372,9.42709,2.61744,1.49925,2,2.04818,-3.33114,7.38166,-3.51234,10.8762,1.66467,9.58386,-3.33114,7.38166,-2.46695,7.13779,0.0481837,1,0.1334
-3.52396,9.47682,2.62758,1.49925,2,2.09892,-3.35749,7.38452,-3.63502,10.8727,1.66467,9.58386,-3.35749,7.38452,-2.45898,7.14524,0.0989184,1,0.4002
-3.61191,9.5244,2.66573,1.49925,2,2.15837,-3.35878,7.38092,-3.76917,10.856,1.66467,9.58386,-3.35878,7.38092,-2.40256,7.12353,0.158369,1,0.667
-3.70217,9.56739,2.7303,1.49925,2,2.21412,-3.37741,7.37722,-3.89067,10.8386,1.66467,9.58386,-3.37741,7.37722,-2.36235,7.09299,0.214121,1,0.667
-3.7951,9.60429,2.797,1.49925,2,2.26901,-3.39111,7.37153,-4.01414,10.8149,1.66467,9.58386,-3.39111,7.37153,-2.31855,7.07302,0.269012,1,0.667
-3.89028,9.63491,2.8637,1.49925,2,2.31949,-3.40495,7.36676,-4.13713,10.7886,1.66467,9.58386,-3.40495,7.36676,-2.25084,7.01915,0.319491,1,0.667
-3.98728,9.65911,2.9304,1.49925,2,2.36499,-3.41918,7.36337,-4.25975,10.7602,1.66467,9.58386,-3.41918,7.36337,-2.20579,7.00789,0.364987,1,0.667
-4.08569,9.6768,2.9971,1.49925,2,2.40497,-3.43406,7.36179,-4.38219,10.7301,1.66467,9.58386,-3.43406,7.36179,-2.13095,6.95859,0.404969,1,0.667
-4.18505,9.68789,3.0638,1.49925,2,2.44529,-3.44801,7.35632,-4.50273,10.6928,1.66467,9.58386,-3.44801,7.35632,-2.04576,6.90419,0.445288,1,0.667
-4.28494,9.69233,3.1305,1.49925,2,2.4915,-3.45883,7.34178,-4.61908,10.6431,1.66467,9.58386,-3.45883,7.34178,-1.9543,6.85134,0.491498,1,0.667
-4.38489,9.69011,-3.08599,1.49925,2,2.514,-3.47635,7.34602,-4.74096,10.6088,1.66467,9.58386,-3.47635,7.34602,-1.85807,6.80229,0.514,1,0.667
-4.48448,9.68123,-3.01929,1.49925,2,2.55487,-3.5271,7.31251,-4.83836,10.5568,1.66467,9.58386,-3.5271,7.31251,-1.85966,6.76683,0.554873,1,0.667
-4.58325,9.66573,-2.95259,1.49925,2,2.57028,-3.50396,7.33303,-4.97334,10.5088,1.66467,9.58386,-3.50396,7.33303,-1.59455,6.65914,0.570282,1,0.667
-4.68077,9.64368,-2.88589,1.49925,2,2.6071,-3.5522,7.29351,-5.06697,10.4479,1.66467,9.58386,-3.5522,7.29351,-1.6159,6.64764,0.607097,1,0.667
-4.77661,9.61518,-2.81919,1.49925,2,2.64911,-3.55452,7.2648,-5.16879,10.3695,1.66467,9.58386,-3.55452,7.2648,-1.44019,6.55495,0.64911,1,0.667
-4.87033,9.58035,-2.75249,1.49925,2,2.63763,-3.53981,7.30289,-5.30496,10.3243,1.66467,9.58386,-3.53981,7.30289,-0.930818,6.30901,0.637631,1,0.667
-4.96152,9.53936,-2.68579,1.49925,2,2.65411,-3.58997,7.26711,-5.39826,10.2629,1.66467,9.58386,-3.58997,7.26711,-1.00729,6.35048,0.654109,1,0.667
-5.04977,9.49238,-2.61909,1.49925,2,2.65436,-3.60655,7.26466,-5.50916,10.2015,1.66467,9.58386,-3.60655,7.26466,-0.53785,6.08464,0.654364,1,0.667
-5.1347,9.43963,-2.55239,1.49925,2,2.68064,-3.60641,7.23732,-5.60141,10.1122,1.66467,9.58386,-3.60641,7.23732,-0.165362,5.92879,0.680642,1,0.667
-5.21593,9.38133,-2.48569,1.49925,2,2.67423,-3.62222,7.23387,-5.7076,10.0438,1.66467,9.58386,-3.62222,7.23387,0.309005,5.7356,0.674226,1,0.667
-5.29309,9.31774,-2.41899,1.49925,2,2.66543,-3.63738,7.22892,-5.81104,9.97118,1.66467,9.58386,-3.63738,7.22892,1.39892,5.20113,0.66543,1,0.667
-5.36583,9.24916,-2.35229,1.49925,2,2.65527,-3.65113,7.22178,-5.91085,9.89356,1.66467,9.58386,-3.65113,7.22178,3.28733,4.2982,0.655271,1,0.667
-5.43385,9.17587,-2.28559,1.49925,2,2.65946,-3.65276,7.20092,-5.99627,9.79952,1.66467,9.58386,-3.65276,7.20092,-13.4705,18.0873,0.659458,1,0.667
-5.49683,9.09822,-2.21889,1.49925,2,2.64062,-3.66691,7.19446,-6.09185,9.71725,1.66467,9.58386,-3.66691,7.19446,-13.8127,17.7496,0.640622,1,0.667
-5.55449,9.01654,-2.15219,1.49925,2,2.62107,-3.67898,7.18558,-6.18288,9.63001,1.66467,9.58386,-3.67898,7.18558,-14.1411,17.3992,0.621066,1,0.667
-5.60658,8.9312,-2.08549,1.49925,2,2.62216,-3.70421,7.12657,-6.24291,9.53484,1.66467,9.58386,-3.70421,7.12657,-14.3125,17.1899,0.622164,1,0.667
-5.65287,8.84258,-2.01879,1.49925,2,2.57979,-3.69611,7.16139,-6.35028,9.44177,1.66467,9.58386,-3.69611,7.16139,-14.7548,16.6627,0.579791,1,0.4002
-5.69423,8.75155,-1.97717,1.49925,2,2.55801,-3.71428,7.13192,-6.42278,9.3475,1.66467,9.58386,-3.71428,7.13192,-14.9825,16.3494,0.558007,1,0.4002
-5.73191,8.65892,-1.93715,1.49925,2,2.52802,-3.7127,7.13786,-6.50767,9.2433,1.66467,9.58386,-3.7127,7.13786,-15.3167,15.8791,0.528017,1,0.1334
-5.76699,8.56528,-1.92247,1.49925,2,2.50583,-3.71809,7.12263,-6.57926,9.1372,1.66467,9.58386,-3.71809,7.12263,-15.5788,15.4739,0.505832,1,0.1334
-5.80081,8.47117,-1.90913,1.49925,2,2.48565,-3.72532,7.1034,-6.64715,9.02892,1.66467,9.58386,-3.72532,7.1034,-15.8207,15.0744,0.485648,1,0.1334
-5.83337,8.37662,-1.89579,1.49925,2,2.46197,-3.73692,7.08581,-6.71665,8.92047,1.66467,9.58386,-3.73692,7.08581,-16.0518,14.6682,0.46197,1,0.4002
-5.86359,8.2813,-1.85791,1.49925,2,2.44135,-3.73771,7.08097,-6.78479,8.80144,1.66467,9.58386,-3.73771,7.08097,-16.313,14.1813,0.441346,1,0.4002
-5.88998,8.18486,-1.81789,1.49925,2,2.42042,-3.7364,7.08009,-6.84988,8.67727,1.66467,9.58386,-3.7364,7.08009,-4.13515,6.22511,0.42042,1,0.667
-5.91139,8.08719,-1.75332,1.49925,2,2.39843,-3.74585,7.05623,-6.90532,8.56038,1.66467,9.58386,-3.74585,7.05623,-4.14266,6.22607,0.39843,1,0.667
-5.92625,7.98832,-1.68662,1.49925,2,2.37022,-3.78936,6.96282,-6.94413,8.47681,1.66467,9.58386,-3.78936,6.96282,-16.7449,13.1802,0.370221,1,0.667
-5.93449,7.88868,-1.61992,1.49925,2,2.33521,-3.85038,6.83525,-6.97336,8.41379,1.66467,9.58386,-3.85038,6.83525,-16.6441,13.302,0.335211,1,0.4002
-5.93717,7.78872,-1.5775,1.49925,2,2.29417,-3.88197,6.76922,-7.01672,8.32425,1.66467,9.58386,-3.88197,6.76922,-16.6872,13.1214,0.294172,1,0.1334
-5.93694,7.68872,-1.56176,1.49925,2,2.25017,-3.92288,6.68532,-7.05496,8.24572,1.66467,9.58386,-3.92288,6.68532,-16.6778,13.0398,0.250169,1,-0.1334
-5.93638,7.58873,-1.57163,1.49925,2,2.20561,-3.97201,6.58576,-7.08853,8.17699,1.66467,9.58386,-3.97201,6.58576,-16.6239,13.0456,0.205607,1,-0.4002
-5.93829,7.48875,-1.60978,1.49925,2,2.16334,-4.01476,6.49875,-7.1261,8.1001,1.66467,9.58386,-4.01476,6.49875,-16.608,12.9802,0.163339,1,-0.667
-5.94536,7.38902,-1.67488,1.49925,2,2.12592,-4.03401,6.45828,-7.18008,7.99027,1.66467,9.58386,-4.03401,6.45828,-16.7342,12.6427,0.125918,1,-0.4002
-5.95794,7.28982,-1.71704,1.49925,2,2.09441,-4.08161,6.35926,-7.2165,7.91401,1.66467,9.58386,-4.08161,6.35926,-3.74182,7.04206,0.0944073,1,-0.4002
-5.97448,7.19121,-1.75706,1.49925,2,2.06717,-4.11137,6.29567,-7.2652,7.81161,1.66467,9.58386,-4.11137,6.29567,-3.7822,6.97347,0.0671701,1,-0.4002
-5.99496,7.09333,-1.79708,1.49925,2,2.04421,-4.1571,6.19833,-7.30314,7.73039,1.66467,9.58386,-4.1571,6.19833,-3.83835,6.86799,0.0442059,1,-0.4002
-6.01934,6.99636,-1.8371,1.49925,2,2.02785,-4.1426,6.22825,-7.38111,7.55369,1.66467,9.58386,-4.1426,6.22825,-3.8203,6.90965,0.0278466,1,-0.4002
-6.04758,6.90043,-1.87712,1.49925,2,2.02073,-4.14336,6.2242,-7.44086,7.39521,1.66467,9.58386,-4.14336,6.2242,-3.82011,6.91789,0.0207319,1,-0.667
-6.08075,6.80611,-1.94222,1.49925,2,2.02562,-4.13636,6.23824,-7.49528,7.21924,1.66467,9.58386,-4.13636,6.23824,-3.81038,6.95369,0.0256202,1,-0.4002
-6.11899,6.71372,-1.9833,1.49925,2,2.03922,-4.13724,6.233,-7.53787,7.05791,1.66467,9.58386,-4.13724,6.233,-3.79424,6.97305,0.039221,1,-0.1334
-6.15984,6.62244,-1.99824,1.49925,2,2.05905,-4.13521,6.24753,-7.57596,6.88468,1.66467,9.58386,-4.13521,6.24753,-3.77856,7.02131,0.0590467,1,0.1334
-6.20087,6.53125,-1.98704,1.49925,2,2.08765,-4.13807,6.2101,-7.59566,6.7484,1.66467,9.58386,-4.13807,6.2101,-3.77658,7.00912,0.0876529,1,0.4002
-6.23967,6.43909,-1.94942,1.49925,2,2.11688,-4.13323,6.22908,-7.61522,6.57624,1.66467,9.58386,-4.13323,6.22908,-3.75376,7.07304,0.116885,1,0.667
-6.2737,6.34508,-1.88485,1.49925,2,2.15353,-4.12312,6.23259,-7.61759,6.41538,1.66467,9.58386,-4.12312,6.23259,-18.2573,6.97193,0.153526,1,0.667
-6.3014,6.24902,-1.81815,1.49925,2,2.16522,-4.13664,6.2047,-7.63515,6.27632,1.66467,9.58386,-4.13664,6.2047,-18.2989,6.49461,0.165221,1,0.667
-6.32264,6.15131,-1.75145,1.49925,2,2.1862,-4.13658,6.17607,-7.6356,6.13644,1.66467,9.58386,-4.13658,6.17607,-18.3219,6.01541,0.1862,1,0.667
-6.33731,6.05242,-1.68475,1.49925,2,2.22263,-4.11876,6.18696,-7.61159,5.97513,1.66467,9.58386,-4.11876,6.18696,0.449208,3.9088,0.222631,1,0.667
-6.34536,5.95276,-1.61805,1.49925,2,2.22164,-4.13319,6.15767,-7.61753,5.83492,1.66467,9.58386,-4.13319,6.15767,-0.555065,4.32433,0.22164,1,0.667
-6.34675,5.85279,-1.55135,1.49925,2,2.23985,-4.12414,6.13017,-7.59646,5.69682,1.66467,9.58386,-4.12414,6.13017,-0.837096,4.49069,0.23985,1,0.667
-6.34148,5.75294,-1.48465,1.49925,2,2.25479,-4.11405,6.10316,-7.57083,5.55965,1.66467,9.58386,-4.11405,6.10316,-1.37502,4.69144,0.254794,1,0.667
-6.32956,5.65368,-1.41795,1.49925,2,2.26697,-4.10242,6.0768,-7.54018,5.42368,1.66467,9.58386,-4.10242,6.0768,-1.55057,4.7901,0.266972,1,0.667
-6.31105,5.55542,-1.35125,1.49925,2,2.27675,-4.09794,6.08996,-7.49938,5.2684,1.66467,9.58386,-4.09794,6.08996,-2.04615,4.9999,0.276747,1,0.667
-6.28603,5.45862,-1.28455,1.49925,2,2.26935,-4.10902,6.09937,-7.46589,5.11136,1.66467,9.58386,-4.10902,6.09937,-2.39276,5.1454,0.269348,1,0.667
-6.25462,5.3637,-1.21785,1.49925,2,2.26459,-4.10359,6.07184,-7.42737,4.97763,1.66467,9.58386,-4.10359,6.07184,-2.4576,5.17946,0.264591,1,0.667
-6.21695,5.27109,-1.15115,1.49925,2,2.25633,-4.09729,6.04441,-7.3846,4.84509,1.66467,9.58386,-4.09729,6.04441,-2.61397,5.21094,0.256325,1,0.667
-6.17319,5.18119,-1.08445,1.49925,2,2.25256,-4.08268,6.0201,-7.3302,4.71689,1.66467,9.58386,-4.08268,6.0201,-2.66987,5.2341,0.252558,1,0.667
-6.12354,5.09441,-1.01775,1.49925,2,2.24663,-4.08225,6.03273,-7.26168,4.57124,1.66467,9.58386,-4.08225,6.03273,-2.79424,5.30894,0.246629,1,0.667
-6.06822,5.01113,-0.951054,1.49925,2,2.23688,-4.0665,6.00952,-7.19787,4.4477,1.66467,9.58386,-4.0665,6.00952,-2.84442,5.32203,0.236883,1,0.667
-6.00746,4.93173,-0.884354,1.49925,2,2.22343,-4.05034,5.98685,-7.13048,4.32628,1.66467,9.58386,-4.05034,5.98685,-2.89478,5.33213,0.223428,1,0.667
-5.94155,4.85655,-0.817654,1.49925,2,2.20629,-4.03378,5.96475,-7.05957,4.2071,1.66467,9.58386,-4.03378,5.96475,-2.94431,5.3394,0.206289,1,0.667
-5.87078,4.78592,-0.750954,1.49925,2,2.18566,-4.03718,5.97547,-6.97278,4.071,1.66467,9.58386,-4.03718,5.97547,-3.06717,5.38049,0.185658,1,0.667
-5.79545,4.72018,-0.684254,1.49925,2,2.16165,-4.02031,5.95371,-6.89389,3.95689,1.66467,9.58386,-4.02031,5.95371,-3.07619,5.38784,0.161649,1,0.667
-5.71591,4.6596,-0.617554,1.49925,2,2.13441,-4.00274,5.93268,-6.8114,3.84553,1.66467,9.58386,-4.00274,5.93268,-3.11491,5.38663,0.13441,1,0.667
-5.63252,4.60446,-0.550854,1.49925,2,2.10409,-4.00751,5.94107,-6.71001,3.71818,1.66467,9.58386,-4.00751,5.94107,-3.185,5.42045,0.104085,1,0.4002
-5.54622,4.55395,-0.5095,1.49925,2,2.07145,-4.00219,5.93484,-6.61048,3.60213,1.66467,9.58386,-4.00219,5.93484,-3.22348,5.43662,0.0714478,1,0.1334
-5.45853,4.50587,-0.494826,1.49925,2,2.0415,-3.98132,5.91498,-6.51334,3.49969,1.66467,9.58386,-3.98132,5.91498,-3.22972,5.43584,0.0415025,1,-0.1334
-5.37075,4.45798,-0.506032,1.49925,2,2.01551,-3.99634,5.93218,-6.38254,3.37272,1.66467,9.58386,-3.99634,5.93218,-3.28836,5.47391,0.0155077,1,-0.4002
-5.28412,4.40803,-0.54285,1.49925,2,1.99558,-3.99864,5.93442,-6.25274,3.25789,1.66467,9.58386,-3.99864,5.93442,-3.30455,5.50067,-0.0044179,1,-0.667
-5.20013,4.35379,-0.606615,1.49925,2,1.98554,-4.01195,5.94457,-6.10597,3.14102,1.66467,9.58386,-4.01195,5.94457,-3.34218,5.52577,-0.0144631,1,-0.667
-5.11994,4.29408,-0.673315,1.49925,2,1.98917,-4.01978,5.95132,-5.95513,3.03598,1.66467,9.58386,-4.01978,5.95132,-3.36352,5.5433,-0.0108341,1,-0.4002
-5.04311,4.23008,-0.714669,1.49925,2,2.00379,-3.98282,5.93036,-5.83443,2.96113,1.66467,9.58386,-3.98282,5.93036,-3.32849,5.52459,0.00379324,1,-0.1334
-4.96817,4.16386,-0.73041,1.49925,2,2.02212,-3.90112,5.88153,-5.74764,2.90914,1.66467,9.58386,-3.90112,5.88153,-3.23809,5.47471,0.0221202,1,0.1334
-4.89338,4.09749,-0.719205,1.49925,2,2.04103,-3.83584,5.84318,-5.64894,2.85028,1.66467,9.58386,-3.83584,5.84318,-3.16889,5.43477,0.0410299,1,0.4002
-4.81693,4.03304,-0.680519,1.49925,2,2.05725,-3.75764,5.79661,-5.55942,2.79689,1.66467,9.58386,-3.75764,5.79661,-3.09118,5.38177,0.0572536,1,0.667
-4.73727,3.97261,-0.615686,1.49925,2,2.06804,-3.63293,5.7211,-5.50154,2.76255,1.66467,9.58386,-3.63293,5.7211,-2.96072,5.29795,0.0680411,1,0.667
-4.65377,3.91762,-0.548986,1.49925,2,2.07156,-3.5421,5.66564,-5.41992,2.71292,1.66467,9.58386,-3.5421,5.66564,-2.86296,5.24495,0.0715587,1,0.667
-4.56679,3.86832,-0.482286,1.49925,2,2.06774,-3.45174,5.60966,-5.33874,2.66279,1.66467,9.58386,-3.45174,5.60966,-2.78048,5.18371,0.0677433,1,0.667
-4.47671,3.82493,-0.415586,1.49925,2,2.05668,-3.36225,5.55348,-5.25841,2.61251,1.66467,9.58386,-3.36225,5.55348,-2.69557,5.12798,0.0566754,1,0.667
-4.38395,3.78764,-0.348886,1.49925,2,2.03868,-3.2739,5.49762,-5.17921,2.56256,1.66467,9.58386,-3.2739,5.49762,-3.89546,5.90523,0.0386839,1,0.4002
-4.28912,3.75592,-0.30193,1.49925,2,2.01384,-3.15429,5.41955,-5.12618,2.52881,1.66467,9.58386,-3.15429,5.41955,-3.76054,5.82972,0.0138354,1,0.1334
-4.19332,3.72726,-0.28352,1.49925,2,1.98571,-3.10472,5.38798,-5.02306,2.46143,1.66467,9.58386,-3.10472,5.38798,-2.47537,4.96424,-0.0142889,1,-0.1334
-4.09745,3.69882,-0.294993,1.49925,2,1.95811,-3.00527,5.32403,-4.95706,2.41968,1.66467,9.58386,-3.00527,5.32403,-3.59621,5.72391,-0.0418937,1,-0.4002
-4.00233,3.66798,-0.333412,1.49925,2,1.93187,-2.94724,5.28629,-4.85835,2.35501,1.66467,9.58386,-2.94724,5.28629,-2.33356,4.87582,-0.0681269,1,-0.667
-3.90892,3.63232,-0.397978,1.49925,2,1.91091,-2.84582,5.22021,-4.79257,2.31248,1.66467,9.58386,-2.84582,5.22021,-3.42649,5.59606,-0.089088,1,-0.667
-3.8181,3.59052,-0.464678,1.49925,2,1.89734,-2.79519,5.18851,-4.68173,2.24135,1.66467,9.58386,-2.79519,5.18851,-2.189,4.79054,-0.102663,1,-0.667
-3.73026,3.54276,-0.531378,1.49925,2,1.89079,-2.71585,5.1384,-4.5932,2.18538,1.66467,9.58386,-2.71585,5.1384,-3.29671,5.50718,-0.10921,1,-0.667
-3.6458,3.48925,-0.598078,1.49925,2,1.89182,-2.63581,5.08891,-4.50397,2.13006,1.66467,9.58386,-2.63581,5.08891,-3.21887,5.45269,-0.108184,1,-0.667
-3.5651,3.43023,-0.664778,1.49925,2,1.89999,-2.55575,5.03995,-4.41469,2.07531,1.66467,9.58386,-2.55575,5.03995,-3.14154,5.40779,-0.100008,1,-0.667
-3.48851,3.36597,-0.731478,1.49925,2,1.91538,-2.47605,4.99188,-4.32574,2.02146,1.66467,9.58386,-2.47605,4.99188,-3.06795,5.35979,-0.0846238,1,-0.667
-3.41637,3.29674,-0.798178,1.49925,2,1.93806,-2.39704,4.94509,-4.23748,1.96893,1.66467,9.58386,-2.39704,4.94509,-2.99823,5.31013,-0.0619366,1,-0.4002
-3.34817,3.22361,-0.840332,1.49925,2,1.9647,-2.30275,4.88709,-4.16471,1.92434,1.66467,9.58386,-2.30275,4.88709,-2.91164,5.25163,-0.0352983,1,-0.1334
-3.28207,3.14858,-0.855273,1.49925,2,1.99613,-2.28389,4.87722,-4.03371,1.84689,1.66467,9.58386,-2.28389,4.87722,-1.62772,4.48807,-0.00386941,1,0.1334
-3.2161,3.07343,-0.8438,1.49925,2,2.02811,-2.19145,4.82366,-3.95936,1.80385,1.66467,9.58386,-2.19145,4.82366,-1.52493,4.42606,0.0281081,1,0.4002
-3.14831,2.99992,-0.805915,1.49925,2,2.05782,-2.08305,4.76056,-3.89448,1.76666,1.66467,9.58386,-2.08305,4.76056,-2.7233,5.15116,0.0578203,1,0.667
-3.07684,2.93001,-0.741082,1.49925,2,2.08228,-1.99005,4.70618,-3.81638,1.72134,1.66467,9.58386,-1.99005,4.70618,-2.63677,5.10055,0.0822833,1,0.667
-3.00087,2.86501,-0.674382,1.49925,2,2.09959,-1.89948,4.65253,-3.73509,1.67338,1.66467,9.58386,-1.89948,4.65253,-2.54995,5.05408,0.0995879,1,0.667
-2.92073,2.80522,-0.607682,1.49925,2,2.10961,-1.77739,4.57813,-3.67388,1.63736,1.66467,9.58386,-1.77739,4.57813,-2.42542,4.9822,0.109606,1,0.667
-2.83679,2.7509,-0.540982,1.49925,2,2.11216,-1.71764,4.54218,-3.57176,1.57453,1.66467,9.58386,-1.71764,4.54218,-2.36911,4.95192,0.112157,1,0.667
-2.74942,2.7023,-0.474282,1.49925,2,2.10745,-1.59624,4.46625,-3.511,1.53735,1.66467,9.58386,-1.59624,4.46625,-2.24051,4.8764,0.107451,1,0.667
-2.659,2.65963,-0.407582,1.49925,2,2.09557,-1.50687,4.41006,-3.43073,1.48714,1.66467,9.58386,-1.50687,4.41006,-2.14371,4.83049,0.0955749,1,0.667
-2.56594,2.62308,-0.340882,1.49925,2,2.07654,-1.41887,4.35405,-3.35183,1.43713,1.66467,9.58386,-1.41887,4.35405,-2.04922,4.7702,0.0765438,1,0.4002
-2.47101,2.59166,-0.299528,1.49925,2,2.05023,-1.31974,4.28813,-3.28468,1.39266,1.66467,9.58386,-1.31974,4.28813,-1.9371,4.70756,0.0502274,1,0.1334
-2.37522,2.56294,-0.284588,1.49925,2,2.02196,-1.23563,4.23316,-3.20784,1.34264,1.66467,9.58386,-1.23563,4.23316,-1.84316,4.64943,0.0219557,1,-0.1334
-2.2794,2.53435,-0.296594,1.49925,2,1.99349,-1.16483,4.18715,-3.12127,1.28593,1.66467,9.58386,-1.16483,4.18715,-0.534889,3.75616,-0.00651228,1,-0.4002
-2.18432,2.50339,-0.334746,1.49925,2,1.96738,-1.10764,4.15001,-3.02266,1.22128,1.66467,9.58386,-1.10764,4.15001,-0.486686,3.72868,-0.0326177,1,-0.667
-2.09097,2.46758,-0.399578,1.49925,2,1.94662,-1.00541,4.08341,-2.95681,1.1788,1.66467,9.58386,-1.00541,4.08341,-1.59599,4.46854,-0.0533755,1,-0.667
-2.00021,2.42564,-0.466278,1.49925,2,1.93315,-0.955395,4.05211,-2.84665,1.10798,1.66467,9.58386,-0.955395,4.05211,-0.339803,3.64462,-0.0668523,1,-0.667
-1.91245,2.37774,-0.532978,1.49925,2,1.9268,-0.876117,4.00211,-2.7582,1.0521,1.66467,9.58386,-0.876117,4.00211,-1.46715,4.38017,-0.0731983,1,-0.667
-1.82808,2.32409,-0.599678,1.49925,2,1.92798,-0.796174,3.95268,-2.66906,0.996829,1.66467,9.58386,-0.796174,3.95268,-1.38975,4.32451,-0.0720162,1,-0.667
-1.74747,2.26494,-0.666378,1.49925,2,1.93635,-0.716185,3.90382,-2.57986,0.942149,1.66467,9.58386,-0.716185,3.90382,-1.31285,4.27842,-0.063651,1,-0.667
-1.67098,2.20056,-0.733078,1.49925,2,1.94909,-0.580999,3.81637,-2.53788,0.915448,-2.53788,0.915448,-0.580999,3.81637,-1.17482,4.19018,-0.0509139,2,-0.4002
-1.59812,2.13208,-0.774432,1.49925,2,1.96856,-0.573308,3.81284,-2.39498,0.825158,-2.53788,0.915448,-0.573308,3.81284,-1.18475,4.18737,-0.0314448,1,-0.1334
-1.5272,2.06158,-0.789106,1.49925,2,1.99337,-0.494204,3.7664,-2.30757,0.77367,-2.53788,0.915448,-0.494204,3.7664,-1.11372,4.14736,-0.00663352,1,0.1334
-1.45639,1.99097,-0.777367,1.49925,2,2.01842,-0.430749,3.72938,-2.20886,0.715564,-2.53788,0.915448,-0.430749,3.72938,0.23429,3.33387,0.0184183,1,0.4002
-1.38383,1.92216,-0.738948,1.49925,2,2.041,-0.322315,3.66539,-2.14226,0.676658,-2.53788,0.915448,-0.322315,3.66539,-0.955928,4.05611,0.041002,1,0.667
-1.30783,1.8572,-0.673849,1.49925,2,2.05821,-0.229085,3.61007,-2.0631,0.629943,-2.53788,0.915448,-0.229085,3.61007,-0.866233,4.00679,0.0582051,1,0.667
-1.22766,1.79746,-0.607149,1.49925,2,2.06817,-0.107704,3.53614,-2.00262,0.594364,-2.53788,0.915448,-0.107704,3.53614,-0.742451,3.93532,0.0681708,1,0.667
-1.14369,1.74318,-0.540449,1.49925,2,2.07068,-0.0474514,3.49988,-1.89999,0.531236,-2.53788,0.915448,-0.0474514,3.49988,-0.685612,3.90466,0.0706849,1,0.667
-1.05629,1.69463,-0.473749,1.49925,2,2.06593,0.0732422,3.42443,-1.83995,0.494507,-2.53788,0.915448,0.0732422,3.42443,-0.557258,3.83167,0.0659282,1,0.667
-0.965851,1.65201,-0.407049,1.49925,2,2.054,0.16251,3.36831,-1.7598,0.444363,-2.53788,0.915448,0.16251,3.36831,-0.461834,3.78044,0.0539987,1,0.667
-0.87277,1.61551,-0.340349,1.49925,2,2.03492,0.250397,3.31238,-1.681,0.39443,-2.53788,0.915448,0.250397,3.31238,-0.367444,3.72023,0.0349178,1,0.4002
-0.777799,1.58421,-0.298194,1.49925,2,2.00981,0.319332,3.26815,-1.59087,0.336272,-2.53788,0.915448,0.319332,3.26815,0.96153,2.84395,0.00980711,1,0.1334
-0.681975,1.55562,-0.283254,1.49925,2,1.98208,0.432958,3.19439,-1.5354,0.301235,-2.53788,0.915448,0.432958,3.19439,-0.163389,3.60064,-0.0179226,1,-0.1334
-0.586112,1.52716,-0.29526,1.49925,2,1.95347,0.503915,3.14823,-1.44865,0.244401,-2.53788,0.915448,0.503915,3.14823,-0.0854676,3.54756,-0.0465306,1,-0.4002
-0.490991,1.49632,-0.333412,1.49925,2,1.92725,0.561578,3.11076,-1.34954,0.179483,-2.53788,0.915448,0.561578,3.11076,1.1738,2.70129,-0.0727452,1,-0.667
-0.397613,1.46059,-0.398778,1.49925,2,1.90639,0.664242,3.04388,-1.28483,0.137699,-2.53788,0.915448,0.664242,3.04388,0.0851982,3.4191,-0.0936114,1,-0.667
-0.306822,1.41872,-0.465478,1.49925,2,1.89286,0.714947,3.01212,-1.17395,0.0664757,-2.53788,0.915448,0.714947,3.01212,0.135042,3.38421,-0.107136,1,-0.667
-0.219024,1.37089,-0.532178,1.49925,2,1.88642,0.794321,2.96203,-1.0854,0.0105203,-2.53788,0.915448,0.794321,2.96203,0.215052,3.33022,-0.113576,1,-0.667
-0.134609,1.31731,-0.598878,1.49925,2,1.88754,0.874373,2.91254,-0.996148,-0.0448052,-2.53788,0.915448,0.874373,2.91254,0.29307,3.27663,-0.112462,1,-0.667
-0.0539523,1.25823,-0.665578,1.49925,2,1.89582,0.954462,2.8636,-0.906843,-0.0995535,-2.53788,0.915448,0.954462,2.8636,0.370115,3.23045,-0.104183,1,-0.667
0.0225868,1.1939,-0.732278,1.49925,2,1.91129,1.03419,2.81553,-0.817885,-0.153404,-2.53788,0.915448,1.03419,2.81553,0.4437,3.18249,-0.0887122,1,-0.667
0.0946681,1.12462,-0.798978,1.49925,2,1.93389,1.14166,2.75058,-0.752797,-0.191492,-0.752797,-0.191492,1.14166,2.75058,0.545098,3.11069,-0.0661052,2,-0.4002
0.162828,1.05145,-0.840866,1.49925,2,1.96175,1.17843,2.72985,-0.63314,-0.263976,-0.752797,-0.191492,1.17843,2.72985,0.566864,3.09607,-0.0382531,1,-0.1334
0.228875,0.976369,-0.856073,1.49925,2,1.99355,1.22714,2.70198,-0.525099,-0.32695,-0.752797,-0.191492,1.22714,2.70198,1.88272,2.31326,-0.00644517,1,0.1334
0.29482,0.901195,-0.844067,1.49925,2,2.02558,1.31866,2.64897,-0.450055,-0.370364,-0.752797,-0.191492,1.31866,2.64897,1.98372,2.25128,0.0255814,1,0.4002
0.362645,0.827721,-0.805381,1.49925,2,2.05523,1.42563,2.58671,-0.384211,-0.408157,-0.752797,-0.191492,1.42563,2.58671,0.785799,2.97561,0.0552318,1,0.667
0.434173,0.757863,-0.740282,1.49925,2,2.07962,1.51815,2.53264,-0.305788,-0.453666,-0.752797,-0.191492,1.51815,2.53264,0.871807,2.92532,0.079622,1,0.667
0.510195,0.692925,-0.673582,1.49925,2,2.09684,1.60871,2.47898,-0.224516,-0.501632,-0.752797,-0.191492,1.60871,2.47898,0.958642,2.87884,0.0968359,1,0.667
0.590376,0.633198,-0.606882,1.49925,2,2.10676,1.73076,2.40463,-0.163373,-0.537652,-0.752797,-0.191492,1.73076,2.40463,1.08312,2.80697,0.106761,1,0.667
0.674359,0.578948,-0.540182,1.49925,2,2.10925,1.79054,2.36866,-0.0612061,-0.600478,-0.752797,-0.191492,1.79054,2.36866,1.1395,2.77665,0.10925,1,0.667
0.761772,0.530416,-0.473482,1.49925,2,2.10444,1.91189,2.29277,-0.000519205,-0.637658,-0.752797,-0.191492,1.91189,2.29277,1.26837,2.70248,0.104444,1,0.667
0.852224,0.487818,-0.406782,1.49925,2,2.09247,2.00125,2.23658,0.0797256,-0.687885,-0.752797,-0.191492,2.00125,2.23658,1.36518,2.65659,0.0924702,1,0.667
0.945315,0.451343,-0.340082,1.49925,2,2.0725,2.08877,2.17987,0.158144,-0.738602,-0.752797,-0.191492,2.08877,2.17987,1.45969,2.59628,0.0725031,1,0.667
1.04063,0.421154,-0.273382,1.49925,2,2.0464,2.17499,2.12438,0.235288,-0.78806,-0.752797,-0.191492,2.17499,2.12438,2.82648,1.6873,0.0463996,1,0.4002
1.13746,0.396215,-0.232028,1.49925,2,2.01415,2.27232,2.06021,0.30069,-0.830708,-0.752797,-0.191492,2.27232,2.06021,1.66594,2.47036,0.0141478,1,0.1334
1.23497,0.374045,-0.21682,1.49925,2,1.97896,2.35368,2.00646,0.375555,-0.880022,-0.752797,-0.191492,2.35368,2.00646,1.75907,2.41187,-0.021041,1,-0.1334
1.33252,0.352009,-0.228826,1.49925,2,1.94339,2.42236,1.96105,0.459996,-0.936168,-0.752797,-0.191492,2.42236,1.96105,1.83684,2.35819,-0.0566062,1,-0.4002
1.42947,0.327558,-0.266979,1.49925,2,1.91025,2.50586,1.90567,0.534101,-0.985162,-0.752797,-0.191492,2.50586,1.90567,1.9298,2.29086,-0.0897503,1,-0.667
1.52503,0.298152,-0.331811,1.49925,2,1.88218,2.55046,1.87648,0.644041,-1.05786,-0.752797,-0.191492,2.55046,1.87648,3.1501,1.47833,-0.117819,1,-0.667
1.61842,0.262448,-0.398511,1.49925,2,1.86121,2.6547,1.80848,0.706397,-1.09821,-0.752797,-0.191492,2.6547,1.80848,2.08951,2.17561,-0.138794,1,-0.667
1.70922,0.2206,-0.465211,1.49925,2,1.84767,2.70618,1.77622,0.818071,-1.16993,-0.752797,-0.191492,2.70618,1.77622,2.14024,2.14024,-0.152329,1,-0.667
1.79703,0.172793,-0.531911,1.49925,2,1.84122,2.78568,1.72607,0.90675,-1.22594,-0.752797,-0.191492,2.78568,1.72607,2.22041,2.08624,-0.158782,1,-0.667
1.88146,0.119239,-0.598611,1.49925,2,1.84231,2.86585,1.67651,0.996123,-1.28134,-0.752797,-0.191492,2.86585,1.67651,2.29841,2.03185,-0.157688,1,-0.667
1.96214,0.060177,-0.665311,1.49925,2,1.8537,2.94773,1.63015,1.08722,-1.3335,-0.752797,-0.191492,2.94773,1.63015,2.3756,1.98557,-0.146295,1,-0.667
2.03869,-0.00413036,-0.732011,1.49925,2,1.86917,3.02758,1.58203,1.1763,-1.3874,-0.752797,-0.191492,3.02758,1.58203,2.44934,1.93759,-0.130833,1,-0.667
2.11079,-0.0733973,-0.798711,1.49925,2,1.89191,3.07848,1.5523,1.28866,-1.45457,-0.752797,-0.191492,3.07848,1.5523,3.69422,1.1743,-0.108093,1,-0.667
2.17812,-0.147316,-0.865411,1.49925,2,1.92125,3.15567,1.50665,1.37522,-1.50578,-0.752797,-0.191492,3.15567,1.50665,2.55401,1.86425,-0.0787455,1,-0.4002
2.24129,-0.224827,-0.907032,1.49925,2,1.95679,3.21877,1.47033,1.47077,-1.56105,-0.752797,-0.191492,3.21877,1.47033,3.86662,1.09278,-0.0432097,1,-0.1334
2.30219,-0.304143,-0.922773,1.49925,2,1.99557,3.32613,1.4087,1.53063,-1.59479,-0.752797,-0.191492,3.32613,1.4087,2.70125,1.77377,-0.00443447,1,0.1334
2.3629,-0.383605,-0.911834,1.49925,2,2.03434,3.38757,1.37383,1.62504,-1.64912,-0.752797,-0.191492,3.38757,1.37383,2.74818,1.74823,0.0343404,1,0.4002
2.42555,-0.461535,-0.873682,1.49925,2,2.07122,3.46299,1.33114,1.71028,-1.69751,-0.752797,-0.191492,3.46299,1.33114,4.14564,0.928462,0.0712237,1,0.667
2.49213,-0.536128,-0.80885,1.49925,2,2.10276,3.58592,1.25976,1.76571,-1.72882,-0.752797,-0.191492,3.58592,1.25976,2.93176,1.65533,0.102761,1,0.667
2.56352,-0.606122,-0.74215,1.49925,2,2.12738,3.67577,1.20734,1.84627,-1.77556,-0.752797,-0.191492,3.67577,1.20734,3.01485,1.60783,0.12738,1,0.667
2.63942,-0.671203,-0.67545,1.49925,2,2.14315,3.7656,1.1522,1.92681,-1.82498,-0.752797,-0.191492,3.7656,1.1522,3.10179,1.56139,0.143146,1,0.667
2.71949,-0.731079,-0.60875,1.49925,2,2.15327,3.85669,1.0974,2.00864,-1.87404,-0.752797,-0.191492,3.85669,1.0974,4.55309,0.656722,0.153271,1,0.667
2.80337,-0.785486,-0.54205,1.49925,2,2.15592,3.94766,1.0417,2.09038,-1.92398,-0.752797,-0.191492,3.94766,1.0417,3.28285,1.45924,0.155924,1,0.667
2.89069,-0.834181,-0.47535,1.49925,2,2.15133,4.0698,0.965245,2.15192,-1.96161,-0.752797,-0.191492,4.0698,0.965245,3.41277,1.38549,0.151335,1,0.667
2.98107,-0.876948,-0.40865,1.49925,2,2.13958,4.1593,0.908983,2.23231,-2.01189,-0.752797,-0.191492,4.1593,0.908983,3.50973,1.33976,0.139575,1,0.667
3.07409,-0.913597,-0.34195,1.49925,2,2.12067,4.24742,0.85291,2.31135,-2.06195,-0.752797,-0.191492,4.24742,0.85291,3.60433,1.27941,0.12067,1,0.667
3.16935,-0.943963,-0.27525,1.49925,2,2.09467,4.33371,0.797266,2.38858,-2.11155,-0.752797,-0.191492,4.33371,0.797266,5.00029,0.349024,0.0946665,1,0.667
3.26642,-0.967914,-0.20855,1.49925,2,2.06173,4.4178,0.742357,2.46362,-2.16039,-0.752797,-0.191492,4.4178,0.742357,3.79641,1.16583,0.0617263,1,0.4002
3.36467,-0.986502,-0.166929,1.49925,2,2.02293,4.51234,0.67936,2.5271,-2.20223,-0.752797,-0.191492,4.51234,0.67936,3.90681,1.10013,0.022933,1,0.1334
3.46342,-1.00226,-0.151454,1.49925,2,1.98106,4.59057,0.626899,2.59963,-2.25076,-0.752797,-0.191492,4.59057,0.626899,3.99878,1.04164,-0.018936,1,-0.1334
3.56221,-1.01775,-0.162126,1.49925,2,1.93813,4.68188,0.564239,2.66034,-2.29201,-0.752797,-0.191492,4.68188,0.564239,4.10525,0.968713,-0.0618668,1,-0.4002
3.66059,-1.03564,-0.199745,1.49925,2,1.89787,4.73404,0.52948,2.75483,-2.35625,-0.752797,-0.191492,4.73404,0.52948,4.16477,0.921683,-0.102131,1,-0.667
3.75791,-1.05856,-0.264578,1.49925,2,1.86277,4.80385,0.482849,2.83903,-2.41271,-0.752797,-0.191492,4.80385,0.482849,4.24184,0.859651,-0.137225,1,-0.667
3.85349,-1.08791,-0.331278,1.49925,2,1.83461,4.87888,0.433396,2.92309,-2.46826,-0.752797,-0.191492,4.87888,0.433396,4.325,0.805922,-0.165387,1,-0.667
3.94689,-1.12356,-0.397978,1.49925,2,1.8136,4.95586,0.383464,3.00911,-2.52427,-0.752797,-0.191492,4.95586,0.383464,4.40527,0.742256,-0.186404,1,-0.667
4.03772,-1.16536,-0.464678,1.49925,2,1.80003,5.00816,0.350669,3.12162,-2.59649,-0.752797,-0.191492,5.00816,0.350669,5.58311,-0.0270057,-0.19997,1,-0.667
4.12555,-1.21312,-0.531378,1.49925,2,1.79351,5.08778,0.300423,3.21042,-2.65259,-0.752797,-0.191492,5.08778,0.300423,4.53727,0.652334,-0.206486,1,-0.667
4.21001,-1.26663,-0.598078,1.49925,2,1.79456,5.16808,0.250786,3.29993,-2.70806,-0.752797,-0.191492,5.16808,0.250786,4.61523,0.596965,-0.205441,1,-0.667
4.29072,-1.32565,-0.664778,1.49925,2,1.80276,5.24841,0.201689,3.38948,-2.76296,-0.752797,-0.191492,5.24841,0.201689,4.69257,0.550571,-0.197242,1,-0.667
4.36731,-1.38992,-0.731478,1.49925,2,1.81816,5.32838,0.153472,3.47869,-2.81695,-0.752797,-0.191492,5.32838,0.153472,4.76649,0.50259,-0.181838,1,-0.667
4.43944,-1.45914,-0.798178,1.49925,2,1.84013,5.46129,0.0711831,3.51811,-2.83894,3.51811,-2.83894,5.46129,0.0711831,4.89806,0.417576,-0.15987,2,-0.667
4.50681,-1.53303,-0.864878,1.49925,2,1.86785,5.45633,0.0754737,3.67748,-2.93791,3.51811,-2.83894,5.45633,0.0754737,6.07182,-0.290568,-0.13215,1,-0.667
4.56909,-1.61123,-0.931578,1.49925,2,1.90419,5.53198,0.0315634,3.76252,-2.98734,3.51811,-2.83894,5.53198,0.0315634,6.15761,-0.34203,-0.0958124,1,-0.4002
